city_name,city_id_name,num
北京,上海,0.140794524
北京,杭州,0.04288817808
北京,苏州,0.02902533264
上海,苏州,1.78178772168
上海,杭州,0.41937024564
上海,北京,0.1193097632399999
苏州,上海,1.9489248324
苏州,杭州,0.1488189995999999
苏州,北京,0.0241624943999999
杭州,上海,0.39148217568
杭州,苏州,0.14049158724
杭州,北京,0.0363068146799999
西安,宝鸡,0.144718893
宝鸡,西安,0.11328790896
兰州,定西,0.03579876
