city_name,city_id_name,num
北京,天津,0.2023233487199999
北京,廊坊,0.1182210713999999
北京,保定,0.10138289832
北京,天津,0.2023956428399999
天津,廊坊,0.0643205464199999
北京,保定,0.11192188365
北京,张家口,0.0610847616599999
北京,廊坊,0.12967273961999995
天津,廊坊,0.06371608553999995
