city_name,city_id_name,num
北京,廊坊,0.600946533
北京,天津,0.2320185918599999
北京,保定,0.1276504757999999
北京,张家口,0.0617126785199999
北京,天津,0.2695167966599999
天津,廊坊,0.1890195102
北京,保定,0.14745468905999998
保定,廊坊,0.06869280006
石家庄,保定,0.0488400791399999
天津,保定,0.04037711004
北京,张家口,0.0714373748999999
北京,廊坊,0.6958168069499999
天津,廊坊,0.18377497889999994
保定,廊坊,0.06439407335999996
