city_name,city_id_name,num
北京,廊坊,0.5519827377
北京,天津,0.3018453757199999
北京,保定,0.1189016495999999
北京,天津,0.35596317590999993
天津,廊坊,0.1908902278799999
北京,保定,0.13892805476999995
保定,廊坊,0.0532465034399999
天津,保定,0.04212713124
北京,张家口,0.0818612373599999
北京,廊坊,0.62528295384
天津,廊坊,0.18346594202999988
保定,廊坊,0.05083081289999995
