city_name,city_id_name,num
北京,廊坊,0.7636301486999999
北京,天津,0.23992820784
北京,保定,0.15603241896
北京,张家口,0.0738225495
天津,廊坊,0.20993930244
北京,天津,0.22051504962000001
石家庄,保定,0.0586922241599999
北京,保定,0.16212311189999995
保定,廊坊,0.07882798014
石家庄,保定,0.0669979082699999
天津,保定,0.0508511358
北京,张家口,0.08184210758999999
北京,廊坊,0.6035572472399999
天津,廊坊,0.20302792073999995
保定,廊坊,0.07464699342
