city_name,city_id_name,num
北京,廊坊,0.62714676708
北京,天津,0.2533568074199999
北京,保定,0.3383137611
北京,张家口,0.15854491584
北京,天津,0.30547107260999995
天津,廊坊,0.1748827745999999
北京,石家庄,0.0928033151399999
石家庄,保定,0.14705742456
北京,保定,0.45180569691
石家庄,保定,0.17477693757
保定,廊坊,0.08685996768
天津,保定,0.09084938454
北京,张家口,0.21163714263
北京,廊坊,0.72047208267
天津,廊坊,0.1742051075399999
保定,廊坊,0.0773665992
北京,大同,0.06798232962
北京,济南,0.045594657
