city_name,city_id_name,num
北京,廊坊,1.1930833423800002
北京,保定,0.532853235
北京,天津,0.4673610300599999
北京,张家口,0.22157616258
北京,石家庄,0.13988391876
北京,济南,0.07413802992
大同,北京,0.0409236786
北京,天津,0.4655073094199999
天津,廊坊,0.34437269394
天津,保定,0.1041702654599999
天津,石家庄,0.06335338536
石家庄,保定,0.27759009096
北京,石家庄,0.13286034719999995
天津,石家庄,0.05701777596
石家庄,廊坊,0.04124559528
北京,保定,0.51606644508
石家庄,保定,0.27972331182
保定,廊坊,0.1590990092999999
天津,保定,0.09943257707999989
北京,张家口,0.22219402409999994
北京,廊坊,1.1338135849800002
天津,廊坊,0.33699780107999994
保定,廊坊,0.1591596637199999
石家庄,廊坊,0.04102770527999995
北京,济南,0.07241224716
