city_name,city_id_name,num
北京,廊坊,0.6209407512
北京,天津,0.19002142674
北京,保定,0.17930005128
北京,张家口,0.0886459593599999
北京,天津,0.20089541106
天津,廊坊,0.19824396192
石家庄,保定,0.07078997268
北京,保定,0.21216754521
保定,廊坊,0.08254494864
石家庄,保定,0.07734525731999994
天津,保定,0.05330338974
北京,张家口,0.10622906270999996
北京,廊坊,0.62612839458
天津,廊坊,0.19348840656
保定,廊坊,0.07689091373999996
