city_name,city_id_name,num
北京,廊坊,1.01269932156
北京,保定,0.4332812795999999
北京,天津,0.3566217196799999
北京,张家口,0.1661342821199999
北京,石家庄,0.1068306537599999
北京,济南,0.0519217516799999
北京,天津,0.3796408034999999
天津,廊坊,0.3435986789999999
天津,保定,0.11321458776
天津,石家庄,0.0601793226
张家口,天津,0.04299340356
石家庄,保定,0.2806823210399999
北京,石家庄,0.1120174158599999
天津,石家庄,0.05662495512
廊坊,石家庄,0.04348344546
北京,保定,0.4502784005999999
石家庄,保定,0.27155922866999993
保定,廊坊,0.16973012484
天津,保定,0.11105006606999995
北京,张家口,0.1681345511999999
北京,廊坊,1.02317467248
天津,廊坊,0.3389474362499999
保定,廊坊,0.17363461967999994
北京,济南,0.055246049189999896
