city_name,city_id_name,num
北京,廊坊,0.40287292704
北京,天津,0.1802955963599999
北京,保定,0.1029719984399999
北京,天津,0.1863841031099999
天津,廊坊,0.16817597784
北京,保定,0.11777244803999995
保定,廊坊,0.0499811698799999
北京,张家口,0.06516972288
北京,廊坊,0.41765433110999994
天津,廊坊,0.16624073312999993
保定,廊坊,0.0482998415399999
