city_name,city_id_name,num
北京,廊坊,1.15422908256
北京,保定,0.552106368
北京,天津,0.4659276816
北京,张家口,0.2471583974399999
北京,石家庄,0.1488402604799999
北京,济南,0.0761706374399999
大同,北京,0.0562539167999999
北京,天津,0.44105203728
天津,廊坊,0.3329021592
天津,保定,0.1046564452799999
天津,石家庄,0.0629186097599999
石家庄,保定,0.28869307524
北京,石家庄,0.13208392007999992
天津,石家庄,0.05760812825999995
石家庄,廊坊,0.043541064
北京,保定,0.527484798
石家庄,保定,0.29049963605999995
保定,廊坊,0.15733135764
天津,保定,0.10006115489999985
张家口,保定,0.0421684120799999
北京,张家口,0.23883898625999989
北京,廊坊,1.1361938825699998
天津,廊坊,0.32335325549999994
保定,廊坊,0.15769048571999994
石家庄,廊坊,0.044749328039999994
北京,济南,0.07106784479999989
