city_name,city_id_name,num
廊坊,北京,1.06127274708
天津,北京,0.15296647824
廊坊,天津,0.3580372108799999
北京,天津,0.14212164096
白城,兴安盟,0.05745849048
北京,廊坊,0.68870385432
天津,廊坊,0.3215260331999998
哈尔滨,长春,0.10347531948
白城,长春,0.0885267273599998
长春,白城,0.07824413376
兴安盟,白城,0.05059673424
绥化,哈尔滨,0.45185505264
大庆,哈尔滨,0.1595477736
长春,哈尔滨,0.093561966
黑河,哈尔滨,0.0766223258399999
绥化,大庆,0.22062857436
哈尔滨,大庆,0.15082323444
哈尔滨,黑河,0.0642131712
哈尔滨,绥化,0.4030909272
大庆,绥化,0.21421646532
