city_name,city_id_name,num
廊坊,北京,1.0786066271999997
天津,北京,0.2211789888
北京,天津,0.3182324824799998
廊坊,天津,0.2830583232
白城,兴安盟,0.0531457038
北京,廊坊,1.333908972
天津,廊坊,0.269487405
白城,长春,0.09746406
哈尔滨,长春,0.0955147788
长春,白城,0.07171084872
兴安盟,白城,0.0524415124799999
绥化,哈尔滨,0.4599417427199999
大庆,哈尔滨,0.1838548044
长春,哈尔滨,0.09365421528
黑河,哈尔滨,0.0776050113599999
绥化,大庆,0.2223113234399999
哈尔滨,大庆,0.15215923872
哈尔滨,黑河,0.05649025536
哈尔滨,绥化,0.4028259113999999
大庆,绥化,0.222380235
