city_name,city_id_name,num
北京,廊坊,0.27297261792
北京,保定,0.12187550304
北京,天津,0.10797741936
天津,北京,0.14626737648
天津,廊坊,0.0682926876
天津,唐山,0.05809200768
天津,沧州,0.0462488454
石家庄,保定,0.10045644624
石家庄,邯郸,0.0638715294
石家庄,北京,0.05830992684
石家庄,衡水,0.04362382008
石家庄,沧州,0.041277519
唐山,天津,0.0692729496
邯郸,石家庄,0.0512878392
邯郸,北京,0.0417333384
保定,北京,0.181915875
保定,石家庄,0.07624368
保定,廊坊,0.040504455
沧州,天津,0.06274323504
廊坊,北京,0.4256536132799999
廊坊,天津,0.0736945614
