city_name,city_id_name,num
廊坊,北京,0.58077187596
天津,北京,0.16999509204
保定,北京,0.0859806932399999
北京,天津,0.21340508832
廊坊,天津,0.18943763868
北京,保定,0.1302398028
廊坊,保定,0.0559022634
北京,张家口,0.06070901076
北京,廊坊,0.45093103704
天津,廊坊,0.16540006248
保定,廊坊,0.04711344912
