city_name,city_id_name,num
廊坊,北京,0.6075466106399999
天津,北京,0.1823745132
保定,北京,0.08308172268
张家口,北京,0.04034345292
北京,天津,0.2087521729199999
廊坊,天津,0.1771030753199999
北京,保定,0.1368723744
廊坊,保定,0.0602538912
北京,张家口,0.05886747252
北京,廊坊,0.3975664291199999
天津,廊坊,0.16053805692
保定,廊坊,0.04824538848
