city_name,city_id_name,num
天津,北京,0.248132079
廊坊,北京,0.10624934268
保定,北京,0.0837954234
张家口,北京,0.04376887164
北京,天津,0.4414424022
廊坊,天津,0.069048936
北京,保定,0.15858706176
天津,保定,0.0458115264
北京,张家口,0.084396573
北京,廊坊,0.15118108596
天津,廊坊,0.06518817468
北京,济南,0.04160214432
