city_name,city_id_name,num
廊坊,北京,0.56197152
天津,北京,0.1571724
保定,北京,0.08788824
张家口,北京,0.04105728
廊坊,天津,0.20237548032
北京,天津,0.1921594104
北京,保定,0.1376891006399999
廊坊,保定,0.07440615936
石家庄,保定,0.05266246752
北京,张家口,0.06275511936
北京,廊坊,0.52205296716
天津,廊坊,0.16816884012
保定,廊坊,0.05707212696
