city_name,city_id_name,num
天津,北京,0.2022534359999999
廊坊,北京,0.09536373
保定,北京,0.080407404
北京,天津,0.20254261248
廊坊,天津,0.0656072524799999
北京,保定,0.12256334532
北京,张家口,0.0611259793199999
北京,廊坊,0.14117040288
天津,廊坊,0.06318940896
