city_name,city_id_name,num
天津,北京,0.2289132089999999
廊坊,北京,0.1430906958
保定,北京,0.0987437466
张家口,北京,0.0566300969999999
北京,天津,0.2096306373599999
廊坊,天津,0.1005767279999999
保定,天津,0.04324799304
北京,保定,0.13843921896
天津,保定,0.04522577976
北京,张家口,0.069260832
北京,廊坊,0.1920525422399999
天津,廊坊,0.08028459504
