city_name,city_id_name,num
廊坊,北京,0.49525749
保定,北京,0.3108693168
天津,北京,0.16488264744
张家口,北京,0.14232938328
石家庄,北京,0.04175401608
廊坊,天津,0.26698894704
北京,天津,0.110174256
保定,天津,0.08299793952
保定,石家庄,0.16601309964
廊坊,保定,0.1671468372
石家庄,保定,0.1271791692
北京,保定,0.1146764628
张家口,保定,0.0419148108
北京,张家口,0.0591049872
北京,廊坊,0.31381822872
天津,廊坊,0.19299041532
保定,廊坊,0.15045011604
乌兰察布,大同,0.0467518068
