city_name,city_id_name,num
天津,北京,0.2217321539999999
廊坊,北京,0.1187096633999999
保定,北京,0.0885420233999999
张家口,北京,0.0476648712
北京,天津,0.27174094164
廊坊,天津,0.07443147348
保定,天津,0.04213379268
北京,保定,0.14628403656
天津,保定,0.0462621877199999
北京,张家口,0.06928165224
北京,廊坊,0.1662345601199999
天津,廊坊,0.0721992560399999
