city_name,city_id_name,num
廊坊,北京,0.6142931298
天津,北京,0.2364090786
保定,北京,0.1468005443999999
张家口,北京,0.0590443829999999
北京,天津,0.4247477676
廊坊,天津,0.2905761924
保定,天津,0.0593525555999999
北京,保定,0.24610935024
廊坊,保定,0.1244604787199999
天津,保定,0.06063699528
北京,张家口,0.1067764032
北京,廊坊,0.780493806
天津,廊坊,0.266473152
保定,廊坊,0.1190044872
北京,济南,0.04041567252
