city_name,city_id_name,num
廊坊,北京,0.32700095604
天津,北京,0.11335868676
保定,北京,0.08486482752
张家口,北京,0.04058216316
北京,天津,0.2925798084
廊坊,天津,0.13901018472
北京,石家庄,0.0875952305999999
保定,石家庄,0.0835433514
北京,保定,0.50436840888
石家庄,保定,0.2065352256
廊坊,保定,0.10303291368
天津,保定,0.07170058116
北京,张家口,0.207168192
石家庄,张家口,0.042823728
北京,廊坊,0.73023004656
天津,廊坊,0.14198614416
保定,廊坊,0.05162140368
北京,大同,0.0470999124
