city_name,city_id_name,num
廊坊,北京,0.4111902144
天津,北京,0.1571084424
保定,北京,0.0880913879999999
张家口,北京,0.0423712296
北京,天津,0.3071012615999999
廊坊,天津,0.199536534
北京,保定,0.16730824104
廊坊,保定,0.07724434428
石家庄,保定,0.04885819236
天津,保定,0.04042083384
北京,张家口,0.08127001512
北京,廊坊,0.7906713102
天津,廊坊,0.1785584087999999
保定,廊坊,0.0600494374799999
