city_name,city_id_name,num
廊坊,北京,0.7281804582000001
保定,北京,0.24926708664
天津,北京,0.20228770224
张家口,北京,0.103630995
廊坊,天津,0.21034403676
北京,天津,0.20334811536
保定,天津,0.06482887164
保定,石家庄,0.0613888632
北京,保定,0.28664058384
廊坊,保定,0.1102463784
石家庄,保定,0.07988868
天津,保定,0.06039584208
北京,张家口,0.10668911436
北京,廊坊,0.7822600109999999
天津,廊坊,0.1812396059999999
保定,廊坊,0.101821617
