city_name,city_id_name,num
天津,北京,0.47187785088
保定,北京,0.1146925332
廊坊,北京,0.1040907024
张家口,北京,0.0449132104799999
北京,天津,0.2602575359999999
廊坊,天津,0.07152012288
北京,保定,0.13078334844
北京,张家口,0.0659769786
北京,廊坊,0.17909435016
天津,廊坊,0.0745920252
