city_name,city_id_name,num
廊坊,北京,0.5346565865999999
保定,北京,0.2666303082
天津,北京,0.1828720962
张家口,北京,0.111677616
石家庄,北京,0.062818659
北京,天津,0.1916177309999999
廊坊,天津,0.1676451297599999
保定,天津,0.07322243508
石家庄,天津,0.0404435721599999
保定,石家庄,0.14012352
北京,石家庄,0.0451931399999999
北京,保定,0.28294588224
石家庄,保定,0.23695809984
廊坊,保定,0.09064433952
天津,保定,0.05772676896
北京,张家口,0.1079586144
石家庄,张家口,0.0450279648
北京,廊坊,0.63748242864
天津,廊坊,0.16222295088
保定,廊坊,0.10137295152
石家庄,廊坊,0.052456896
