city_name,city_id_name,num
廊坊,北京,0.26214735024
保定,北京,0.06222534048
天津,北京,0.06214832892
北京,天津,0.11872204344
廊坊,天津,0.11812902624
保定,石家庄,0.0571577472
北京,保定,0.19301035104
石家庄,保定,0.1038382254
廊坊,保定,0.0730506114
北京,张家口,0.085456944
北京,廊坊,0.345481605
天津,廊坊,0.099363915
保定,廊坊,0.04060287
