city_name,city_id_name,num
北京,廊坊,0.80207757468
北京,天津,0.35308784034000007
北京,保定,0.18576288575999994
北京,张家口,0.079752519
北京,唐山,0.048849091199999944
天津,廊坊,0.26528712084
天津,唐山,0.23085526175999999
天津,沧州,0.14174124066
天津,邯郸,0.05181754679999995
天津,保定,0.04631853293999995
唐山,秦皇岛,0.10314606419999994
唐山,承德,0.04872112739999995
邯郸,邢台,0.043340371919999995
保定,廊坊,0.10381416516
保定,沧州,0.08448132816
沧州,廊坊,0.07924227083999999
沧州,衡水,0.07058944584
