city_name,city_id_name,num
北京,廊坊,0.6074315388
北京,保定,0.26118660924000003
北京,天津,0.20295021744
北京,张家口,0.13347334062
北京,唐山,0.07507437047999994
天津,唐山,0.19287951984
天津,廊坊,0.19469001887999998
天津,沧州,0.13770302777999996
天津,邯郸,0.07294722624
石家庄,邢台,0.12836028366
石家庄,保定,0.09676153566000001
唐山,秦皇岛,0.10198734624
唐山,承德,0.05299820442
邯郸,邢台,0.10394375543999995
保定,沧州,0.07845695964
保定,廊坊,0.08923999715999995
沧州,衡水,0.07879859657999999
沧州,廊坊,0.07284638771999995
