city_name,city_id_name,num
呼伦贝尔,齐齐哈尔,0.03066222114
沈阳,营口,0.0400604486399999
大连,沈阳,0.0252118866599999
沈阳,营口,0.03805855631999995
哈尔滨,绥化,0.0921104654399999
哈尔滨,大庆,0.0275686999199999
齐齐哈尔,哈尔滨,0.0258353549999999
呼伦贝尔,齐齐哈尔,0.03115407906
大庆,绥化,0.09130143744
齐齐哈尔,大庆,0.0275275907999998
哈尔滨,大庆,0.0268020624599999
大庆,绥化,0.0955876869
哈尔滨,绥化,0.0917313465599999
