city_name,city_id_name,num
沈阳,营口,0.0961908064199999
沈阳,大连,0.0862498708199999
大连,营口,0.0822063167999999
沈阳,大连,0.07845188336999995
大连,营口,0.0861515643599999
沈阳,营口,0.09292863752999994
哈尔滨,绥化,0.0476747694
大庆,绥化,0.0881807018399999
大庆,绥化,0.0903823595999999
哈尔滨,绥化,0.04961754629999995
