city_name,city_id_name,num
沈阳,大连,0.12770751276
沈阳,营口,0.10788207588
沈阳,大连,0.1235151666
大连,营口,0.0997495932599999
沈阳,营口,0.10816355007
大连,营口,0.1007413013699999
哈尔滨,绥化,0.13231739934
哈尔滨,佳木斯,0.0605201965199999
哈尔滨,大庆,0.0613654461
哈尔滨,齐齐哈尔,0.0628075539
哈尔滨,齐齐哈尔,0.07597400183999994
齐齐哈尔,大庆,0.0277614135
大庆,绥化,0.1173258675
哈尔滨,大庆,0.06668570996999995
齐齐哈尔,大庆,0.02762952282
哈尔滨,佳木斯,0.06452559548999989
哈尔滨,黑河,0.0279134764199999
哈尔滨,绥化,0.14428270394999995
大庆,绥化,0.12245899382999995
