city_name,city_id_name,num
兰州,定西,0.22014406961999994
兰州,武威,0.10074253013999995
张掖,兰州,0.05245179299999995
兰州,西宁,0.04627042704
嘉峪关,酒泉,0.13854952151999994
金昌,武威,0.049534765919999946
兰州,武威,0.0870950556
金昌,武威,0.04340366532
张掖,酒泉,0.04113836909999995
嘉峪关,酒泉,0.16244442431999995
张掖,酒泉,0.0445109741999999
兰州,定西,0.20942218709999988
西宁,海北藏族自治州,0.10406306033999996
兰州,西宁,0.047797260839999994
西宁,海北藏族自治州,0.1262935638
