city_name,city_id_name,num
西安,兰州,0.041381027279999996
兰州,定西,0.19072028502
兰州,武威,0.09785723723999995
兰州,酒泉,0.045127194659999995
兰州,张掖,0.04610514329999995
西安,兰州,0.04705026102
兰州,西宁,0.04877380818
嘉峪关,酒泉,0.11085590987999995
金昌,武威,0.04049029296
兰州,武威,0.08571096323999994
金昌,武威,0.03967454519999995
酒泉,张掖,0.0489818583
兰州,张掖,0.03971396627999995
嘉峪关,酒泉,0.10580515001999996
兰州,酒泉,0.03744151452
兰州,定西,0.18383589575999998
西宁,海北藏族自治州,0.05681795382
兰州,西宁,0.05099368121999995
西宁,海北藏族自治州,0.05748716934
