city_name,city_id_name,num
兰州,定西,0.0709116444
兰州,武威,0.039192933779999994
酒泉,哈密,0.044133373259999956
兰州,定西,0.07904296061999999
西宁,海北藏族自治州,0.05977082826
西宁,海北藏族自治州,0.06165406692
