city_name,city_id_name,num
西安,兰州,0.04063179024
兰州,定西,0.17883099
兰州,武威,0.09355730849999999
兰州,张掖,0.04634792459999995
兰州,西宁,0.04921627229999995
酒泉,兰州,0.047569111379999945
西安,兰州,0.04555503018
嘉峪关,酒泉,0.10164628278
金昌,武威,0.04239376055999995
兰州,武威,0.07782496361999999
金昌,武威,0.0398446127999999
酒泉,张掖,0.04614944057999995
兰州,张掖,0.036233140319999996
嘉峪关,酒泉,0.09598561559999995
兰州,定西,0.16262150328
西宁,海北藏族自治州,0.06090282756
兰州,西宁,0.046248246
西宁,海北藏族自治州,0.05480940816
