city_name,city_id_name,num
北京,天津,0.3370834115999995
天津,北京,0.28087191288
兴安盟,通辽,0.0421130923199999
赤峰,通辽,0.0693738432
通辽,赤峰,0.06815273904
通辽,兴安盟,0.04149562284
呼伦贝尔,齐齐哈尔,0.04013595036
哈尔滨,绥化,0.16943450076
哈尔滨,大庆,0.04835031264
齐齐哈尔,哈尔滨,0.04479114024
大庆,绥化,0.1112179248
大庆,哈尔滨,0.0525519252
绥化,哈尔滨,0.16670575656
绥化,大庆,0.11555977752
