city_name,city_id_name,num
北京,天津,0.4078724090399996
天津,北京,0.8102419470000001
哈尔滨,绥化,0.0913466159999999
大庆,绥化,0.09987002568
绥化,哈尔滨,0.09287457408
绥化,大庆,0.0827283974399999
