city_name,city_id_name,num
北京,天津,0.20947529232
北京,廊坊,0.19191811464
北京,保定,0.13833845172
北京,张家口,0.06901787088
北京,承德,0.05024985336
天津,北京,0.2288944494
天津,唐山,0.2182665042
天津,廊坊,0.0803000304
天津,保定,0.0450703602
唐山,天津,0.2408543294399999
唐山,秦皇岛,0.09431799408
唐山,承德,0.0559851523199999
秦皇岛,唐山,0.0909600516
保定,北京,0.0988406517599999
保定,天津,0.0433702447199999
张家口,北京,0.05666443452
承德,唐山,0.0437926759199999
廊坊,北京,0.14320181808
廊坊,天津,0.10058373936
赤峰,朝阳,0.06336929376
朝阳,赤峰,0.0684424728
