city_name,city_id_name,num
北京,廊坊,0.4214765016
北京,天津,0.1298603275199999
北京,保定,0.12965321376
北京,张家口,0.05923453536
北京,承德,0.04080141072
天津,唐山,0.15779902896
天津,廊坊,0.1502025768
天津,北京,0.10554464592
石家庄,保定,0.04301185536
唐山,天津,0.1693760543999999
唐山,秦皇岛,0.0734449615199999
唐山,承德,0.04059184752
秦皇岛,唐山,0.06994607256
保定,北京,0.07489087632
保定,廊坊,0.05147586288
廊坊,北京,0.33539666112
廊坊,天津,0.15387170832
廊坊,保定,0.05813649936
赤峰,朝阳,0.0604696752
朝阳,赤峰,0.0546868098
