city_name,city_id_name,num
北京,廊坊,0.45081124452
北京,天津,0.2132837406
北京,保定,0.13011842592
北京,张家口,0.06045596676
北京,承德,0.0429636312
天津,唐山,0.19369472328
天津,北京,0.17001726984
天津,廊坊,0.16541332056
唐山,天津,0.2139216966
唐山,秦皇岛,0.09071321868
唐山,承德,0.04994762292
秦皇岛,唐山,0.08241648264
保定,北京,0.08602275168
保定,廊坊,0.04716495216
廊坊,北京,0.58071249648
廊坊,天津,0.18945317124
廊坊,保定,0.05589418932
赤峰,朝阳,0.06309454176
朝阳,赤峰,0.06323168124
