city_name,city_id_name,num
天津,北京,0.2022534359999999
廊坊,北京,0.09536373
保定,北京,0.080407404
唐山,天津,0.21800109312
北京,天津,0.20254261248
廊坊,天津,0.0656072524799999
天津,唐山,0.20987829
秦皇岛,唐山,0.1014845112
承德,唐山,0.049776444
北京,唐山,0.0418270716
唐山,秦皇岛,0.0906440544
北京,保定,0.12256334532
北京,张家口,0.0611259793199999
唐山,承德,0.05062355172
北京,承德,0.0439224282
北京,廊坊,0.14117040288
天津,廊坊,0.06318940896
朝阳,赤峰,0.0620514431999999
赤峰,朝阳,0.05753339928
