city_name,city_id_name,num
天津,北京,0.2289132089999999
廊坊,北京,0.1430906958
保定,北京,0.0987437466
张家口,北京,0.0566300969999999
唐山,天津,0.24080942304
北京,天津,0.2096306373599999
廊坊,天津,0.1005767279999999
保定,天津,0.04324799304
天津,唐山,0.2183359698
秦皇岛,唐山,0.0909469134
承德,唐山,0.04379394924
唐山,秦皇岛,0.09438077232
北京,保定,0.13843921896
天津,保定,0.04522577976
北京,张家口,0.069260832
唐山,承德,0.05603442624
北京,承德,0.05047526016
北京,廊坊,0.1920525422399999
天津,廊坊,0.08028459504
朝阳,赤峰,0.06842492496
赤峰,朝阳,0.06337097856
