city_name,city_id_name,num
廊坊,北京,0.3353535108
天津,北京,0.1055851524
保定,北京,0.0748630512
唐山,天津,0.1694149667999999
廊坊,天津,0.1538218187999999
北京,天津,0.1298817504
天津,唐山,0.15778448784
秦皇岛,唐山,0.0699122566799999
唐山,秦皇岛,0.07343561088
北京,保定,0.12977553024
廊坊,保定,0.05815512936
石家庄,保定,0.0429934456799999
北京,张家口,0.05930724096
北京,承德,0.04093649928
唐山,承德,0.04061416464
北京,廊坊,0.4216042548
天津,廊坊,0.15025711896
保定,廊坊,0.05150786112
朝阳,赤峰,0.05468417892
赤峰,朝阳,0.060478812
