city_name,city_id_name,num
天津,北京,0.248132079
廊坊,北京,0.10624934268
保定,北京,0.0837954234
张家口,北京,0.04376887164
北京,天津,0.4414424022
唐山,天津,0.2179749366
廊坊,天津,0.069048936
天津,唐山,0.2336758534799999
秦皇岛,唐山,0.09559780704
北京,唐山,0.04945666896
承德,唐山,0.04669372656
唐山,秦皇岛,0.0991372089599999
北京,保定,0.15858706176
天津,保定,0.0458115264
北京,张家口,0.084396573
北京,承德,0.05607605052
唐山,承德,0.0531776825999999
北京,廊坊,0.15118108596
天津,廊坊,0.06518817468
朝阳,赤峰,0.05959666368
赤峰,朝阳,0.05899160664
