city_name,city_id_name,num
廊坊,北京,0.52479594468
天津,北京,0.21710686608
保定,北京,0.0856809705599999
唐山,天津,0.21255727104
北京,天津,0.2013903129599999
廊坊,天津,0.14594059008
天津,唐山,0.1866355343999999
秦皇岛,唐山,0.0882411894
承德,唐山,0.0402703812
唐山,秦皇岛,0.0862735536
北京,保定,0.124997013
廊坊,保定,0.0474215472
北京,张家口,0.059937408
唐山,承德,0.0521453375999999
北京,承德,0.0408400574399999
北京,廊坊,0.28323033156
天津,廊坊,0.12408023556
朝阳,赤峰,0.0568595116799999
赤峰,朝阳,0.05837361552
