city_name,city_id_name,num
天津,北京,0.21927192317999988
廊坊,北京,0.16757161901999995
保定,北京,0.11859148278000001
张家口,北京,0.06294546449999995
唐山,天津,0.22957269642
沧州,天津,0.13376837988
廊坊,天津,0.09043066151999996
邯郸,天津,0.06008814252
保定,天津,0.0442368864
秦皇岛,唐山,0.09266384286
承德,唐山,0.04991418774
沧州,保定,0.07838790713999999
衡水,沧州,0.06482309472
