city_name,city_id_name,num
廊坊,北京,0.6384313177200001
天津,北京,0.21545784863999995
保定,北京,0.14404614102000002
张家口,北京,0.06646600476
廊坊,天津,0.25497707634
唐山,天津,0.23179999392
沧州,天津,0.12894769241999998
邯郸,天津,0.05618208438
保定,天津,0.04491842688
秦皇岛,唐山,0.09328443893999999
承德,唐山,0.04990069152
邢台,邯郸,0.04345022735999995
廊坊,保定,0.0910043586
沧州,保定,0.08437983839999999
衡水,沧州,0.07480564002000001
廊坊,沧州,0.07948229327999995
