city_name,city_id_name,num
廊坊,北京,0.5025565198799999
天津,北京,0.19556334305999995
保定,北京,0.10997704854
张家口,北京,0.04960546272
唐山,天津,0.2013720652799999
廊坊,天津,0.16882056611999996
沧州,天津,0.11588020379999994
邯郸,天津,0.052365698099999955
秦皇岛,唐山,0.08609136839999995
邢台,邯郸,0.07391339748
沧州,保定,0.0666352008
廊坊,保定,0.05424963984
廊坊,沧州,0.051251870339999894
衡水,沧州,0.0516611811599999
