city_name,city_id_name,num
廊坊,北京,0.5241143475
天津,北京,0.1879351551
保定,北京,0.13174778142
张家口,北京,0.062191336679999945
唐山,天津,0.21492639144
廊坊,天津,0.18798763499999993
沧州,天津,0.12872173644
邯郸,天津,0.06880565574
保定,天津,0.04711486662
秦皇岛,唐山,0.08765360405999995
承德,唐山,0.046934249580000004
邢台,邯郸,0.09192532374
沧州,保定,0.07927422533999995
廊坊,保定,0.0592803441
廊坊,沧州,0.06433954254
衡水,沧州,0.06295955040000001
