city_name,city_id_name,num
廊坊,北京,0.5158066635
天津,北京,0.1916752977
保定,北京,0.10809041840999994
唐山,天津,0.2038226789699999
廊坊,天津,0.17742604823999997
沧州,天津,0.1142211237299999
邯郸,天津,0.05135381937
秦皇岛,唐山,0.0865634129099999
邢台,邯郸,0.08033696154
沧州,保定,0.07030689758999989
廊坊,保定,0.0515187135
廊坊,沧州,0.05448609827999995
衡水,沧州,0.052686317159999954
