city_name,city_id_name,num
北京,天津,0.3945305555999997
北京,天津,0.39307228019999974
兴安盟,通辽,0.0454917465
赤峰,通辽,0.07328456208
赤峰,通辽,0.0684969372
兴安盟,通辽,0.04588696332
呼伦贝尔,齐齐哈尔,0.06031742112
哈尔滨,绥化,0.32546742516
哈尔滨,大庆,0.1145491713
哈尔滨,齐齐哈尔,0.09873195299999984
哈尔滨,齐齐哈尔,0.09830911517999985
呼伦贝尔,齐齐哈尔,0.06647296751999995
齐齐哈尔,大庆,0.0536345388
大庆,绥化,0.15797405052000002
哈尔滨,大庆,0.11463537798
齐齐哈尔,大庆,0.053468505
哈尔滨,绥化,0.32184686934
大庆,绥化,0.1678910166
