city_name,city_id_name,num
北京,天津,0.50089639896
呼和浩特,北京,0.04144700016
北京,天津,0.45100497383999993
赤峰,通辽,0.06372960767999995
赤峰,通辽,0.0612859040999999
哈尔滨,绥化,0.0770197005
大庆,绥化,0.11123941895999995
大庆,绥化,0.11323199951999996
哈尔滨,绥化,0.08027169983999999
