city_name,city_id_name,num
北京,天津,0.12710592252
北京,天津,0.1175661054
长春,松原,0.05854980024
长春,哈尔滨,0.0231524033399999
长春,松原,0.056239352189999994
哈尔滨,绥化,0.0885336674399999
哈尔滨,大庆,0.04244087664
哈尔滨,齐齐哈尔,0.04197845088
哈尔滨,佳木斯,0.02836318032
长春,哈尔滨,0.0226755142199999
哈尔滨,齐齐哈尔,0.039556413179999944
哈尔滨,大庆,0.03890385288
大庆,绥化,0.03632837364
哈尔滨,佳木斯,0.02789483589
哈尔滨,绥化,0.0860708041199999
大庆,绥化,0.03705068952
