city_name,city_id_name,num
北京,天津,0.34468994178
北京,廊坊,0.1286505099
北京,保定,0.12116582154
北京,天津,0.44134510338
天津,廊坊,0.06707438928000001
天津,邯郸,0.057673824119999946
北京,邯郸,0.074606265
天津,邯郸,0.0699070824
邯郸,邢台,0.04562911602
邯郸,安阳,0.04526529318
邯郸,邢台,0.04407318054
北京,保定,0.15856164072
天津,保定,0.04577311296
北京,廊坊,0.15111638154
天津,廊坊,0.06514400862
聊城,濮阳,0.10652054688000001
安阳,濮阳,0.0964521594
邯郸,安阳,0.04927905053999995
聊城,濮阳,0.10701672048
安阳,濮阳,0.09613834596000001
