city_name,city_id_name,num
北京,廊坊,1.7249667611400001
北京,天津,0.92854901772
北京,保定,0.9723581949600001
北京,石家庄,0.25111531385999997
北京,邯郸,0.13990931873999995
北京,邢台,0.0963027792
北京,衡水,0.11091983993999999
北京,天津,1.1987530523999999
天津,廊坊,0.42023996694
天津,保定,0.14639111531999996
天津,邯郸,0.0789525144
天津,石家庄,0.07609465943999995
天津,衡水,0.046822495500000005
石家庄,保定,0.35147269872
石家庄,邢台,0.36553272732
北京,石家庄,0.32082691247999995
石家庄,邯郸,0.15609826872
石家庄,衡水,0.17087466455999994
天津,石家庄,0.07322091066
石家庄,廊坊,0.05460020945999995
邯郸,邢台,0.22773284622
北京,邯郸,0.15865330679999995
石家庄,邯郸,0.14721105402
邯郸,安阳,0.09335249838000001
天津,邯郸,0.06727045788
邯郸,聊城,0.06136075296
石家庄,邢台,0.3823743348
邯郸,邢台,0.23870021544
北京,邢台,0.11100793068
邢台,衡水,0.06928597602
邢台,聊城,0.06586134947999994
保定,邢台,0.04078518803999995
北京,保定,1.33716979548
石家庄,保定,0.3537425066399999
保定,廊坊,0.19188053387999998
天津,保定,0.1525453398
保定,衡水,0.07939349784
北京,廊坊,2.31352388082
天津,廊坊,0.4140986652
保定,廊坊,0.18307113588
石家庄,廊坊,0.05043320172
石家庄,衡水,0.17856622691999996
北京,衡水,0.14164389162
保定,衡水,0.08904831228
邢台,衡水,0.07206425982
天津,衡水,0.05215453272
聊城,濮阳,0.11791174049999995
邢台,聊城,0.06848752823999996
邯郸,聊城,0.0646516728
北京,聊城,0.0478939229999999
安阳,濮阳,0.12248873135999999
邯郸,安阳,0.09441647388
安阳,濮阳,0.11690432568
聊城,濮阳,0.11663805599999999
