city_name,city_id_name,num
北京,廊坊,1.39357847412
北京,保定,0.6159227785200001
北京,天津,0.5756186721600001
北京,石家庄,0.16663877117999998
北京,邯郸,0.11661295085999995
北京,衡水,0.0704626209
北京,邢台,0.06991645248
北京,天津,0.57302875062
天津,廊坊,0.40668820038
天津,保定,0.11697231221999996
天津,邯郸,0.08021594754
天津,石家庄,0.06909258366
石家庄,邢台,0.37876312152
石家庄,保定,0.36384975791999996
石家庄,衡水,0.17739814374
石家庄,邯郸,0.16562697263999998
北京,石家庄,0.15700182695999995
天津,石家庄,0.06930086382
石家庄,廊坊,0.05565689333999995
邯郸,邢台,0.27931769136
石家庄,邯郸,0.15013447362
北京,邯郸,0.10590048377999994
邯郸,安阳,0.10441735272
天津,邯郸,0.0749687157
邯郸,聊城,0.07367287121999999
保定,邯郸,0.041951879639999995
石家庄,邢台,0.35691936552000003
邯郸,邢台,0.30923617212
邢台,衡水,0.07797165623999999
邢台,聊城,0.07823844432
北京,邢台,0.0650595726
邢台,保定,0.04852231775999995
北京,保定,0.59676042384
石家庄,保定,0.35284424418000004
保定,廊坊,0.19910408796
天津,保定,0.11849664959999995
保定,衡水,0.07428387852
邢台,保定,0.04334698313999995
北京,廊坊,1.40434668864
天津,廊坊,0.38638521504
保定,廊坊,0.19224911952
石家庄,廊坊,0.05377885811999995
石家庄,衡水,0.16749225846
保定,衡水,0.07728132888
邢台,衡水,0.07678723859999995
北京,衡水,0.06083163504
聊城,濮阳,0.1221532083
邢台,聊城,0.08474563602
邯郸,聊城,0.08201222783999995
安阳,濮阳,0.12088565388
邯郸,安阳,0.11472531552000001
聊城,濮阳,0.12241251036
安阳,濮阳,0.12048916536
