city_name,city_id_name,num
北京,天津,0.20232334871999996
北京,廊坊,0.11822107139999999
北京,保定,0.10138289832
北京,天津,0.20246793695999998
天津,廊坊,0.06432054641999996
天津,邯郸,0.05586965766
邯郸,邢台,0.06341376923999995
天津,邯郸,0.0677060451
北京,邯郸,0.0656902224
邯郸,邢台,0.058177167839999946
北京,保定,0.12246086898
北京,廊坊,0.14112440784
天津,廊坊,0.06311162466
聊城,濮阳,0.1014276654
安阳,濮阳,0.08478925127999995
邯郸,安阳,0.049304346839999943
聊城,濮阳,0.1001825334
安阳,濮阳,0.08501212116
