city_name,city_id_name,num
北京,天津,0.36602424180000004
北京,保定,0.12273749208
北京,廊坊,0.14155743384
北京,天津,0.26021408435999993
天津,廊坊,0.07306060032
天津,邯郸,0.05386479263999995
天津,邯郸,0.062116301519999945
邯郸,邢台,0.060731877059999995
北京,邯郸,0.05867638379999995
邯郸,安阳,0.04513534487999995
邯郸,邢台,0.060593512860000004
北京,保定,0.1307828997
北京,廊坊,0.17905925772
天津,廊坊,0.07459655148
聊城,濮阳,0.11199164327999994
安阳,濮阳,0.09364963391999995
邯郸,安阳,0.048452685299999895
聊城,濮阳,0.10627115597999995
安阳,濮阳,0.09376505568
