city_name,city_id_name,num
沈阳,天津,0.02611382004
大连,沈阳,0.135874098
营口,沈阳,0.1242654372
沈阳,大连,0.12114174996
营口,大连,0.1140475593599999
沈阳,营口,0.11789785872
大连,营口,0.11131579872
绥化,哈尔滨,0.1011380579999999
佳木斯,哈尔滨,0.0525728069999999
大庆,哈尔滨,0.0418684139999999
哈尔滨,齐齐哈尔,0.06202923948
大庆,齐齐哈尔,0.02768080068
绥化,大庆,0.12204450144
哈尔滨,大庆,0.0557819395199999
哈尔滨,佳木斯,0.0530900567999999
大庆,绥化,0.15715216296
哈尔滨,绥化,0.15117576264
