city_name,city_id_name,num
廊坊,北京,0.50251090635
天津,北京,0.1955941862399999
保定,北京,0.10996097004
张家口,北京,0.04958644958999995
唐山,天津,0.20137843025999996
廊坊,天津,0.16879768118999994
沧州,天津,0.11589102539999996
邯郸,天津,0.05237473445999995
秦皇岛,唐山,0.08610086969999989
邢台,邯郸,0.07391548485
沧州,保定,0.06663488814
廊坊,保定,0.05422580882999995
衡水,沧州,0.051663934349999954
廊坊,沧州,0.051246238409999895
