city_name,city_id_name,num
廊坊,北京,0.52729626888
天津,北京,0.18452254248
保定,北京,0.11177341874999991
张家口,北京,0.058186554929999995
廊坊,天津,0.19182234024
唐山,天津,0.20392711226999993
沧州,天津,0.13246876727999995
秦皇岛,唐山,0.08165798081999989
邢台,邯郸,0.0919855658699999
沧州,保定,0.06814393353
廊坊,保定,0.04840506863999995
衡水,沧州,0.059137251929999954
廊坊,沧州,0.056160386099999945
