city_name,city_id_name,num
廊坊,北京,1.1543963969699997
保定,北京,0.55215513162
天津,北京,0.46609599312
张家口,北京,0.24733633985999995
承德,北京,0.14970317616
唐山,北京,0.1361435015699999
石家庄,北京,0.14893159931999994
邯郸,北京,0.13013163701999997
沧州,北京,0.1097525311199999
邢台,北京,0.08083894283999996
衡水,北京,0.06877911041999996
秦皇岛,北京,0.0504765010799999
廊坊,天津,0.33299340326999993
唐山,天津,0.32314210389
沧州,天津,0.20714069411999994
保定,天津,0.1047186759599999
邯郸,天津,0.08122310639999994
石家庄,天津,0.06295696001999995
保定,石家庄,0.28867795415999997
邢台,石家庄,0.29297823849000004
衡水,石家庄,0.13642241939999994
邯郸,石家庄,0.1327576311
沧州,石家庄,0.0814275585
唐山,石家庄,0.045695395079999895
廊坊,石家庄,0.04356455967
秦皇岛,唐山,0.13126219695
承德,唐山,0.0634980400199999
廊坊,唐山,0.0461842114499999
邢台,邯郸,0.20605533947999993
衡水,邢台,0.05789287727999995
廊坊,保定,0.15735096611999988
沧州,保定,0.14456226167999997
衡水,保定,0.06501228074999996
廊坊,沧州,0.10931441669999994
衡水,沧州,0.09338593356
