city_name,city_id_name,num
保定,北京,2.33381432898
廊坊,北京,2.4499438054200002
天津,北京,1.9026735181199999
张家口,北京,1.16934724575
承德,北京,0.7818878516399999
邯郸,北京,0.68696467173
石家庄,北京,0.7289621892
唐山,北京,0.70191171432
沧州,北京,0.5699857725899999
秦皇岛,北京,0.50685616107
衡水,北京,0.4624860612599999
邢台,北京,0.44866834254
沧州,天津,0.7918455267
唐山,天津,0.8121612031200001
廊坊,天津,0.7860473442
保定,天津,0.5237989821
邯郸,天津,0.29262164895
秦皇岛,天津,0.25350700248
衡水,天津,0.21525480594000002
石家庄,天津,0.25950744441
承德,天津,0.18703845594000001
邢台,天津,0.15948206882999993
张家口,天津,0.1490188160699999
邢台,石家庄,0.94192359111
保定,石家庄,0.97514244846
邯郸,石家庄,0.5154799621499999
衡水,石家庄,0.45353762352
沧州,石家庄,0.29061173196
唐山,石家庄,0.14456694995999994
张家口,石家庄,0.12592705419
廊坊,石家庄,0.17217063377999994
秦皇岛,石家庄,0.07525796427
秦皇岛,唐山,0.42579277776
承德,唐山,0.18643648175999994
保定,唐山,0.13966625960999995
沧州,唐山,0.0920526881399999
廊坊,唐山,0.16241279624999994
张家口,唐山,0.04428636038999995
承德,秦皇岛,0.08677860318
保定,秦皇岛,0.07230870971999995
邢台,邯郸,0.45615168144
保定,邯郸,0.13412299544999995
衡水,邯郸,0.06999739416
沧州,邯郸,0.05300739873
衡水,邢台,0.16413249509999994
保定,邢台,0.1333110401099999
沧州,邢台,0.05816368296
沧州,保定,0.40089844673999997
廊坊,保定,0.49957700696999996
衡水,保定,0.20215947680999996
张家口,保定,0.14422551308999995
承德,保定,0.0533623804199999
廊坊,张家口,0.09256837787999994
廊坊,承德,0.0956154820499999
衡水,沧州,0.22684540131
廊坊,沧州,0.26412457886999996
衡水,廊坊,0.1038855966299999
