city_name,city_id_name,num
西安,咸阳,0.52207378578
西安,渭南,0.07973388738000001
宝鸡,咸阳,0.04929184692
西安,宝鸡,0.041448796739999946
西安,咸阳,0.6274379248199999
宝鸡,咸阳,0.043297266959999955
西安,渭南,0.09320944266
延安,榆林,0.05634719478
延安,榆林,0.05565752352
