city_name,city_id_name,num
西安,咸阳,0.25043059817999996
西安,渭南,0.08430207353999991
西安,铜川,0.04055353776
西安,宝鸡,0.1156896432
咸阳,宝鸡,0.06355572983999999
西安,咸阳,0.31926714246
西安,渭南,0.1252194519599999
咸阳,渭南,0.04243774841999995
西安,延安,0.08913646782
延安,榆林,0.05921915183999995
西安,榆林,0.09465088463999985
延安,榆林,0.06110320535999995
西安,商洛,0.12761232155999996
咸阳,商洛,0.04058420759999995
庆阳,平凉,0.04075083431999995
