city_name,city_id_name,num
北京,郑州,0.0958107366
北京,成都,0.07331604192
北京,西安,0.06331839984
运城,西安,0.0474097762799999
郑州,北京,0.0698320926
郑州,西安,0.0429243138
成都,北京,0.07011413136
成都,西安,0.06088858776
西安,咸阳,2.44128697092
西安,渭南,1.08994053924
西安,宝鸡,0.55042960644
西安,商洛,0.29416191336
西安,延安,0.18176380236
西安,铜川,0.17277195348
西安,安康,0.14836550652
西安,汉中,0.144511857
西安,榆林,0.13680455796
西安,北京,0.06294294216
西安,运城,0.0610161174
西安,庆阳,0.05716246788
西安,成都,0.05523564312
西安,郑州,0.04688606916
西安,兰州,0.04046331996
铜川,西安,0.1649653128
铜川,渭南,0.0561783924
铜川,咸阳,0.0412413282
宝鸡,西安,0.3507129251999999
宝鸡,咸阳,0.1151575833599999
咸阳,西安,1.99762524
咸阳,宝鸡,0.1508463161999997
咸阳,渭南,0.1042350606
咸阳,铜川,0.0404647164
渭南,西安,0.8310485303999998
渭南,咸阳,0.09251762328
渭南,铜川,0.04842622584
渭南,运城,0.04198590936
延安,西安,0.2577918182399999
延安,榆林,0.12359723904
汉中,西安,0.1381241969999999
榆林,西安,0.2024106083999998
榆林,延安,0.158970357
安康,西安,0.150053229
商洛,西安,0.26804601
兰州,天水,0.09570764952
兰州,西安,0.05026781592
天水,兰州,0.0866162516399999
庆阳,西安,0.07136377344
