city_name,city_id_name,num
北京,郑州,0.0761222966399993
北京,成都,0.06766426368
郑州,北京,0.07147557288
成都,北京,0.06504596784
西安,咸阳,0.0755112002399999
咸阳,西安,0.07716476664
兰州,天水,0.1402607793599998
兰州,庆阳,0.04696514784
天水,兰州,0.0824901019199999
庆阳,兰州,0.041145489
