city_name,city_id_name,num
北京,郑州,0.07304912748
北京,成都,0.06755671188
北京,西安,0.06481050408
运城,西安,0.04895503596
运城,渭南,0.0428269518
郑州,北京,0.0648970055999995
成都,北京,0.06485642136
成都,西安,0.0589062909599994
西安,咸阳,1.9734644304
西安,渭南,0.6637738428
西安,宝鸡,0.3040808688
西安,商洛,0.2403055188
西安,延安,0.1795913856
西安,榆林,0.1525506371999999
西安,汉中,0.1260200916
西安,安康,0.1239792803999999
西安,铜川,0.1178568467999999
西安,北京,0.0627549444
西安,成都,0.0566325108
西安,庆阳,0.0556121052
西安,兰州,0.0469386575999999
西安,郑州,0.0443876436
西安,运城,0.0438774408
铜川,西安,0.10584022464
铜川,渭南,0.04858740288
宝鸡,西安,0.2615222829599999
宝鸡,咸阳,0.09991045116
咸阳,西安,1.79257204224
咸阳,宝鸡,0.10619610624
咸阳,渭南,0.07771002624
渭南,西安,0.6358951818
渭南,咸阳,0.0746399772
渭南,铜川,0.0504183689999999
渭南,延安,0.0437652234
延安,西安,0.2090036844
延安,榆林,0.12675974472
延安,渭南,0.04378047408
汉中,西安,0.12382663428
榆林,西安,0.16646621688
榆林,延安,0.1423317096
安康,西安,0.12886760448
商洛,西安,0.21804552
兰州,天水,0.0856030355999999
兰州,西安,0.0459154655999998
天水,兰州,0.08790472512
庆阳,西安,0.0711238968
