city_name,city_id_name,num
北京,成都,0.07054050888
北京,郑州,0.06227900784
郑州,北京,0.06624405504
成都,北京,0.06538249692
西安,咸阳,0.19659348
西安,渭南,0.0465131808
宝鸡,咸阳,0.04068972468
咸阳,西安,0.1897439256
咸阳,宝鸡,0.0471321827999999
延安,榆林,0.0467776944
榆林,延安,0.05510309796
兰州,天水,0.10043337096
天水,兰州,0.1116413020799999
