city_name,city_id_name,num
北京,郑州,0.07802280612
北京,成都,0.07391634264
北京,兰州,0.01701249156
北京,西安,0.01525257864
北京,运城,0.0140793033599999
运城,渭南,0.03472847136
运城,北京,0.0175794948
运城,郑州,0.01592917488
运城,延安,0.01083470904
运城,西安,0.01011717864
郑州,北京,0.0867987187199994
郑州,成都,0.01746559584
郑州,西安,0.0127022515199999
郑州,运城,0.0105852096
成都,北京,0.0753423444
成都,兰州,0.0240784811999999
成都,郑州,0.0178646796
成都,汉中,0.0170879544
成都,西安,0.015534504
西安,咸阳,1.49407145136
西安,渭南,0.29916590544
西安,宝鸡,0.14914343376
西安,延安,0.0776483495999999
西安,安康,0.0741321979199999
西安,榆林,0.0612396417599999
西安,商洛,0.0468820224
西安,铜川,0.04307285808
西安,汉中,0.0392636937599999
西安,庆阳,0.0193388342399999
西安,运城,0.0190458216
西安,郑州,0.01816678368
西安,成都,0.0164087078399999
西安,兰州,0.0143576193599999
西安,北京,0.0131855687999999
铜川,渭南,0.0421121138399999
铜川,西安,0.0295486444799999
铜川,咸阳,0.0226380744
铜川,延安,0.0158069361599999
宝鸡,西安,0.1063780581599999
宝鸡,咸阳,0.09802768392
宝鸡,汉中,0.01520196336
咸阳,西安,1.2154324428
咸阳,宝鸡,0.0944762129999998
咸阳,渭南,0.055716741
咸阳,铜川,0.0229326875999998
咸阳,庆阳,0.015342291
咸阳,延安,0.0148577976
咸阳,汉中,0.0108203526
咸阳,安康,0.0104973569999999
咸阳,榆林,0.0104973569999999
渭南,西安,0.24236747748
渭南,咸阳,0.05947006068
渭南,铜川,0.04470194628
渭南,延安,0.0341370644399999
渭南,运城,0.0321490490399999
渭南,榆林,0.01130328756
延安,榆林,0.0839621375999999
延安,西安,0.0340831152
延安,渭南,0.0238263767999999
延安,铜川,0.0144972504
延安,庆阳,0.0135961415999999
延安,咸阳,0.01060128
汉中,安康,0.0299930202
汉中,西安,0.0253024397999999
汉中,宝鸡,0.0150823134
汉中,成都,0.0100294524
榆林,延安,0.0842869476
榆林,西安,0.0410876873999999
榆林,庆阳,0.0160127604
榆林,咸阳,0.0104698817999999
榆林,北京,0.0102939173999999
安康,西安,0.0342459057599999
安康,汉中,0.0246479111999999
商洛,西安,0.0442881432
兰州,庆阳,0.02324588544
兰州,成都,0.0159899443199998
兰州,北京,0.0147806207999999
庆阳,兰州,0.0244140220799999
庆阳,榆林,0.01522082016
庆阳,咸阳,0.014093352
庆阳,西安,0.01357298208
庆阳,延安,0.01084104
