city_name,city_id_name,num
北京,郑州,0.09205806168
北京,成都,0.0772940329199999
郑州,北京,0.07022347488
成都,北京,0.07254945792
西安,咸阳,1.72583570808
西安,渭南,0.4935100219199999
西安,宝鸡,0.217405296
西安,商洛,0.14095110024
西安,延安,0.0837010389599999
西安,安康,0.0837010389599999
西安,榆林,0.0764541957599996
西安,铜川,0.0579747456
西安,汉中,0.04674213864
铜川,渭南,0.04742982864
铜川,西安,0.04027273344
宝鸡,西安,0.11250563688
宝鸡,咸阳,0.0983606166
咸阳,西安,1.2019091817599998
咸阳,宝鸡,0.11746233144
咸阳,渭南,0.07620077592
渭南,西安,0.29513249424
渭南,咸阳,0.06625157184
渭南,铜川,0.0427113972
延安,榆林,0.0984595499999999
延安,西安,0.0628086312
榆林,延安,0.09017676864
榆林,西安,0.05950897632
安康,西安,0.0513032778
商洛,西安,0.07370126496
兰州,天水,0.11497142592
天水,兰州,0.0976659962399999
