city_name,city_id_name,num
北京,郑州,0.07802280612
北京,成都,0.07391634264
郑州,北京,0.0867987187199994
成都,北京,0.0753423444
西安,咸阳,1.49407145136
西安,渭南,0.29916590544
西安,宝鸡,0.14914343376
西安,延安,0.0776483495999999
西安,安康,0.0741321979199999
西安,榆林,0.0612396417599999
西安,商洛,0.0468820224
西安,铜川,0.04307285808
铜川,渭南,0.0421121138399999
宝鸡,西安,0.1063780581599999
宝鸡,咸阳,0.09802768392
咸阳,西安,1.2154324428
咸阳,宝鸡,0.0944762129999998
咸阳,渭南,0.055716741
渭南,西安,0.24236747748
渭南,咸阳,0.05947006068
渭南,铜川,0.04470194628
延安,榆林,0.0839621375999999
榆林,延安,0.0842869476
榆林,西安,0.0410876873999999
商洛,西安,0.0442881432
兰州,天水,0.09661151232
天水,兰州,0.11479045248
