city_name,city_id_name,num
北京,成都,0.06122740104
北京,郑州,0.04825549404
北京,运城,0.01089640188
北京,兰州,0.0103775256
运城,渭南,0.02071632348
郑州,北京,0.05509923912
郑州,成都,0.01235870784
成都,北京,0.05579928648
成都,郑州,0.01411789176
成都,兰州,0.01277333064
成都,汉中,0.01277333064
西安,咸阳,0.1277983331999999
西安,渭南,0.0307931868
西安,宝鸡,0.0110221106399999
铜川,渭南,0.0187574615999999
宝鸡,咸阳,0.0228066516
宝鸡,西安,0.0114915283199999
咸阳,西安,0.12317931468
咸阳,宝鸡,0.02710002096
咸阳,渭南,0.0120635114399999
渭南,西安,0.029274696
渭南,铜川,0.016411572
渭南,延安,0.0130228041599999
渭南,运城,0.01298731968
延安,榆林,0.03478844376
汉中,安康,0.02062965996
榆林,延安,0.03442845384
榆林,庆阳,0.0102771504
安康,汉中,0.015484365
兰州,庆阳,0.02140695216
兰州,北京,0.01236337344
兰州,成都,0.0121344220799999
庆阳,兰州,0.0232819012799999
