city_name,city_id_name,num
北京,郑州,0.07465643316
北京,成都,0.0694478447999999
郑州,北京,0.06275708928
成都,北京,0.0688447544399999
西安,咸阳,1.1530121677200005
西安,渭南,0.18734514624
西安,宝鸡,0.10206775656
西安,延安,0.06539406048
西安,安康,0.0589872099599997
西安,榆林,0.0576616546799997
宝鸡,咸阳,0.0717883398
宝鸡,西安,0.06572133288
咸阳,西安,0.91283181336
咸阳,宝鸡,0.0767519776799998
渭南,西安,0.1451206367999999
延安,榆林,0.07951701312
榆林,延安,0.07070621544
兰州,天水,0.0906139321199998
天水,兰州,0.0903833056799999
