city_name,city_id_name,num
北京,郑州,0.1123330031999999
北京,成都,0.0980360755199999
郑州,北京,0.0850060494
成都,北京,0.07704281952
西安,咸阳,0.09175086756
西安,汉中,0.04644398088
咸阳,西安,0.0851940342
兰州,天水,0.19487556072
兰州,庆阳,0.06140773296
天水,兰州,0.09176268384
庆阳,兰州,0.0511664590799999
