city_name,city_id_name,num
北京,郑州,0.07314592572
北京,成都,0.0669086762399999
郑州,北京,0.0606033349199999
成都,北京,0.0690186095999993
西安,咸阳,1.01364688548
西安,渭南,0.13373308332
西安,宝鸡,0.0780909109199999
西安,延安,0.05391534636
西安,安康,0.05142104208
西安,榆林,0.04201943364
宝鸡,咸阳,0.0546061824
宝鸡,西安,0.0444348828
咸阳,西安,0.6886786341600001
咸阳,宝鸡,0.06505433352
渭南,西安,0.0996425712
延安,榆林,0.07060895712
榆林,延安,0.06789429072
兰州,天水,0.08931447504
天水,兰州,0.0861630048
