city_name,city_id_name,num
北京,成都,0.0668567455199994
北京,郑州,0.0645108948
北京,兰州,0.014661567
运城,渭南,0.0127398743999999
郑州,北京,0.0591430896
郑州,成都,0.01633475808
成都,北京,0.06149358324
成都,汉中,0.0143286019199999
成都,郑州,0.0137315768399999
成都,兰州,0.01313455176
西安,咸阳,0.0732101101199999
西安,渭南,0.03332864556
西安,宝鸡,0.01080711072
西安,安康,0.01074662316
铜川,渭南,0.01253543688
宝鸡,咸阳,0.02046479904
宝鸡,西安,0.0134999978399999
咸阳,西安,0.07317841968
咸阳,宝鸡,0.02251058688
渭南,西安,0.019886634
渭南,运城,0.0118521144
渭南,铜川,0.0111972132
延安,榆林,0.02811871584
汉中,安康,0.018361728
汉中,宝鸡,0.0115334604
榆林,延安,0.0298760270399999
榆林,庆阳,0.0100972656
安康,汉中,0.01856421828
兰州,庆阳,0.02485584144
兰州,成都,0.0147658464
兰州,北京,0.01242792072
庆阳,兰州,0.0322374006
