city_name,city_id_name,num
北京,郑州,0.0761222966399993
北京,成都,0.06766426368
北京,兰州,0.01691606592
运城,郑州,0.0126793026
运城,渭南,0.012599307
郑州,北京,0.07147557288
郑州,成都,0.01802987424
成都,北京,0.06504596784
成都,郑州,0.01703584872
成都,兰州,0.0154871352
成都,汉中,0.01471277844
西安,咸阳,0.0755112002399999
西安,商洛,0.0302709052799999
西安,渭南,0.0281358100799999
西安,安康,0.02628539424
铜川,渭南,0.0113037443999999
宝鸡,咸阳,0.0201520872
宝鸡,西安,0.0149601815999999
宝鸡,汉中,0.0122036543999999
咸阳,西安,0.07716476664
咸阳,宝鸡,0.02418915636
渭南,西安,0.03061200276
渭南,运城,0.0133396956
渭南,延安,0.01061978364
渭南,铜川,0.01058513508
延安,榆林,0.026786295
汉中,安康,0.0191043295199999
汉中,宝鸡,0.01004186808
榆林,延安,0.02879328384
榆林,庆阳,0.01012645152
安康,汉中,0.01920702132
商洛,西安,0.01211427252
兰州,庆阳,0.04696514784
兰州,成都,0.01554927192
兰州,北京,0.0147559417199999
庆阳,兰州,0.041145489
