city_name,city_id_name,num
北京,成都,0.0723195799199993
北京,郑州,0.0266440557599999
北京,兰州,0.015859557
北京,运城,0.01205326332
运城,渭南,0.0132129791999999
郑州,北京,0.0195163667999997
成都,北京,0.06286546728
成都,兰州,0.0192445308
成都,汉中,0.01539562464
西安,咸阳,0.0896784890399999
西安,渭南,0.0282764617199999
西安,宝鸡,0.0112347550799999
铜川,渭南,0.01169289756
宝鸡,咸阳,0.02044084896
宝鸡,汉中,0.01282989456
咸阳,西安,0.07296230196
咸阳,宝鸡,0.0286006626
渭南,西安,0.022088376
渭南,运城,0.0139854599999999
渭南,铜川,0.012240882
渭南,延安,0.0108135
延安,榆林,0.0186884787599999
汉中,安康,0.0206986071599999
榆林,延安,0.0198625089599999
安康,汉中,0.017585343
兰州,庆阳,0.04540787424
兰州,成都,0.01410278688
兰州,北京,0.01177815168
庆阳,兰州,0.0263904642
