city_name,city_id_name,num
北京,运城,0.0819321641999999
北京,成都,0.0413286137999992
西安,咸阳,1.95254625168
西安,渭南,1.3326427638
西安,商洛,0.852492075119999
西安,宝鸡,0.533057105519999
西安,安康,0.3344084838
西安,汉中,0.3194349696
西安,延安,0.243569164319999
西安,榆林,0.21561860448
西安,庆阳,0.13176692496
西安,运城,0.116793410759999
西安,天水,0.1137987079199989
西安,铜川,0.10581283368
西安,兰州,0.056899353959999
西安,成都,0.0499117139999999
宝鸡,西安,0.0860958719999999
宝鸡,咸阳,0.0619591679999999
咸阳,西安,1.26376982784
咸阳,宝鸡,0.0943568870399999
咸阳,渭南,0.08938066176
渭南,西安,0.2854627272
渭南,咸阳,0.0482208228
延安,榆林,0.0834381032399999
延安,西安,0.0728198747999999
榆林,延安,0.0817246421999999
榆林,西安,0.0642059622
安康,西安,0.04291743528
商洛,西安,0.08532729216
兰州,天水,0.1716617933999999
兰州,庆阳,0.048634506
天水,兰州,0.09395944272
