city_name,city_id_name,num
北京,成都,0.0675648863999993
北京,运城,0.0498205728
成都,北京,0.0408708860399991
西安,咸阳,0.4197274523999999
西安,商洛,0.2053882461599999
西安,宝鸡,0.1427315256
西安,渭南,0.1313613871199997
西安,安康,0.12676494816
西安,汉中,0.1153948096799997
西安,延安,0.10450850688
西安,榆林,0.1040246711999999
宝鸡,咸阳,0.04237845804
咸阳,西安,0.29778517296
咸阳,宝鸡,0.0859076279999999
咸阳,商洛,0.0494492687999999
咸阳,渭南,0.0485273332799999
渭南,西安,0.05184870912
延安,榆林,0.067648284
榆林,延安,0.0712052175599999
兰州,天水,0.12777227064
兰州,庆阳,0.0437156028
天水,兰州,0.1043269632
