city_name,city_id_name,num
北京,成都,0.0876461731199992
北京,运城,0.02844656496
北京,兰州,0.02075830416
北京,郑州,0.01691417376
运城,渭南,0.01486237896
成都,北京,0.0699813431999999
成都,兰州,0.0216118853999999
成都,汉中,0.0195536106
西安,咸阳,0.10371098088
西安,渭南,0.0310610570399999
西安,宝鸡,0.0243907653599999
西安,安康,0.0128583936
西安,延安,0.0128182111199999
西安,榆林,0.01169310168
铜川,渭南,0.0156807446399999
宝鸡,咸阳,0.0459679374
宝鸡,西安,0.03827098044
宝鸡,汉中,0.02095282728
宝鸡,榆林,0.0172570662
宝鸡,渭南,0.01514956608
宝鸡,延安,0.01124000064
宝鸡,商洛,0.0112094571599999
咸阳,西安,0.201189744
咸阳,宝鸡,0.0973614654
咸阳,渭南,0.04181872536
咸阳,汉中,0.0404535092399999
咸阳,安康,0.03722010264
咸阳,榆林,0.03635786088
咸阳,延安,0.02744802936
咸阳,商洛,0.02536427844
咸阳,兰州,0.01034690112
渭南,西安,0.055869669
渭南,延安,0.02444121216
渭南,运城,0.0190381201199999
渭南,咸阳,0.01875523572
渭南,铜川,0.0161244108
渭南,榆林,0.01190943324
渭南,商洛,0.0118528563599999
延安,榆林,0.07494937128
延安,渭南,0.02980026612
延安,西安,0.02698424928
延安,咸阳,0.0207642560399999
延安,商洛,0.0119448626399999
延安,庆阳,0.0100881482399999
延安,安康,0.010057203
汉中,西安,0.042273576
汉中,安康,0.035987328
汉中,宝鸡,0.033074892
汉中,咸阳,0.025116156
汉中,渭南,0.021021444
汉中,商洛,0.0113613839999999
汉中,成都,0.0108135
榆林,延安,0.04829544648
榆林,西安,0.01800029952
安康,汉中,0.0304793150399999
安康,西安,0.01129341852
商洛,西安,0.02620689876
兰州,庆阳,0.03805459704
兰州,北京,0.01947394872
兰州,成都,0.01590074712
庆阳,兰州,0.02539640628
