city_name,city_id_name,num
北京,成都,0.07485914376
北京,郑州,0.02698410996
北京,兰州,0.02002046868
北京,运城,0.0147977377199999
运城,渭南,0.0145499652
运城,榆林,0.0100154232
成都,北京,0.06724783944
成都,兰州,0.0221088787199999
成都,汉中,0.01750286232
西安,咸阳,0.08267717304
西安,渭南,0.02481046524
西安,宝鸡,0.0103300758
铜川,渭南,0.01221451812
宝鸡,咸阳,0.02205445968
宝鸡,汉中,0.01470796056
宝鸡,西安,0.01176038352
咸阳,西安,0.08109632196
咸阳,宝鸡,0.02753021844
渭南,西安,0.02513024352
渭南,铜川,0.01625792472
渭南,运城,0.0162259524
渭南,延安,0.0121494816
延安,榆林,0.02044243008
延安,渭南,0.01058774976
汉中,安康,0.02357586
汉中,宝鸡,0.0104223672
榆林,延安,0.0217780487999999
安康,汉中,0.0231647623199999
兰州,庆阳,0.0575152649999999
兰州,成都,0.0181319309999999
兰州,北京,0.015792327
庆阳,兰州,0.02671452576
