city_name,city_id_name,num
北京,成都,0.0779868
成都,北京,0.07001255736
西安,咸阳,0.07982410032
咸阳,西安,0.07473031488
兰州,天水,0.12305317824
兰州,庆阳,0.04019543676
天水,兰州,0.0865055116799999
