city_name,city_id_name,num
北京,成都,0.0876461731199992
成都,北京,0.0699813431999999
西安,咸阳,0.10371098088
宝鸡,咸阳,0.0459679374
咸阳,西安,0.201189744
咸阳,宝鸡,0.0973614654
咸阳,渭南,0.04181872536
咸阳,汉中,0.0404535092399999
渭南,西安,0.055869669
延安,榆林,0.07494937128
汉中,西安,0.042273576
榆林,延安,0.04829544648
兰州,天水,0.13328041968
天水,兰州,0.105028488
