city_name,city_id_name,num
北京,运城,0.0755695332
北京,成都,0.0613534823999992
西安,咸阳,0.65574526536
西安,渭南,0.5127242749199996
西安,商洛,0.3047661774
西安,榆林,0.23664197304
西安,宝鸡,0.21074680764
西安,安康,0.19202261112
西安,延安,0.1872419652
西安,汉中,0.15258228228
西安,运城,0.0450177490799999
宝鸡,咸阳,0.0402532415999999
咸阳,西安,0.3247110828
咸阳,渭南,0.0771677604
咸阳,宝鸡,0.0597710988
渭南,西安,0.06731360496
延安,榆林,0.04266336096
榆林,延安,0.05316137244
兰州,天水,0.1458274103999998
天水,兰州,0.07995421224
