city_name,city_id_name,num
北京,成都,0.08395101792
北京,郑州,0.07186715928
郑州,北京,0.12371004288
成都,北京,0.07896415896
西安,咸阳,0.0816393621599999
咸阳,西安,0.09054477432
兰州,天水,0.1182671409599999
天水,兰州,0.118490526
