city_name,city_id_name,num
北京,成都,0.0723195799199993
成都,北京,0.06286546728
西安,咸阳,0.0896784890399999
咸阳,西安,0.07296230196
兰州,天水,0.1270800575999998
兰州,庆阳,0.04540787424
天水,兰州,0.100323522
