city_name,city_id_name,num
北京,成都,0.0829216342799999
成都,北京,0.07380268668
西安,咸阳,0.09027589968
宝鸡,咸阳,0.06307064352
宝鸡,西安,0.04306250304
咸阳,西安,0.0995497289999999
渭南,西安,0.08374984632
渭南,咸阳,0.0503101594799999
延安,榆林,0.045320472
榆林,延安,0.0402128064
兰州,天水,0.1366379668799998
兰州,庆阳,0.0407874528
天水,兰州,0.09646760448
