city_name,city_id_name,num
北京,成都,0.09849053088
北京,兰州,0.0232916795999993
北京,运城,0.02196072648
北京,郑州,0.01530596088
运城,渭南,0.0144790286399999
成都,北京,0.07603452504
成都,兰州,0.0223630956
成都,汉中,0.0149087304
西安,咸阳,0.0899352039599999
西安,渭南,0.0250447075199999
西安,宝鸡,0.0105843704399999
铜川,渭南,0.0135715176
宝鸡,咸阳,0.02263597812
宝鸡,西安,0.0154162763999999
宝鸡,汉中,0.01421044884
咸阳,西安,0.09248350608
咸阳,宝鸡,0.0290144332799999
渭南,西安,0.0333914076
渭南,运城,0.01570201848
渭南,铜川,0.014770998
渭南,延安,0.0125687764799999
渭南,咸阳,0.01000847016
延安,榆林,0.0219585168
延安,西安,0.0103974191999999
延安,渭南,0.010264968
汉中,安康,0.0275074379999999
汉中,宝鸡,0.018269712
汉中,西安,0.01275588
汉中,咸阳,0.011850624
汉中,渭南,0.0100401119999999
榆林,延安,0.0353815776
榆林,西安,0.018300816
榆林,庆阳,0.01049246784
安康,汉中,0.02616730272
商洛,渭南,0.01140156
兰州,庆阳,0.05466071808
兰州,北京,0.01797064704
兰州,成都,0.0174090643199999
庆阳,兰州,0.031352832
