city_name,city_id_name,num
北京,成都,0.08367489216
成都,北京,0.0709370265599999
西安,咸阳,0.08822092968
咸阳,西安,0.0945324432
渭南,西安,0.0405602510399999
兰州,天水,0.1514658657599998
兰州,庆阳,0.04200606864
天水,兰州,0.09728159616
