city_name,city_id_name,num
北京,成都,0.0829216342799999
北京,运城,0.01968643116
北京,兰州,0.01968643116
北京,郑州,0.0137208459599999
运城,渭南,0.01493302068
成都,北京,0.07380268668
成都,汉中,0.02206472076
成都,兰州,0.02054301588
西安,咸阳,0.09027589968
西安,渭南,0.02682704448
西安,宝鸡,0.0130033965599999
铜川,渭南,0.0179105094
铜川,宝鸡,0.01263006108
宝鸡,咸阳,0.06307064352
宝鸡,西安,0.04306250304
宝鸡,汉中,0.0394624224
宝鸡,渭南,0.02661982704
宝鸡,延安,0.01028099952
咸阳,西安,0.0995497289999999
咸阳,宝鸡,0.034484211
渭南,西安,0.08374984632
渭南,咸阳,0.0503101594799999
渭南,宝鸡,0.03774337884
渭南,商洛,0.02758666572
渭南,安康,0.02332601064
渭南,汉中,0.0221209768799999
渭南,延安,0.02027038932
渭南,榆林,0.01846283868
渭南,铜川,0.01773121104
渭南,运城,0.01691350956
延安,榆林,0.045320472
延安,渭南,0.0116879112
延安,西安,0.0111710988
汉中,安康,0.0302791316399999
汉中,宝鸡,0.01885162572
汉中,西安,0.01236726792
榆林,延安,0.0402128064
榆林,西安,0.01624281984
榆林,渭南,0.01450814976
榆林,宝鸡,0.0110388095999999
榆林,咸阳,0.01072341504
榆林,庆阳,0.01017147456
安康,汉中,0.0266553503999999
安康,西安,0.0144087335999999
商洛,渭南,0.01214395416
商洛,西安,0.01074809736
商洛,安康,0.01023270408
兰州,庆阳,0.0407874528
兰州,成都,0.0168248242799998
兰州,北京,0.01665487656
庆阳,兰州,0.0305079145199999
