city_name,city_id_name,num
北京,成都,0.0774882288
成都,北京,0.0510683939999999
西安,咸阳,0.15139577484
西安,汉中,0.0541809064799999
西安,宝鸡,0.0530324333999999
西安,安康,0.04080457296
咸阳,西安,0.2112287705999999
咸阳,宝鸡,0.09728488476
咸阳,渭南,0.05927290992
咸阳,榆林,0.0499770032399999
咸阳,汉中,0.0464795333999999
咸阳,安康,0.04022090316
渭南,西安,0.04537410696
延安,榆林,0.05591694384
榆林,延安,0.0518818608
兰州,天水,0.11424328128
天水,兰州,0.1073430792
