city_name,city_id_name,num
北京,郑州,0.04734696888
北京,成都,0.04375099656
郑州,北京,0.0446184288
西安,咸阳,0.08361585288
咸阳,西安,0.11163923496
兰州,天水,0.15590475648
兰州,庆阳,0.0529358976
天水,兰州,0.0723619007999999
