city_name,city_id_name,num
北京,运城,0.11188982304
北京,成都,0.05208664176
北京,郑州,0.05015750688
北京,西安,0.05015750688
成都,汉中,0.0447615072
西安,咸阳,2.2176060249600003
西安,渭南,1.48558945536
西安,宝鸡,0.808361856
西安,商洛,0.67273670016
西安,安康,0.31615930368
西安,汉中,0.29101026816
西安,延安,0.28831572864
西安,榆林,0.26226851328
西安,铜川,0.17694142848
西安,庆阳,0.14550513408
西安,运城,0.12933789696
西安,天水,0.11137430016
西安,兰州,0.04401081216
铜川,西安,0.06330468816
铜川,渭南,0.04599437904
宝鸡,西安,0.14963660712
宝鸡,咸阳,0.1074636525599999
咸阳,西安,1.13238237168
咸阳,宝鸡,0.14277942576
咸阳,渭南,0.11393690688
渭南,西安,0.42115298436
渭南,咸阳,0.0680495774399999
渭南,铜川,0.04341624624
延安,榆林,0.1439770528799999
延安,西安,0.1162822748399999
延安,渭南,0.042504102
汉中,西安,0.04799772288
榆林,延安,0.1269426492
榆林,西安,0.09884360016
安康,西安,0.0637230888
安康,汉中,0.042749532
商洛,西安,0.1182481934399999
兰州,天水,0.33898852512
兰州,庆阳,0.12010520592
天水,兰州,0.0720148968
庆阳,西安,0.047881773
