city_name,city_id_name,num
北京,运城,0.0906271027199999
北京,成都,0.04774106304
西安,咸阳,1.720577052
西安,渭南,0.96739272
西安,商洛,0.4947522768
西安,宝鸡,0.4567475628
西安,安康,0.2218093307999999
西安,汉中,0.1996974972
西安,榆林,0.1803496427999993
西安,延安,0.1686027311999993
西安,铜川,0.107104194
西安,庆阳,0.0891383292
西安,天水,0.0773914176
西安,运城,0.0739364436
铜川,西安,0.04136293512
宝鸡,西安,0.11305204992
宝鸡,咸阳,0.07698043008
咸阳,西安,1.09240834032
咸阳,宝鸡,0.0978300665999999
咸阳,渭南,0.0756333288
渭南,西安,0.3567850577999999
渭南,咸阳,0.0503783712
延安,榆林,0.08561134296
延安,西安,0.06620864508
榆林,延安,0.0987454314
榆林,西安,0.07839788796
安康,西安,0.0556144379999999
商洛,西安,0.09624399588
兰州,天水,0.19009994976
天水,兰州,0.06917156352
