city_name,city_id_name,num
北京,郑州,0.0537606719999999
北京,成都,0.0526854585599999
北京,兰州,0.01505298816
北京,运城,0.0123649545599999
运城,渭南,0.01472090112
郑州,北京,0.0678710663999995
郑州,成都,0.01216998432
成都,北京,0.04428202284
成都,兰州,0.01426031244
成都,郑州,0.0105075986399999
成都,汉中,0.0105075986399999
西安,咸阳,0.0828649116
西安,渭南,0.0237354623999999
西安,榆林,0.0105173964
铜川,渭南,0.0110463912
宝鸡,咸阳,0.0216000756
宝鸡,西安,0.0118505332799999
宝鸡,汉中,0.01081184112
咸阳,西安,0.0844605792
咸阳,宝鸡,0.0235181231999999
渭南,西安,0.0247749515999999
渭南,铜川,0.0127211212799999
渭南,运城,0.0121390164
延安,榆林,0.0226391759999999
汉中,安康,0.02662441488
榆林,延安,0.02243342304
安康,汉中,0.01895099976
兰州,庆阳,0.04331729664
兰州,成都,0.01218298968
兰州,北京,0.01188217512
庆阳,兰州,0.0242657532
