city_name,city_id_name,num
北京,成都,0.08622461016
北京,运城,0.0225213533999993
北京,兰州,0.02123441892
北京,郑州,0.01479974652
运城,渭南,0.0156149531999999
成都,北京,0.0757175688
成都,兰州,0.02072270304
成都,汉中,0.019925676
西安,咸阳,0.1014433372799999
西安,渭南,0.03095918496
西安,宝鸡,0.01505130336
西安,安康,0.01058485968
铜川,渭南,0.0158739102
宝鸡,咸阳,0.0630174168
宝鸡,西安,0.05005153296
宝鸡,汉中,0.0299987064
宝鸡,渭南,0.02520696672
宝鸡,榆林,0.0223882963199999
宝鸡,延安,0.01743548976
宝鸡,商洛,0.01715362272
宝鸡,安康,0.0136906848
咸阳,西安,0.1483100604
咸阳,宝鸡,0.0655732908
咸阳,汉中,0.02235653136
咸阳,榆林,0.0204641478
咸阳,渭南,0.01953996048
咸阳,安康,0.01813167504
咸阳,延安,0.0138628098
咸阳,商洛,0.01236650652
渭南,西安,0.08040579372
渭南,咸阳,0.03103381512
渭南,延安,0.02607755472
渭南,榆林,0.0215406702
渭南,安康,0.02127379464
渭南,宝鸡,0.0205494181199999
渭南,商洛,0.0202444174799999
渭南,铜川,0.01875753936
渭南,运城,0.0170419107599999
渭南,汉中,0.01425877992
延安,榆林,0.08863689384
延安,渭南,0.02460691872
延安,西安,0.023827122
延安,咸阳,0.0159136293599999
延安,宝鸡,0.01426739184
延安,汉中,0.0111193236
延安,铜川,0.01045505232
延安,安康,0.010108476
汉中,安康,0.03393223812
汉中,宝鸡,0.0274557373199999
汉中,西安,0.0272706944399999
汉中,渭南,0.01443334464
汉中,咸阳,0.0108481388399999
榆林,延安,0.049526073
榆林,西安,0.0149786171999999
榆林,庆阳,0.0112742279999999
安康,汉中,0.0279158140799999
安康,西安,0.01150052904
商洛,西安,0.01748954592
商洛,安康,0.0107890056
兰州,庆阳,0.036467496
兰州,成都,0.0205335
兰州,北京,0.0169196039999999
庆阳,兰州,0.0288511858799999
