city_name,city_id_name,num
西安,咸阳,0.08188335036
西安,渭南,0.02496629466
宝鸡,咸阳,0.02478972924
西安,咸阳,0.0822797109
宝鸡,咸阳,0.023421381659999997
西安,渭南,0.02488672511999995
延安,榆林,0.0211392536399999
汉中,安康,0.0233662968
延安,榆林,0.02078035316999995
汉中,安康,0.02347361532
平凉,庆阳,0.03582234072
平凉,庆阳,0.03410196066
