city_name,city_id_name,num
西安,咸阳,0.0875854846799999
西安,渭南,0.0240505102799999
宝鸡,咸阳,0.0251179299
西安,咸阳,0.08775410480999996
宝鸡,咸阳,0.02319960366
西安,渭南,0.0240256708199999
延安,榆林,0.02524841928
汉中,安康,0.0230649848999998
延安,榆林,0.02580253217999995
汉中,安康,0.02249704853999985
平凉,庆阳,0.04296311604
平凉,庆阳,0.042613701479999946
