city_name,city_id_name,num
晋中,吕梁,0.08756517474
临汾,晋中,0.04200633432
榆林,忻州,0.04887142128
晋中,吕梁,0.08623066409999999
榆林,吕梁,0.04871470896
包头,鄂尔多斯,0.1187456063399999
鄂尔多斯,榆林,0.19183618476
包头,鄂尔多斯,0.1096005848399999
延安,榆林,0.0530177594399999
鄂尔多斯,榆林,0.19928352402
银川,榆林,0.0473866070399999
延安,榆林,0.0501430321799999
银川,吴忠,0.4204793462399999
鄂尔多斯,银川,0.044751204
银川,吴忠,0.4185155190599999
