city_name,city_id_name,num
廊坊,北京,0.38511526464
保定,北京,0.16910603604
天津,北京,0.12010083516
张家口,北京,0.08748862487999995
廊坊,天津,0.24737401782000001
唐山,天津,0.22648611203999996
沧州,天津,0.17090386992
邢台,石家庄,0.14598714888
保定,石家庄,0.15278942843999999
邯郸,石家庄,0.08154836999999995
衡水,石家庄,0.08181545939999996
秦皇岛,唐山,0.15302287368
承德,唐山,0.08085028446
邢台,邯郸,0.15188207616
廊坊,保定,0.16433762111999994
沧州,保定,0.154328247
衡水,保定,0.054805646519999904
张家口,保定,0.0433591865999999
廊坊,沧州,0.1128373011
衡水,沧州,0.11352323825999999
