city_name,city_id_name,num
廊坊,北京,0.34936031592
保定,北京,0.15194516544
天津,北京,0.12715479144
张家口,北京,0.06302131775999995
廊坊,天津,0.07096228236
唐山,天津,0.06369602184
沧州,天津,0.05449670279999995
保定,石家庄,0.08835221124
邢台,石家庄,0.08086574411999994
邯郸,石家庄,0.057614507819999945
