city_name,city_id_name,num
廊坊,北京,0.7552202346
保定,北京,0.26795383524
天津,北京,0.2028179088
张家口,北京,0.10516005468
唐山,北京,0.05776778574
沧州,北京,0.04635153558
承德,北京,0.06301547442
廊坊,天津,0.19579182137999995
唐山,天津,0.16871531796
沧州,天津,0.12481385094
保定,天津,0.06261235686
邯郸,天津,0.05264956097999995
保定,石家庄,0.0706387716
邢台,石家庄,0.06410803643999999
秦皇岛,唐山,0.08588060963999995
承德,唐山,0.045781115760000005
邢台,邯郸,0.0994933367999999
廊坊,保定,0.1060339977
沧州,保定,0.08883322488
廊坊,沧州,0.06747643440000001
衡水,沧州,0.059265999
