city_name,city_id_name,num
天津,北京,0.248132079
北京,天津,0.4414424022
赤峰,通辽,0.0407477952
绥化,哈尔滨,0.04639032324
哈尔滨,齐齐哈尔,0.04571299152
哈尔滨,大庆,0.0400086216
哈尔滨,绥化,0.0768675679199999
