city_name,city_id_name,num
天津,北京,0.2310366563999999
北京,天津,0.19987904088
通辽,赤峰,0.04367560824
呼和浩特,赤峰,0.04079136996
赤峰,通辽,0.04505770152
齐齐哈尔,呼伦贝尔,0.0441232919999999
绥化,哈尔滨,0.2040891228
大庆,哈尔滨,0.0934913502
齐齐哈尔,哈尔滨,0.0816118902
哈尔滨,齐齐哈尔,0.0838137618
大庆,齐齐哈尔,0.0479968416
呼伦贝尔,齐齐哈尔,0.0472378554
哈尔滨,大庆,0.09989902368
绥化,大庆,0.0903265668
齐齐哈尔,大庆,0.04555913688
哈尔滨,绥化,0.2296918296
大庆,绥化,0.1176088895999999
