city_name,city_id_name,num
廊坊,北京,0.30378037742999997
保定,北京,0.12758255406
天津,北京,0.09044568135
唐山,天津,0.12790511468999993
沧州,天津,0.07967840885999995
廊坊,天津,0.10873400066999994
邢台,石家庄,0.08163499706999999
保定,石家庄,0.08049012524999995
秦皇岛,唐山,0.08841743729999996
邢台,邯郸,0.06392304377999994
沧州,保定,0.04823219033999995
廊坊,保定,0.05681847140999995
衡水,沧州,0.05227448481
廊坊,沧州,0.0528438816
