city_name,city_id_name,num
天津,北京,0.16999509204
北京,天津,0.21340508832
通辽,赤峰,0.0409293648
赤峰,通辽,0.04467512556
哈尔滨,绥化,0.04240441368
