city_name,city_id_name,num
天津,北京,0.210764592
北京,天津,0.1907341991999999
呼和浩特,赤峰,0.05614292736
通辽,赤峰,0.0508944384
赤峰,通辽,0.042919632
绥化,哈尔滨,0.24565628808
大庆,哈尔滨,0.0859679243999999
齐齐哈尔,哈尔滨,0.07171844652
哈尔滨,齐齐哈尔,0.06831527364
呼伦贝尔,齐齐哈尔,0.0466128172799999
大庆,齐齐哈尔,0.04003333956
绥化,大庆,0.1196800725599999
哈尔滨,大庆,0.0830498540399999
哈尔滨,绥化,0.22567820184
大庆,绥化,0.13505754024
