city_name,city_id_name,num
天津,北京,0.2022534359999999
北京,天津,0.20254261248
通辽,赤峰,0.04196468736
哈尔滨,绥化,0.06168172032
