city_name,city_id_name,num
天津,北京,0.2289132089999999
北京,天津,0.2096306373599999
通辽,赤峰,0.0444651767999999
赤峰,通辽,0.04263515676
绥化,哈尔滨,0.071468082
大庆,哈尔滨,0.05800441752
齐齐哈尔,哈尔滨,0.0523791878399999
北京,哈尔滨,0.04048321032
哈尔滨,齐齐哈尔,0.0795182832
哈尔滨,大庆,0.0707426946
哈尔滨,绥化,0.1183295304
大庆,绥化,0.0434738664
