city_name,city_id_name,num
天津,北京,0.19372525704
北京,天津,0.4101964578
通辽,赤峰,0.044703576
赤峰,通辽,0.04029839748
