city_name,city_id_name,num
天津,北京,0.4060701072
北京,天津,0.26433796608
通辽,赤峰,0.053914896
赤峰,通辽,0.0541679950799999
齐齐哈尔,呼伦贝尔,0.042179454
绥化,哈尔滨,0.3726327239999999
大庆,哈尔滨,0.1475917848
齐齐哈尔,哈尔滨,0.1030219883999999
哈尔滨,齐齐哈尔,0.07543269504
大庆,齐齐哈尔,0.0511914978
呼伦贝尔,齐齐哈尔,0.05020636932
绥化,大庆,0.1737621590399999
哈尔滨,大庆,0.1077951888
齐齐哈尔,大庆,0.06260412888
哈尔滨,绥化,0.2497804646399999
大庆,绥化,0.14993745408
