city_name,city_id_name,num
天津,北京,0.2217321539999999
北京,天津,0.27174094164
赤峰,通辽,0.0411339967199999
绥化,哈尔滨,0.0539403721199999
大庆,哈尔滨,0.04831995708
哈尔滨,齐齐哈尔,0.0567155844
哈尔滨,大庆,0.0542828044799999
哈尔滨,绥化,0.09439290288
