city_name,city_id_name,num
廊坊,北京,1.31510008755
保定,北京,0.60244865046
天津,北京,0.54378993276
张家口,北京,0.2654570475
石家庄,北京,0.16902822581999993
承德,北京,0.15136134984
唐山,北京,0.15288676289999995
沧州,北京,0.11395446119999994
邯郸,北京,0.11510994725999996
秦皇岛,北京,0.06526276433999995
衡水,北京,0.07559454357
邢台,北京,0.07371278315999996
廊坊,天津,0.36829452599999996
唐山,天津,0.35735177267999996
沧州,天津,0.22992229889999993
保定,天津,0.11258594676
邯郸,天津,0.07456233221999989
石家庄,天津,0.06421331780999989
保定,石家庄,0.38421870075
邢台,石家庄,0.37031271552
衡水,石家庄,0.18950599052999995
邯郸,石家庄,0.21924511946999992
沧州,石家庄,0.13488077151
唐山,石家庄,0.07502184603
廊坊,石家庄,0.07024016411999989
张家口,石家庄,0.0625309534799999
秦皇岛,唐山,0.17669647313999995
承德,唐山,0.0816975063899999
保定,唐山,0.06757276121999994
廊坊,唐山,0.0616629793499999
沧州,唐山,0.05135086205999995
邢台,邯郸,0.24937879616999994
保定,邯郸,0.06635327057999996
保定,邢台,0.06617870423999994
衡水,邢台,0.07417591929
廊坊,保定,0.20898942758999994
沧州,保定,0.19961560700999995
衡水,保定,0.08519845193999989
张家口,保定,0.07563293432999996
廊坊,沧州,0.1257043535999999
衡水,沧州,0.11831150466
