city_name,city_id_name,num
天津,北京,0.34850559744
北京,天津,0.85111438176
北京,呼和浩特,0.0528910430399999
通辽,赤峰,0.06546715164
北京,赤峰,0.0524819314799999
赤峰,通辽,0.063987975
绥化,哈尔滨,0.260040375
大庆,哈尔滨,0.1371626298
齐齐哈尔,哈尔滨,0.0987459984
北京,哈尔滨,0.054781839
黑河,哈尔滨,0.0435480948
哈尔滨,齐齐哈尔,0.1448667341999999
大庆,齐齐哈尔,0.0676502474399999
呼伦贝尔,齐齐哈尔,0.05108097168
哈尔滨,大庆,0.195425703
绥化,大庆,0.140660388
齐齐哈尔,大庆,0.061525818
哈尔滨,绥化,0.52164740988
大庆,绥化,0.2341154339999999
