city_name,city_id_name,num
天津,北京,0.1799151102
北京,天津,0.1959552
通辽,赤峰,0.0403919946
赤峰,通辽,0.04218411312
