city_name,city_id_name,num
天津,北京,0.2334019276799999
北京,天津,0.3633371964
通辽,赤峰,0.0499929926399999
赤峰,通辽,0.05087473596
齐齐哈尔,呼伦贝尔,0.0416855645999999
绥化,哈尔滨,0.30052874988
大庆,哈尔滨,0.11806029288
齐齐哈尔,哈尔滨,0.08028612108
哈尔滨,齐齐哈尔,0.08905035672
大庆,齐齐哈尔,0.0554770101599999
呼伦贝尔,齐齐哈尔,0.05131715472
绥化,大庆,0.1584348822
哈尔滨,大庆,0.12083180832
齐齐哈尔,大庆,0.05745785544
哈尔滨,绥化,0.3231502452
大庆,绥化,0.1676270051999999
