city_name,city_id_name,num
天津,北京,0.268752978
北京,天津,0.3145236577199999
呼和浩特,赤峰,0.06074184816
通辽,赤峰,0.06006893256
赤峰,通辽,0.05388896304
齐齐哈尔,呼伦贝尔,0.04149609912
绥化,哈尔滨,0.273859056
大庆,哈尔滨,0.1024387884
齐齐哈尔,哈尔滨,0.0849996503999999
哈尔滨,齐齐哈尔,0.0783307972799999
呼伦贝尔,齐齐哈尔,0.0524644387199999
大庆,齐齐哈尔,0.0461716329599999
绥化,大庆,0.135304344
哈尔滨,大庆,0.091298745
齐齐哈尔,大庆,0.044639343
哈尔滨,绥化,0.25614181584
大庆,绥化,0.14952845592
