city_name,city_id_name,num
天津,北京,0.2289132089999999
廊坊,北京,0.1430906958
保定,北京,0.0987437466
北京,天津,0.2096306373599999
廊坊,天津,0.1005767279999999
邯郸,天津,0.04928259672
保定,天津,0.04324799304
北京,邯郸,0.07119332352
天津,邯郸,0.07089368832
邢台,邯郸,0.0410500223999999
北京,保定,0.13843921896
天津,保定,0.04522577976
北京,廊坊,0.1920525422399999
天津,廊坊,0.08028459504
濮阳,聊城,0.10567630656
濮阳,安阳,0.0881811522
邯郸,安阳,0.05255772156
聊城,濮阳,0.10607702976
安阳,濮阳,0.0920706134399999
