city_name,city_id_name,num
天津,北京,0.248132079
廊坊,北京,0.10624934268
保定,北京,0.0837954234
北京,天津,0.4414424022
廊坊,天津,0.069048936
邯郸,天津,0.0455095259999999
北京,邯郸,0.07470731088
天津,邯郸,0.06997604256
邢台,邯郸,0.04719586176
安阳,邯郸,0.04123796832
邯郸,邢台,0.0440839908
北京,保定,0.15858706176
天津,保定,0.0458115264
北京,廊坊,0.15118108596
天津,廊坊,0.06518817468
濮阳,聊城,0.106003728
濮阳,安阳,0.09674274528
邯郸,安阳,0.0492654830399999
聊城,濮阳,0.1069960752
安阳,濮阳,0.0961151184
