city_name,city_id_name,num
天津,北京,0.2022534359999999
廊坊,北京,0.09536373
保定,北京,0.080407404
北京,天津,0.20254261248
廊坊,天津,0.0656072524799999
邯郸,天津,0.04406275584
邢台,邯郸,0.0686547576
天津,邯郸,0.06773553072
北京,邯郸,0.06572472192
邯郸,邢台,0.0581815548
北京,保定,0.12256334532
北京,廊坊,0.14117040288
天津,廊坊,0.06318940896
濮阳,聊城,0.102675276
濮阳,安阳,0.0845812562399999
邯郸,安阳,0.04930640424
聊城,濮阳,0.100185012
安阳,濮阳,0.085026996
