city_name,city_id_name,num
廊坊,北京,0.58784752404
天津,北京,0.20550177252
保定,北京,0.0819830548799999
北京,天津,0.23987712924
廊坊,天津,0.20245243032
邯郸,天津,0.04377723084
邢台,邯郸,0.08396174556
北京,邯郸,0.0669742700399999
天津,邯郸,0.05876748288
安阳,邯郸,0.04000091364
邯郸,邢台,0.0833631911999999
北京,保定,0.140451408
廊坊,保定,0.05846116032
北京,廊坊,0.48873819204
天津,廊坊,0.16683518808
保定,廊坊,0.0492486318
濮阳,聊城,0.09202625784
濮阳,安阳,0.07509959712
邯郸,安阳,0.0482680360799999
聊城,濮阳,0.0889281828
安阳,濮阳,0.0827723448
