city_name,city_id_name,num
廊坊,北京,0.58077187596
天津,北京,0.16999509204
保定,北京,0.0859806932399999
北京,天津,0.21340508832
廊坊,天津,0.18943763868
邯郸,天津,0.040622796
邢台,邯郸,0.08092659132
北京,邯郸,0.07185178548
天津,邯郸,0.06208775388
邯郸,邢台,0.07972670592
北京,保定,0.1302398028
廊坊,保定,0.0559022634
北京,廊坊,0.45093103704
天津,廊坊,0.16540006248
保定,廊坊,0.04711344912
濮阳,聊城,0.09693780624
濮阳,安阳,0.0794535156
邯郸,安阳,0.0458816076
聊城,濮阳,0.087776784
安阳,濮阳,0.0820564992
