city_name,city_id_name,num
廊坊,北京,0.3353535108
天津,北京,0.1055851524
保定,北京,0.0748630512
廊坊,天津,0.1538218187999999
北京,天津,0.1298817504
邢台,邯郸,0.087187428
石家庄,邯郸,0.06815915424
北京,邯郸,0.06509994624
天津,邯郸,0.05788021536
安阳,邯郸,0.04815193392
邯郸,邢台,0.08639193024
石家庄,邢台,0.05748282936
北京,保定,0.12977553024
廊坊,保定,0.05815512936
石家庄,保定,0.0429934456799999
北京,廊坊,0.4216042548
天津,廊坊,0.15025711896
保定,廊坊,0.05150786112
濮阳,聊城,0.0862595891999999
濮阳,安阳,0.085642029
邯郸,安阳,0.0478605996
安阳,濮阳,0.09188042544
聊城,濮阳,0.08025779376
