city_name,city_id_name,num
廊坊,北京,1.1594728475999998
天津,北京,0.45774847008
保定,北京,0.2271962714399999
廊坊,天津,0.27333123732
北京,天津,0.24823461528
保定,天津,0.04916889216
邯郸,天津,0.0484859908799999
北京,邯郸,0.05674687632
天津,邯郸,0.055348596
邢台,邯郸,0.04550237208
安阳,邯郸,0.04258928808
邯郸,邢台,0.041174406
北京,保定,0.1442105856
廊坊,保定,0.1034495712
天津,保定,0.0435187728
北京,廊坊,0.4446098262
天津,廊坊,0.25744608432
保定,廊坊,0.10438188768
濮阳,聊城,0.1046153556
濮阳,安阳,0.08780388012
邯郸,安阳,0.04854413916
安阳,濮阳,0.09677574144
聊城,濮阳,0.0940584959999999
