city_name,city_id_name,num
廊坊,北京,0.6372526964399999
天津,北京,0.16889960916
保定,北京,0.09327824244
廊坊,天津,0.1904127588
北京,天津,0.174356874
邯郸,天津,0.0446554296
邢台,邯郸,0.089867232
北京,邯郸,0.0770784336
天津,邯郸,0.0721703001599999
安阳,邯郸,0.0445879728
邯郸,邢台,0.09237786912
北京,保定,0.1405078326
廊坊,保定,0.0743827341599999
天津,保定,0.04180028004
北京,廊坊,0.47766193776
天津,廊坊,0.16608563676
保定,廊坊,0.05427173016
濮阳,聊城,0.09143295876
濮阳,安阳,0.08700968808
邯郸,安阳,0.05479327296
安阳,濮阳,0.0926144928
聊城,濮阳,0.0870256872
