city_name,city_id_name,num
北京,廊坊,0.27297261792
北京,保定,0.12187550304
北京,天津,0.10797741936
北京,张家口,0.05095964016
天津,北京,0.14626737648
天津,廊坊,0.0682926876
天津,唐山,0.05809200768
天津,沧州,0.0462488454
石家庄,保定,0.10045644624
石家庄,北京,0.05830992684
石家庄,沧州,0.041277519
唐山,天津,0.0692729496
保定,北京,0.181915875
保定,石家庄,0.07624368
保定,廊坊,0.040504455
张家口,北京,0.07495484688
沧州,天津,0.06274323504
廊坊,北京,0.4256536132799999
廊坊,天津,0.0736945614
