city_name,city_id_name,num
廊坊,北京,0.5519762884799999
天津,北京,0.30196085742
保定,北京,0.11899009673999994
唐山,北京,0.04487035014
唐山,天津,0.21361694543999993
廊坊,天津,0.19095018246
沧州,天津,0.11870043911999995
邯郸,天津,0.05223169979999995
秦皇岛,唐山,0.08953726392
承德,唐山,0.04380352668
邢台,邯郸,0.08994901284000001
沧州,保定,0.07533655289999999
廊坊,保定,0.05322907547999995
廊坊,沧州,0.05690044907999995
衡水,沧州,0.05432528898
