city_name,city_id_name,num
廊坊,北京,0.5286155013
天津,北京,0.20296924757999998
保定,北京,0.2946166182
张家口,北京,0.12387517758
廊坊,天津,0.14049816444000002
唐山,天津,0.1427809923
沧州,天津,0.12189168684
保定,石家庄,0.1450392885
邢台,石家庄,0.15545409840000002
秦皇岛,唐山,0.10276434036
邢台,邯郸,0.08033023206
廊坊,保定,0.07732715868000001
沧州,保定,0.060094214279999995
衡水,沧州,0.06678597582
