city_name,city_id_name,num
廊坊,北京,0.6475174619399999
天津,北京,0.20420128188
保定,北京,0.23020767486000002
张家口,北京,0.11789658215999994
廊坊,天津,0.19795323348
唐山,天津,0.19672641072000002
沧州,天津,0.1338377904
保定,石家庄,0.0845371728
邢台,石家庄,0.10872068669999999
秦皇岛,唐山,0.09668163564
承德,唐山,0.05401680858
邢台,邯郸,0.10929430764
廊坊,保定,0.08669367468
沧州,保定,0.0820442601
廊坊,沧州,0.07364900376
衡水,沧州,0.0762635736
