city_name,city_id_name,num
廊坊,北京,0.5915873313
天津,北京,0.22131538794
保定,北京,0.2991705192
张家口,北京,0.15139267092
廊坊,天津,0.18273805091999995
唐山,天津,0.18835395264
沧州,天津,0.14566335138
保定,石家庄,0.1195309709999999
邢台,石家庄,0.14662101276
秦皇岛,唐山,0.10258592165999995
承德,唐山,0.05576368374
邢台,邯郸,0.10368343277999995
廊坊,保定,0.0867673571399999
沧州,保定,0.07946510507999995
廊坊,沧州,0.07161735365999991
衡水,沧州,0.07764577541999995
