city_name,city_id_name,num
天津,北京,0.20239802423999995
廊坊,北京,0.11826706643999998
保定,北京,0.10148537466
唐山,天津,0.21393969155999998
沧州,天津,0.11847358079999999
廊坊,天津,0.06439833071999995
邯郸,天津,0.05589914328000001
秦皇岛,唐山,0.0960642828
承德,唐山,0.05019999786
邢台,邯郸,0.0634181562
沧州,保定,0.06656085251999999
衡水,沧州,0.052438351859999996
