city_name,city_id_name,num
北京,廊坊,0.6074288803800001
北京,天津,0.20294050067999994
北京,保定,0.26113730454
北京,张家口,0.13340699838
北京,天津,0.24128311265999994
天津,廊坊,0.19465149366
石家庄,保定,0.09676513206000001
北京,石家庄,0.0535745259
北京,保定,0.4061497868999999
石家庄,保定,0.11743011935999995
保定,廊坊,0.08925818004
天津,保定,0.07191092196
北京,张家口,0.21433614768
北京,廊坊,0.62410756284
天津,廊坊,0.18942692076
保定,廊坊,0.07248194604
北京,大同,0.054652927500000004
北京,济南,0.04031943479999995
