city_name,city_id_name,num
北京,廊坊,0.600946533
北京,天津,0.23201859185999998
北京,保定,0.12765047579999994
北京,张家口,0.06171267851999995
北京,天津,0.30701500145999994
天津,廊坊,0.1890195102
北京,保定,0.16725890232
保定,廊坊,0.06869280006
石家庄,保定,0.04884007913999995
天津,保定,0.04037711004
北京,张家口,0.08116207127999994
北京,廊坊,0.7906870809
天津,廊坊,0.17853044759999995
保定,廊坊,0.06009534665999995
