city_name,city_id_name,num
北京,廊坊,0.7636301486999999
北京,天津,0.23992820784
北京,保定,0.15603241896
北京,张家口,0.0738225495
天津,廊坊,0.20993930244
北京,天津,0.2011018914
石家庄,保定,0.058692224159999945
北京,保定,0.16821380483999995
保定,廊坊,0.07882798014
石家庄,保定,0.07530359237999995
天津,保定,0.0508511358
北京,张家口,0.08986166568000001
北京,廊坊,0.44348434578
天津,廊坊,0.19611653903999998
保定,廊坊,0.0704660067
