city_name,city_id_name,num
北京,廊坊,0.8020119938399999
北京,天津,0.3529819782
北京,保定,0.18567071747999997
北京,张家口,0.07965087696
天津,廊坊,0.26537904126
北京,天津,0.2482250508
天津,保定,0.046325116619999995
北京,保定,0.14417787456
保定,廊坊,0.103899672
天津,保定,0.043500056940000004
北京,张家口,0.07242176952
北京,廊坊,0.44458048314
天津,廊坊,0.25743646476
保定,廊坊,0.10436583024
