city_name,city_id_name,num
北京,廊坊,0.7552176264000001
北京,保定,0.26785149822
北京,天津,0.20282022378
北京,张家口,0.10508252634000001
天津,廊坊,0.19575216216
北京,天津,0.20335043034
天津,保定,0.0625807863
石家庄,保定,0.07061216148
北京,保定,0.28653824682
保定,廊坊,0.10601662806
石家庄,保定,0.07986206988
天津,保定,0.06036427152
北京,张家口,0.10661158602000001
北京,廊坊,0.7822574028
天津,廊坊,0.18119994677999995
保定,廊坊,0.10180424736
