city_name,city_id_name,num
北京,廊坊,0.5157915602400001
北京,天津,0.19163941631999998
北京,保定,0.10804955957999995
北京,天津,0.21334441446
天津,廊坊,0.17742547962
北京,保定,0.13017911436000001
保定,廊坊,0.051533607780000004
北京,张家口,0.06058248876
北京,廊坊,0.45087114078
天津,廊坊,0.16540669151999998
保定,廊坊,0.047139200640000004
