city_name,city_id_name,num
北京,廊坊,0.40457579652
北京,保定,0.21279117636
北京,天津,0.13754990213999996
北京,张家口,0.10072850255999995
石家庄,北京,0.04176768078
天津,廊坊,0.2299816476
北京,天津,0.11019570641999996
保定,天津,0.08301090276
石家庄,保定,0.14661747468
保定,廊坊,0.15877273320000002
石家庄,保定,0.12720050946
北京,保定,0.11469474936
张家口,保定,0.041905745280000004
北京,张家口,0.059116304519999954
北京,廊坊,0.31385616588
天津,廊坊,0.19298238174
保定,廊坊,0.15042437262
乌兰察布,大同,0.04674302154
