city_name,city_id_name,num
北京,廊坊,0.555300927
北京,天津,0.15935269968
北京,保定,0.14466744017999994
北京,张家口,0.06862416875999999
天津,廊坊,0.18357890543999994
北京,天津,0.16035601104
石家庄,保定,0.06003974178
北京,保定,0.18449681039999993
保定,廊坊,0.07165690433999995
石家庄,保定,0.06587468369999995
天津,保定,0.04926865338
北京,张家口,0.09107696375999999
北京,廊坊,0.5697115446600001
天津,廊坊,0.17127045971999993
保定,廊坊,0.06164930249999995
