city_name,city_id_name,num
北京,天津,0.36602424180000004
北京,保定,0.12273749208
北京,廊坊,0.14155743384
北京,张家口,0.055361358359999946
北京,天津,0.26021408435999993
天津,廊坊,0.07306060032
北京,保定,0.1307828997
北京,张家口,0.06589324242
北京,廊坊,0.17905925772
天津,廊坊,0.07459655148
