city_name,city_id_name,num
北京,廊坊,0.54906296472
北京,天津,0.17384140782000002
北京,保定,0.13191410520000002
北京,张家口,0.06274344402
天津,廊坊,0.18802353906000002
北京,天津,0.15406596252
石家庄,保定,0.05403523283999995
北京,保定,0.15786897408
保定,廊坊,0.06933671279999995
石家庄,保定,0.06122396825999995
天津,保定,0.043545745799999896
北京,张家口,0.08071954884
北京,廊坊,0.48386076083999996
天津,廊坊,0.18008790101999994
保定,廊坊,0.06134248745999995
