city_name,city_id_name,num
北京,廊坊,0.6474399530399999
北京,天津,0.20397772188000002
北京,保定,0.23004491831999996
北京,张家口,0.11787771239999995
北京,天津,0.2209398768
天津,廊坊,0.19790823959999998
石家庄,保定,0.084507786
北京,石家庄,0.04475696472
北京,保定,0.33555559445999994
保定,廊坊,0.08671378536
石家庄,保定,0.0992689668
天津,保定,0.05867919449999995
北京,张家口,0.18426901247999988
北京,廊坊,0.54754993818
天津,廊坊,0.18978833628
保定,廊坊,0.06980878404
北京,大同,0.04329855
