city_name,city_id_name,num
北京,廊坊,0.32197379472
北京,天津,0.20699121347999994
北京,保定,0.12842325791999995
北京,张家口,0.05941133081999995
北京,天津,0.21338545067999995
天津,廊坊,0.13165136226
天津,保定,0.04247986842
北京,保定,0.14695962677999996
廊坊,保定,0.06410686518
天津,保定,0.04062777426
北京,张家口,0.06756535782
北京,廊坊,0.4027790124
天津,廊坊,0.09567157049999994
