city_name,city_id_name,num
北京,廊坊,0.89926257672
北京,保定,0.3516107292
北京,天津,0.30755411639999997
北京,张家口,0.15855276312
北京,石家庄,0.07448646599999995
天津,廊坊,0.31804385615999997
北京,天津,0.3483802709999999
天津,保定,0.0821757717
石家庄,保定,0.24778429578
北京,石家庄,0.07929290555999995
北京,保定,0.4080047517
石家庄,保定,0.26996105088
保定,廊坊,0.18118160352
天津,保定,0.08301640427999996
北京,张家口,0.15513107040000002
北京,廊坊,0.9610136978399999
天津,廊坊,0.27567204335999995
保定,廊坊,0.12805866234
乌兰察布,大同,0.05553338939999995
张家口,大同,0.04910288039999995
