city_name,city_id_name,num
铁岭,沈阳,0.02055406752
抚顺,沈阳,0.02024074332
沈阳,抚顺,0.02070111492
沈阳,铁岭,0.027054
四平,长春,0.0985677984
吉林,长春,0.07188109128
通化,长春,0.02768287104
延边朝鲜族自治州,长春,0.02710614456
长春,吉林,0.0604465902
长春,四平,0.0886785731999999
长春,通化,0.02212367256
长春,延边朝鲜族自治州,0.0200518156799999
