city_name,city_id_name,num
铁岭,沈阳,0.09135546768
抚顺,沈阳,0.0840445308
大连,沈阳,0.04449048768
沈阳,大连,0.0284935060799999
沈阳,抚顺,0.077399388
沈阳,本溪,0.02209131792
大连,丹东,0.02251634112
沈阳,铁岭,0.0898881786
四平,铁岭,0.0334039464
吉林,长春,0.10509334956
四平,长春,0.0907753003199999
长春,吉林,0.09708872544
长春,四平,0.1130211435599999
铁岭,四平,0.0287550064799999
通化,辽源,0.02513944512
长春,辽源,0.02015071992
辽源,通化,0.02345632344
