city_name,city_id_name,num
北京,天津,0.18029559635999995
北京,上海,0.03963044232
北京,天津,0.19247260985999995
上海,天津,0.02030701914
哈尔滨,长春,0.02012972958
哈尔滨,绥化,0.030280361219999948
哈尔滨,齐齐哈尔,0.02356687385999995
哈尔滨,齐齐哈尔,0.02510706618
哈尔滨,佳木斯,0.02079196613999995
哈尔滨,绥化,0.03291424956
北京,上海,0.03552080202
