city_name,city_id_name,num
北京,天津,0.31704318053999997
北京,上海,0.051649990199999996
北京,天津,0.22223367521999998
哈尔滨,长春,0.02029140071999995
哈尔滨,绥化,0.02818199628
哈尔滨,齐齐哈尔,0.02336158908
哈尔滨,齐齐哈尔,0.025255565100000002
哈尔滨,牡丹江,0.020663389980000002
哈尔滨,绥化,0.02905796916
北京,上海,0.04955443596
上海,青岛,0.02149612829999995
