city_name,city_id_name,num
北京,保定,0.30756871745999986
北京,廊坊,0.1466712521999999
北京,天津,0.10071612251999995
北京,张家口,0.0822022959599999
北京,承德,0.0665977966199999
北京,石家庄,0.06358503401999985
北京,天津,0.10468659509999995
天津,唐山,0.06520525433999999
天津,沧州,0.07100526419999995
天津,邯郸,0.056785302719999944
天津,保定,0.04797080658
石家庄,保定,0.24266434895999994
石家庄,邢台,0.19889225999999993
石家庄,衡水,0.09584604935999995
石家庄,邯郸,0.08834393951999994
北京,石家庄,0.0696544660799999
天津,唐山,0.062141411519999995
邯郸,邢台,0.17817372359999994
石家庄,邯郸,0.09265296618
天津,邯郸,0.0552718938599999
石家庄,邢台,0.19651561307999998
邯郸,邢台,0.17282530007999997
北京,保定,0.3096276370199999
石家庄,保定,0.24136590276
保定,沧州,0.07326500381999984
保定,衡水,0.06510524363999995
天津,保定,0.0510936271199999
北京,张家口,0.0818784968399999
北京,承德,0.06116469569999995
天津,沧州,0.0755612712
保定,沧州,0.07067672495999991
沧州,衡水,0.048908551679999954
北京,廊坊,0.17707512545999987
天津,廊坊,0.043344894959999894
石家庄,衡水,0.09784125431999995
保定,衡水,0.06756454295999995
沧州,衡水,0.04886036639999995
