city_name,city_id_name,num
北京,上海,0.1046915263799999
北京,杭州,0.0244872736199999
上海,苏州,1.89210278646
上海,杭州,0.3504513891599999
北京,上海,0.1176671496599999
上海,西安,0.0242029895399999
上海,苏州,1.84879040571
苏州,杭州,0.1283016185999997
上海,杭州,0.35928151505999995
苏州,杭州,0.1300969560599997
北京,杭州,0.0250654143599999
西安,宝鸡,0.2036500218
上海,西安,0.02254165928999995
西安,宝鸡,0.22260308058
兰州,白银,0.0204065438399999
兰州,白银,0.0205860981599999
