city_name,city_id_name,num
呼伦贝尔,齐齐哈尔,0.0467897860799999
沈阳,大连,0.12768277536
沈阳,营口,0.1152691721999999
大连,沈阳,0.1325722463999999
大连,营口,0.1013344991999999
营口,大连,0.1069463865599999
营口,沈阳,0.1031109912
哈尔滨,绥化,0.08769939984
哈尔滨,佳木斯,0.03378819744
哈尔滨,齐齐哈尔,0.02946376944
哈尔滨,大庆,0.0250816823999999
齐齐哈尔,呼伦贝尔,0.04191655392
齐齐哈尔,大庆,0.03329649504
齐齐哈尔,黑河,0.03044337696
大庆,绥化,0.09446884524
大庆,齐齐哈尔,0.03278641212
佳木斯,哈尔滨,0.0281151388799999
黑河,齐齐哈尔,0.0376794018
绥化,大庆,0.099914148
绥化,哈尔滨,0.0852364944
