city_name,city_id_name,num
沈阳,营口,0.1050696230399997
沈阳,大连,0.08940134592
大连,营口,0.11050802784
大连,沈阳,0.1022677488
营口,沈阳,0.11088708192
营口,大连,0.08716985424
哈尔滨,绥化,0.0526534732799999
大庆,绥化,0.08279833932
绥化,大庆,0.1015247584799999
绥化,哈尔滨,0.04460606496
