city_name,city_id_name,num
呼伦贝尔,齐齐哈尔,0.03368449476
沈阳,营口,0.0565296537599998
营口,沈阳,0.0684086796
哈尔滨,绥化,0.13003132824
哈尔滨,大庆,0.03938363208
哈尔滨,佳木斯,0.03855200184
哈尔滨,齐齐哈尔,0.03558189384
齐齐哈尔,哈尔滨,0.0364642300799999
齐齐哈尔,呼伦贝尔,0.03462741252
齐齐哈尔,大庆,0.02895822252
大庆,绥化,0.0999302151599999
大庆,哈尔滨,0.03837880764
大庆,齐齐哈尔,0.0263902957199999
佳木斯,哈尔滨,0.04376441664
绥化,哈尔滨,0.11370653316
绥化,大庆,0.09879684048
