city_name,city_id_name,num
咸阳,西安,0.1116501407999999
西安,咸阳,0.08362382976
