city_name,city_id_name,num
咸阳,西安,0.1815916384799999
渭南,西安,0.04339650816
西安,铜川,0.04062790224
西安,宝鸡,0.11569615884
咸阳,宝鸡,0.06356855376
西安,咸阳,0.31926472704
西安,渭南,0.125231265
咸阳,渭南,0.0424427202
西安,延安,0.08917906896
榆林,延安,0.0573082516799999
西安,榆林,0.0946519376399999
延安,榆林,0.0610763587199999
西安,商洛,0.1276358763599999
咸阳,商洛,0.04057746192
庆阳,平凉,0.0407558757599999
