city_name,city_id_name,num
北京,上海,0.0908685345599999
北京,杭州,0.02614404923999995
上海,苏州,1.79596136088
上海,杭州,0.33232410108
北京,上海,0.10861319321999995
西安,上海,0.02137929066
上海,苏州,1.89751357512
苏州,杭州,0.12899594088
上海,杭州,0.3472291637999999
苏州,杭州,0.13239647316
北京,杭州,0.02513974968
西安,宝鸡,0.17720579304
西安,宝鸡,0.2003994513
