city_name,city_id_name,num
郑州,北京,0.0851606654399999
成都,北京,0.07691931072
北京,郑州,0.1120054424399994
北京,成都,0.0975214598399999
咸阳,西安,0.08520714972
西安,咸阳,0.091739628
西安,汉中,0.04646017116
天水,兰州,0.0917606556
庆阳,兰州,0.0511585956
兰州,天水,0.1950416107199999
兰州,庆阳,0.06141648096
