city_name,city_id_name,num
郑州,北京,0.0660073698
成都,北京,0.0654017976
北京,郑州,0.062154054
北京,成都,0.0704215944
咸阳,西安,0.18975453012
咸阳,宝鸡,0.04717301652
西安,咸阳,0.19656962712
宝鸡,咸阳,0.04067316504
西安,渭南,0.04651668
榆林,延安,0.0551068531199999
延安,榆林,0.04675395816
天水,兰州,0.1115338377599999
兰州,天水,0.1005156864
