city_name,city_id_name,num
郑州,北京,0.0660073698
成都,北京,0.0654017976
兰州,北京,0.012111444
运城,北京,0.0109002996
渭南,运城,0.0223441351199999
北京,运城,0.01169372052
北京,郑州,0.062154054
成都,郑州,0.015660864
北京,成都,0.0704215944
郑州,成都,0.013674096
兰州,成都,0.0129903912
咸阳,西安,0.18975453012
渭南,西安,0.0377073792
宝鸡,西安,0.01818595476
榆林,西安,0.0109979855999999
渭南,铜川,0.0263076984
咸阳,宝鸡,0.04717301652
西安,宝鸡,0.02032971696
汉中,宝鸡,0.01181618928
西安,咸阳,0.19656962712
宝鸡,咸阳,0.04067316504
渭南,咸阳,0.0153261201599999
西安,渭南,0.04651668
铜川,渭南,0.026177499
运城,渭南,0.021763161
咸阳,渭南,0.015545115
延安,渭南,0.014216067
榆林,延安,0.0551068531199999
渭南,延安,0.01710662976
西安,延安,0.0130095266399999
安康,汉中,0.02342245572
成都,汉中,0.0159916193999999
宝鸡,汉中,0.0122953528799999
延安,榆林,0.04675395816
西安,榆林,0.0104108004
汉中,安康,0.024122124
庆阳,兰州,0.0218309644799999
成都,兰州,0.0160933391999999
北京,兰州,0.0121749609599999
兰州,庆阳,0.0201831814799999
榆林,庆阳,0.0128256760799999
