city_name,city_id_name,num
成都,北京,0.08014167216
郑州,北京,0.07042753008
北京,郑州,0.0780319785599999
北京,成都,0.0811045872
咸阳,西安,1.35601511616
渭南,西安,0.34395486516
宝鸡,西安,0.13804793064
商洛,西安,0.09348815556
延安,西安,0.08329474296
榆林,西安,0.0777611761199997
安康,西安,0.06494660028
铜川,西安,0.05038458228
汉中,西安,0.04718093832
西安,铜川,0.06738086412
渭南,铜川,0.0474818922
西安,宝鸡,0.1912514911199999
咸阳,宝鸡,0.1077372252
西安,咸阳,1.6936997875200002
宝鸡,咸阳,0.09878486868
渭南,咸阳,0.0651422995199999
西安,渭南,0.45142094448
咸阳,渭南,0.0705925756799999
铜川,渭南,0.0493134739199999
榆林,延安,0.10280114028
西安,延安,0.093990699
西安,汉中,0.05321365632
延安,榆林,0.10458824328
西安,榆林,0.0884757427199999
西安,安康,0.08660426688
西安,商洛,0.14401104372
天水,兰州,0.09842129856
兰州,天水,0.099291987
