city_name,city_id_name,num
成都,北京,0.06802439616
郑州,北京,0.05648454324
西安,北京,0.01700609904
运城,北京,0.01275457428
兰州,北京,0.01032513156
渭南,运城,0.0301914604799999
西安,运城,0.01832183388
北京,运城,0.0158261688
北京,郑州,0.0604070298
成都,郑州,0.01785946968
西安,郑州,0.01418252004
运城,郑州,0.01103084892
北京,成都,0.0589086950399992
西安,成都,0.0150863731199999
郑州,成都,0.0129311769599999
兰州,成都,0.01221277824
咸阳,西安,1.044859176
渭南,西安,0.26592948
宝鸡,西安,0.11972124
商洛,西安,0.0565762319999997
榆林,西安,0.044921952
延安,西安,0.0425910959999997
安康,西安,0.0368699039999999
汉中,西安,0.033267672
铜川,西安,0.031360608
北京,西安,0.016315992
成都,西安,0.016104096
庆阳,西安,0.015468408
运城,西安,0.0129256559999997
兰州,西安,0.010806696
郑州,西安,0.010806696
西安,铜川,0.04678337088
渭南,铜川,0.04531277376
咸阳,铜川,0.0235142352
延安,铜川,0.01438427808
西安,宝鸡,0.1559446992
咸阳,宝鸡,0.0996154848
汉中,宝鸡,0.0164667168
西安,咸阳,1.35974477088
宝鸡,咸阳,0.09327146112
渭南,咸阳,0.06038283024
铜川,咸阳,0.02209976784
庆阳,咸阳,0.0160092806399999
榆林,咸阳,0.0107888630399999
西安,渭南,0.365571144
咸阳,渭南,0.0635347152
铜川,渭南,0.0421921224
运城,渭南,0.037684116
延安,渭南,0.0277524143999999
榆林,延安,0.0852110474399999
西安,延安,0.07948116576
渭南,延安,0.03615521832
铜川,延安,0.01601686224
庆阳,延安,0.0132691996799999
咸阳,延安,0.0118953684
运城,延安,0.01092363408
西安,汉中,0.0434730887999999
安康,汉中,0.02421156096
成都,汉中,0.0155169432
宝鸡,汉中,0.01418325552
咸阳,汉中,0.0114132888
延安,榆林,0.08122990392
西安,榆林,0.0647286552
庆阳,榆林,0.01349273376
咸阳,榆林,0.0106665530399999
渭南,榆林,0.0103930516799999
西安,安康,0.0764485387199999
汉中,安康,0.03027716496
西安,商洛,0.06942250476
渭南,商洛,0.01110818772
庆阳,兰州,0.0260315046
成都,兰州,0.0157061592
北京,兰州,0.0142518852
西安,兰州,0.0135247481999999
西安,庆阳,0.02124379224
兰州,庆阳,0.0189532353599999
咸阳,庆阳,0.01569705156
榆林,庆阳,0.0148212504
延安,庆阳,0.01329421248
