city_name,city_id_name,num
郑州,北京,0.0715458743999999
成都,北京,0.0650417039999999
兰州,北京,0.0143091748799999
渭南,运城,0.0133204662
北京,运城,0.0101286611999999
北京,郑州,0.07620753132
成都,郑州,0.0174330953999995
运城,郑州,0.012452211
北京,成都,0.0678477383999994
郑州,成都,0.017854668
兰州,成都,0.0154740456
咸阳,西安,0.0771558696
渭南,西安,0.0306167364
宝鸡,西安,0.0149484203999999
商洛,西安,0.0121111848
渭南,铜川,0.0105929208
咸阳,宝鸡,0.02419464168
汉中,宝鸡,0.0100401444
西安,咸阳,0.07550979084
宝鸡,咸阳,0.0201488601599999
西安,渭南,0.0281539994399999
运城,渭南,0.0125928432
铜川,渭南,0.0113035759199999
榆林,延安,0.02883098772
渭南,延安,0.0106246209599999
安康,汉中,0.0191977581599999
成都,汉中,0.01541228472
宝鸡,汉中,0.01220622048
延安,榆林,0.02678311008
西安,安康,0.02630167848
汉中,安康,0.01910951676
西安,商洛,0.03028997916
庆阳,兰州,0.041066028
北京,兰州,0.01697395824
成都,兰州,0.0154682038799999
兰州,庆阳,0.04709956896
榆林,庆阳,0.0101375841599999
