city_name,city_id_name,num
郑州,北京,0.0866457324
成都,北京,0.0750929680799999
北京,郑州,0.07767114948
北京,成都,0.07388471376
咸阳,西安,1.21551060456
渭南,西安,0.2423155240799999
宝鸡,西安,0.1061905723199999
商洛,西安,0.0441368222399999
榆林,西安,0.0410778345599997
渭南,铜川,0.0447296093999999
西安,铜川,0.0432737802
西安,宝鸡,0.1493644017599999
咸阳,宝鸡,0.09446374224
西安,咸阳,1.49413778388
宝鸡,咸阳,0.098040537
渭南,咸阳,0.05938455384
西安,渭南,0.2992764639599999
咸阳,渭南,0.0558171907199999
铜川,渭南,0.0421098717599999
榆林,延安,0.0843615
西安,延安,0.0779162814
延安,榆林,0.08391005784
西安,榆林,0.06145793352
西安,安康,0.0742598766
西安,商洛,0.04700036016
天水,兰州,0.1146651552
兰州,天水,0.0965983708799999
