city_name,city_id_name,num
成都,北京,0.06885575424
郑州,北京,0.06270791904
运城,北京,0.01598437152
兰州,北京,0.01168088688
渭南,运城,0.0292208957999999
北京,运城,0.01585450584
西安,运城,0.013019211
郑州,运城,0.01139904252
北京,郑州,0.07457919804
成都,郑州,0.0164168045999995
运城,郑州,0.01219534056
北京,成都,0.06940814832
郑州,成都,0.01597489128
兰州,成都,0.01266974136
咸阳,西安,0.91280073528
渭南,西安,0.14502292812
宝鸡,西安,0.06558665904
榆林,西安,0.03534038424
安康,西安,0.0304054657199999
延安,西安,0.0300870838799999
商洛,西安,0.0269032654799999
汉中,西安,0.0206948195999999
铜川,西安,0.0173518102799999
成都,西安,0.01257608268
北京,西安,0.0114617462399999
庆阳,西安,0.0100290279599999
渭南,铜川,0.038967966
西安,铜川,0.033305013
咸阳,铜川,0.017845029
延安,铜川,0.011435985
西安,宝鸡,0.10217760228
咸阳,宝鸡,0.07685152992
汉中,宝鸡,0.0134231418
西安,咸阳,1.15301027232
宝鸡,咸阳,0.07170028632
渭南,咸阳,0.03933355788
铜川,咸阳,0.01944906552
庆阳,咸阳,0.0137885166
西安,渭南,0.18736585632
咸阳,渭南,0.0393225451199999
铜川,渭南,0.03320466696
运城,渭南,0.0312432098399999
延安,渭南,0.0222765487199999
榆林,延安,0.0707093452799999
西安,延安,0.06541544448
渭南,延安,0.02984615424
铜川,延安,0.0140216832
咸阳,延安,0.01353521664
庆阳,延安,0.0115893504
安康,汉中,0.0207618552
西安,汉中,0.02007715572
成都,汉中,0.01797888312
宝鸡,汉中,0.01411364412
延安,榆林,0.0795193199999999
西安,榆林,0.0576956843999999
庆阳,榆林,0.014136768
渭南,榆林,0.0112210596
西安,安康,0.0591572483999999
汉中,安康,0.02506180824
咸阳,安康,0.0104799614399999
西安,商洛,0.03560446692
庆阳,兰州,0.02453948136
成都,兰州,0.01747313856
北京,兰州,0.01387572768
兰州,庆阳,0.0226706364
咸阳,庆阳,0.0148604544
西安,庆阳,0.0147549114
榆林,庆阳,0.0138894587999999
延安,庆阳,0.0133617437999999
