city_name,city_id_name,num
成都,北京,0.07056548928
郑州,北京,0.07003090224
西安,北京,0.06308127072
西安,运城,0.0614210688
渭南,运城,0.04204980864
北京,郑州,0.09590507568
西安,郑州,0.0468749527199999
北京,成都,0.073063053
西安,成都,0.055667088
咸阳,西安,1.9973466259200003
渭南,西安,0.830819592
宝鸡,西安,0.35035239744
商洛,西安,0.267552072
延安,西安,0.25741325664
榆林,西安,0.20221303968
铜川,西安,0.16447411584
安康,西安,0.14982916032
汉中,西安,0.1380005424
庆阳,西安,0.07097170752
北京,西安,0.06308596224
成都,西安,0.06083289216
兰州,西安,0.05013080928
运城,西安,0.04731447168
郑州,西安,0.04337159904
西安,铜川,0.1729354957199999
渭南,铜川,0.0484486077599999
咸阳,铜川,0.04054316652
西安,宝鸡,0.5506949138399999
咸阳,宝鸡,0.1508986551599999
西安,咸阳,2.441320398
宝鸡,咸阳,0.1150972415999999
渭南,咸阳,0.0923175792
铜川,咸阳,0.0410633388
西安,渭南,1.09044368208
咸阳,渭南,0.1044727275599999
铜川,渭南,0.05614833816
西安,延安,0.18175221612
榆林,延安,0.15906686688
西安,汉中,0.1445198112
西安,榆林,0.1373995872
延安,榆林,0.12350169792
西安,安康,0.1489213512
西安,商洛,0.29447064
天水,兰州,0.0865821312
西安,兰州,0.04102005888
兰州,天水,0.09580332672
西安,庆阳,0.0576703087199999
