city_name,city_id_name,num
郑州,北京,0.06991375356
成都,北京,0.06300869148
北京,郑州,0.0756059022
北京,成都,0.0702026999999999
咸阳,西安,0.1035384703199999
西安,咸阳,0.1127482675199999
天水,兰州,0.10586938464
兰州,天水,0.08680588884
