city_name,city_id_name,num
成都,北京,0.06437851488
郑州,北京,0.06437851488
西安,北京,0.06255648144
西安,运城,0.04385148192
北京,郑州,0.07281261072
西安,郑州,0.0443626502399999
北京,成都,0.0674485671599994
西安,成都,0.05649538104
咸阳,西安,1.79224757244
渭南,西安,0.63584803008
宝鸡,西安,0.26150231484
商洛,西安,0.21783682512
延安,西安,0.20900560248
榆林,西安,0.16632135972
安康,西安,0.12854335176
汉中,西安,0.12363711696
铜川,西安,0.1054840481999999
庆阳,西安,0.0711404045999995
北京,西安,0.06476229936
成都,西安,0.0588748176
运城,西安,0.0485717245199995
兰州,西安,0.0456279836399999
西安,铜川,0.1180525752
渭南,铜川,0.0504609587999999
西安,宝鸡,0.3041896550399999
咸阳,宝鸡,0.106370496
西安,咸阳,1.97363036052
宝鸡,咸阳,0.09975831372
渭南,咸阳,0.07450931124
西安,渭南,0.6639996384
咸阳,渭南,0.07766521056
铜川,渭南,0.04852721664
延安,渭南,0.04376115072
运城,渭南,0.0427862736
西安,延安,0.1795732707599999
榆林,延安,0.14232565728
渭南,延安,0.04375116504
西安,汉中,0.1260404776799999
西安,榆林,0.1527012
延安,榆林,0.126741996
西安,安康,0.12418382808
西安,商洛,0.2406207383999999
天水,兰州,0.08785939104
西安,兰州,0.0472376545199998
兰州,天水,0.0856773871199999
西安,庆阳,0.05591455596
