city_name,city_id_name,num
郑州,北京,0.0881481527999999
成都,北京,0.075826368
西安,北京,0.0625567536
西安,运城,0.0471023229599999
渭南,运城,0.0424844481599999
北京,郑州,0.0808126146
西安,郑州,0.0464513453999999
北京,成都,0.07490654496
西安,成都,0.05043212928
咸阳,西安,2.1133218168
渭南,西安,0.8088884369999999
宝鸡,西安,0.3477414077999999
商洛,西安,0.2198241665999999
延安,西安,0.1816639811999999
榆林,西安,0.1601652851999999
安康,西安,0.128992176
汉中,西安,0.1209301649999999
铜川,西安,0.1155554909999999
庆阳,西安,0.0607338161999999
运城,西安,0.0548216748
成都,西安,0.0542842073999999
北京,西安,0.0521343378
郑州,西安,0.0419224572
西安,铜川,0.1629310723199999
渭南,铜川,0.0559747584
西安,宝鸡,0.3466790409599999
咸阳,宝鸡,0.1213575047999999
西安,咸阳,2.325139425
宝鸡,咸阳,0.126904806
渭南,咸阳,0.1028566349999999
西安,渭南,0.8298702720000002
咸阳,渭南,0.0858097152
铜川,渭南,0.0509338368
运城,渭南,0.0455393664
延安,渭南,0.0400194432
西安,延安,0.2905659216
榆林,延安,0.1379521692
渭南,延安,0.04745021472
西安,汉中,0.13530123684
西安,榆林,0.20122362468
延安,榆林,0.1407722425199999
西安,安康,0.16459452396
西安,商洛,0.26980420896
天水,兰州,0.1034818351199999
西安,兰州,0.0541974596399999
兰州,天水,0.0943480742399999
西安,庆阳,0.06362650764
