city_name,city_id_name,num
成都,北京,0.0685725393599994
郑州,北京,0.0603672782399999
北京,郑州,0.0732564
北京,成都,0.0666820836
咸阳,西安,0.6886599652800001
渭南,西安,0.0995507755199998
宝鸡,西安,0.04435191936
西安,宝鸡,0.07820064
咸阳,宝鸡,0.0651020327999999
西安,咸阳,1.0137938227199998
宝鸡,咸阳,0.0545539276799999
西安,渭南,0.13378485528
榆林,延安,0.06797115648
西安,延安,0.0540537494399999
延安,榆林,0.07063113816
西安,榆林,0.04217043384
西安,安康,0.05152711968
天水,兰州,0.08613416556
兰州,天水,0.0893555712
