city_name,city_id_name,num
成都,北京,0.06212436264
郑州,北京,0.05980195656
兰州,北京,0.01045082736
渭南,运城,0.01335517632
北京,郑州,0.06633103932
成都,郑州,0.0139881783599999
北京,成都,0.0570158028
郑州,成都,0.01399478796
兰州,成都,0.01088483508
咸阳,西安,0.07487156592
渭南,西安,0.0235863575999999
宝鸡,西安,0.01288177992
渭南,铜川,0.0146762928
西安,铜川,0.0119540772
西安,宝鸡,0.05678014464
咸阳,宝鸡,0.02674944
西安,咸阳,0.08766670176
宝鸡,咸阳,0.0207882223199999
西安,渭南,0.0367370153999999
铜川,渭南,0.0158723809199999
运城,渭南,0.0141474826799999
延安,渭南,0.0106147584
榆林,延安,0.0309070241999999
渭南,延安,0.0108492696
安康,汉中,0.0160259601599999
成都,汉中,0.01339929864
宝鸡,汉中,0.0131166831599999
延安,榆林,0.03096979596
汉中,安康,0.01950075
庆阳,兰州,0.0286039771199998
北京,兰州,0.0145529006399999
成都,兰州,0.0143019885599998
兰州,庆阳,0.023519808
榆林,庆阳,0.0122990399999999
