city_name,city_id_name,num
郑州,北京,0.0866457324
成都,北京,0.0750929680799999
运城,北京,0.0173291464799999
兰州,北京,0.0144409554
西安,北京,0.01251549468
渭南,运城,0.0321849871199999
西安,运城,0.0191117815199999
北京,运城,0.01413151272
郑州,运城,0.01076983128
北京,郑州,0.07767114948
西安,郑州,0.01768123728
成都,郑州,0.01768123728
运城,郑州,0.015786819
北京,成都,0.07388471376
郑州,成都,0.01751905584
西安,成都,0.01599565968
兰州,成都,0.01599565968
咸阳,西安,1.21551060456
渭南,西安,0.2423155240799999
宝鸡,西安,0.1061905723199999
商洛,西安,0.0441368222399999
榆林,西安,0.0410778345599997
安康,西安,0.03408586272
延安,西安,0.0338673636
铜川,西安,0.0294973811999999
汉中,西安,0.0251273988
北京,西安,0.0155134375199997
成都,西安,0.0155134375199997
庆阳,西安,0.0135469454399999
郑州,西安,0.0128914480799999
运城,西安,0.01005095952
渭南,铜川,0.0447296093999999
西安,铜川,0.0432737802
咸阳,铜川,0.0230555808
延安,铜川,0.0145137257999999
西安,宝鸡,0.1493644017599999
咸阳,宝鸡,0.09446374224
汉中,宝鸡,0.0150622869599999
西安,咸阳,1.49413778388
宝鸡,咸阳,0.098040537
渭南,咸阳,0.05938455384
铜川,咸阳,0.02259600948
庆阳,咸阳,0.0140057909999999
延安,咸阳,0.01045765728
榆林,咸阳,0.01045765728
西安,渭南,0.2992764639599999
咸阳,渭南,0.0558171907199999
铜川,渭南,0.0421098717599999
运城,渭南,0.0347622548399999
延安,渭南,0.0238334464799999
榆林,延安,0.0843615
西安,延安,0.0779162814
渭南,延安,0.0341495352
铜川,延安,0.0157924727999999
咸阳,延安,0.0149488578
运城,延安,0.0108320166
庆阳,延安,0.0108320166
西安,汉中,0.0394833106799999
安康,汉中,0.0246420662399999
成都,汉中,0.0173105424
宝鸡,汉中,0.0152230946399999
咸阳,汉中,0.01084454568
延安,榆林,0.08391005784
西安,榆林,0.06145793352
庆阳,榆林,0.0152217792
渭南,榆林,0.01122606216
咸阳,榆林,0.0104649732
西安,安康,0.0742598766
汉中,安康,0.0299861125199999
咸阳,安康,0.0105938960399999
西安,商洛,0.04700036016
庆阳,兰州,0.02431824768
成都,兰州,0.02416433472
北京,兰州,0.0175460774399998
西安,兰州,0.0143139052799999
兰州,庆阳,0.0232405847999999
西安,庆阳,0.01948987656
榆林,庆阳,0.01601529408
咸阳,庆阳,0.01548605304
延安,庆阳,0.01359919368
