city_name,city_id_name,num
成都,北京,0.0731190564
郑州,北京,0.0703907334
北京,郑州,0.09236840508
北京,成都,0.07708029984
咸阳,西安,1.20171394584
渭南,西安,0.29512717416
宝鸡,西安,0.11251255752
商洛,西安,0.0735946884
延安,西安,0.0626178535199997
榆林,西安,0.0593746977599997
安康,西安,0.0511420715999997
铜川,西安,0.04016523672
西安,铜川,0.0579803443199999
渭南,铜川,0.04272943104
西安,宝鸡,0.2177266068
咸阳,宝鸡,0.1176078527999999
西安,咸阳,1.7259167923199998
宝鸡,咸阳,0.09836608896
渭南,咸阳,0.06615012096
西安,渭南,0.49345727472
咸阳,渭南,0.07625998692
铜川,渭南,0.04736699532
榆林,延安,0.0902128752
西安,延安,0.0839221689599999
西安,汉中,0.04674589704
延安,榆林,0.0983992471199999
西安,榆林,0.0766094338799999
西安,安康,0.0837009287999999
西安,商洛,0.1412098919999999
天水,兰州,0.0975430512
兰州,天水,0.11502465264
