city_name,city_id_name,num
成都,北京,0.0685725393599994
郑州,北京,0.0603672782399999
运城,北京,0.014652252
兰州,北京,0.01289398176
渭南,运城,0.02722082112
北京,运城,0.0154866816
西安,运城,0.0141762700799999
郑州,运城,0.0128062944
北京,郑州,0.0732564
成都,郑州,0.0168682499999995
运城,郑州,0.0134945999999999
西安,郑州,0.0101209499999999
北京,成都,0.0666820836
郑州,成都,0.01377729
兰州,成都,0.0115729236
咸阳,西安,0.6886599652800001
渭南,西安,0.0995507755199998
宝鸡,西安,0.04435191936
榆林,西安,0.02482743312
延安,西安,0.02458639008
安康,西安,0.02121178752
商洛,西安,0.01831927104
汉中,西安,0.01506519
铜川,西安,0.012052152
渭南,铜川,0.02844452052
西安,铜川,0.0232276215599999
咸阳,铜川,0.01603288728
西安,宝鸡,0.07820064
咸阳,宝鸡,0.0651020327999999
汉中,宝鸡,0.0120373127999999
西安,咸阳,1.0137938227199998
宝鸡,咸阳,0.0545539276799999
渭南,咸阳,0.0291711974399999
铜川,咸阳,0.0164166911999999
庆阳,咸阳,0.0118705305599998
西安,渭南,0.13378485528
咸阳,渭南,0.03309070968
铜川,渭南,0.03182242464
运城,渭南,0.02847876408
延安,渭南,0.01679516856
榆林,延安,0.06797115648
西安,延安,0.0540537494399999
渭南,延安,0.02426424336
咸阳,延安,0.01235365344
铜川,延安,0.01102446288
庆阳,延安,0.01097233776
安康,汉中,0.0210259152
西安,汉中,0.0180344231999999
成都,汉中,0.0168378264
宝鸡,汉中,0.0112608306
延安,榆林,0.07063113816
西安,榆林,0.04217043384
庆阳,榆林,0.01180077984
渭南,榆林,0.01067276412
西安,安康,0.05152711968
汉中,安康,0.0266551948799999
咸阳,安康,0.01065269232
西安,商洛,0.02520237888
庆阳,兰州,0.02440683252
成都,兰州,0.016142085
北京,兰州,0.0142050348
西安,兰州,0.01020179772
兰州,庆阳,0.02393048448
西安,庆阳,0.01570109184
咸阳,庆阳,0.0151749158399999
榆林,庆阳,0.01384895232
延安,庆阳,0.01245984768
