city_name,city_id_name,num
成都,北京,0.05928024528
兰州,北京,0.01356412392
北京,运城,0.0149670179999999
渭南,运城,0.0101937527999999
北京,郑州,0.01962792648
北京,成都,0.0776781251999999
兰州,成都,0.0155356250399999
咸阳,西安,0.07315452144
渭南,西安,0.01885501152
渭南,铜川,0.0100102780799999
咸阳,宝鸡,0.0197555533199999
西安,咸阳,0.08325592128
宝鸡,咸阳,0.01867942944
西安,渭南,0.02028091608
运城,渭南,0.0122074938
铜川,渭南,0.0115334604
榆林,延安,0.01836442368
安康,汉中,0.01825485984
成都,汉中,0.01243896912
延安,榆林,0.0174874690799999
汉中,安康,0.02023523208
庆阳,兰州,0.02369938176
成都,兰州,0.02170063872
北京,兰州,0.01813145472
兰州,庆阳,0.0558815500799999
