city_name,city_id_name,num
成都,北京,0.06999630876
郑州,北京,0.06029385012
北京,成都,0.07824593844
咸阳,西安,0.0825789816
西安,咸阳,0.0805441190399999
天水,兰州,0.0850729910399998
兰州,天水,0.1070394426
