city_name,city_id_name,num
成都,北京,0.07579302192
兰州,北京,0.01744442568
北京,运城,0.022139811
渭南,运城,0.0156927779999999
北京,郑州,0.0155063808
北京,成都,0.09827421552
兰州,成都,0.01700899884
咸阳,西安,0.09247207536
渭南,西安,0.0333817848
榆林,西安,0.0182769048
宝鸡,西安,0.0154069776
汉中,西安,0.0127485187199999
延安,西安,0.01039215744
渭南,铜川,0.01477274112
咸阳,宝鸡,0.02902511556
汉中,宝鸡,0.0182567358
西安,宝鸡,0.01058271804
西安,咸阳,0.08993878416
宝鸡,咸阳,0.02264132736
汉中,咸阳,0.01183916736
渭南,咸阳,0.01000280016
西安,渭南,0.0250291295999999
运城,渭南,0.0145045857599999
铜川,渭南,0.01356086448
商洛,渭南,0.0113862024
延安,渭南,0.01025784
汉中,渭南,0.01003216752
榆林,延安,0.03543682608
渭南,延安,0.0125654328
安康,汉中,0.02617127496
成都,汉中,0.0150731604
宝鸡,汉中,0.01421945928
延安,榆林,0.02192385852
汉中,安康,0.0274926311999999
庆阳,兰州,0.031324644
北京,兰州,0.0234533232
成都,兰州,0.0229714056
兰州,庆阳,0.0546870398399999
榆林,庆阳,0.01054563624
