city_name,city_id_name,num
成都,北京,0.07006853808
兰州,北京,0.01951275744
北京,运城,0.0286955136
渭南,运城,0.0190383696
北京,郑州,0.01738213992
北京,成都,0.08776232064
兰州,成都,0.01561871808
汉中,成都,0.01041247872
咸阳,西安,0.20123139096
渭南,西安,0.0558794894399999
汉中,西安,0.0422357619599999
宝鸡,西安,0.03826766592
延安,西安,0.02696131008
商洛,西安,0.02620030536
榆林,西安,0.01799232588
安康,西安,0.01130635584
渭南,铜川,0.0161314675199999
咸阳,宝鸡,0.09740003112
汉中,宝鸡,0.0330698376
西安,宝鸡,0.02439680472
西安,咸阳,0.1036807808399999
宝鸡,咸阳,0.04595700564
汉中,咸阳,0.0251193571199999
延安,咸阳,0.02074249944
渭南,咸阳,0.0187443687599999
咸阳,渭南,0.04184557848
西安,渭南,0.03106939032
延安,渭南,0.02978093304
汉中,渭南,0.02102528016
铜川,渭南,0.0156664692
宝鸡,渭南,0.0151393730399999
运城,渭南,0.01484654184
榆林,延安,0.04832541
咸阳,延安,0.0274703108399999
渭南,延安,0.0244419184799999
西安,延安,0.0128223421199999
宝鸡,延安,0.01123297308
咸阳,汉中,0.04046687424
安康,汉中,0.03048595056
宝鸡,汉中,0.02094636024
成都,汉中,0.0201315909599999
延安,榆林,0.07492821408
咸阳,榆林,0.03637210392
宝鸡,榆林,0.0172200491999999
渭南,榆林,0.01184403384
西安,榆林,0.01167603336
北京,榆林,0.01041602976
咸阳,安康,0.03725195184
汉中,安康,0.0359769081599999
西安,安康,0.0128538187199999
延安,安康,0.0100625068799999
咸阳,商洛,0.02535722496
延安,商洛,0.01194502464
渭南,商洛,0.01184813568
汉中,商洛,0.01136369088
宝鸡,商洛,0.01119759552
庆阳,兰州,0.0253003337999999
成都,兰州,0.0215460907199999
北京,兰州,0.02138286276
咸阳,兰州,0.01028336148
兰州,庆阳,0.0380558152799999
延安,庆阳,0.0101000034
