city_name,city_id_name,num
成都,北京,0.05928024528
北京,成都,0.0776781251999999
咸阳,西安,0.07315452144
西安,咸阳,0.08325592128
天水,兰州,0.0878019264
兰州,天水,0.1351376784
兰州,庆阳,0.0558815500799999
