city_name,city_id_name,num
北京,成都,0.05948283276
咸阳,西安,0.1815916384799999
渭南,西安,0.04339650816
西安,铜川,0.04062790224
西安,宝鸡,0.11569615884
咸阳,宝鸡,0.06356855376
西安,咸阳,0.31926472704
西安,渭南,0.125231265
咸阳,渭南,0.0424427202
西安,延安,0.08917906896
榆林,延安,0.0573082516799999
西安,汉中,0.09249412032
西安,榆林,0.0946519376399999
延安,榆林,0.0610763587199999
西安,安康,0.0961000070399999
西安,商洛,0.1276358763599999
咸阳,商洛,0.04057746192
天水,兰州,0.09956227104
兰州,天水,0.1206692704799999
