city_name,city_id_name,num
郑州,北京,0.12361248
成都,北京,0.0793722239999986
北京,郑州,0.07227522756
北京,成都,0.08339036832
咸阳,西安,0.0905489442
西安,咸阳,0.0816452784
天水,兰州,0.1184392108799999
兰州,天水,0.1183171017599999
