city_name,city_id_name,num
成都,北京,0.07006853808
北京,成都,0.08776232064
咸阳,西安,0.20123139096
渭南,西安,0.0558794894399999
汉中,西安,0.0422357619599999
咸阳,宝鸡,0.09740003112
西安,咸阳,0.1036807808399999
宝鸡,咸阳,0.04595700564
咸阳,渭南,0.04184557848
榆林,延安,0.04832541
咸阳,汉中,0.04046687424
延安,榆林,0.07492821408
天水,兰州,0.1049555782799999
兰州,天水,0.1333901196
