city_name,city_id_name,num
成都,北京,0.07417139544
北京,成都,0.0827803929599999
咸阳,西安,0.09953573544
渭南,西安,0.08378216208
宝鸡,西安,0.04307556024
西安,咸阳,0.09028425888
宝鸡,咸阳,0.06307834824
渭南,咸阳,0.0503483947199999
榆林,延安,0.0402293984399999
延安,榆林,0.04527987156
天水,兰州,0.0964070424
兰州,天水,0.1366601868
兰州,庆阳,0.04085067168
