city_name,city_id_name,num
成都,北京,0.0699509941199994
北京,成都,0.07828586496
咸阳,西安,0.0747283708799999
西安,咸阳,0.0798200568
天水,兰州,0.0864071064
兰州,天水,0.12313748304
兰州,庆阳,0.04032432396
