city_name,city_id_name,num
成都,北京,0.04095872892
北京,运城,0.05009566824
北京,成都,0.0671411624399993
咸阳,西安,0.29777788296
渭南,西安,0.0518455404
西安,宝鸡,0.14278045608
咸阳,宝鸡,0.08595392112
西安,咸阳,0.41984034372
宝鸡,咸阳,0.04231760436
西安,渭南,0.13138840872
咸阳,渭南,0.04849642368
西安,延安,0.10471593168
榆林,延安,0.0712598698799999
西安,汉中,0.11549776392
西安,榆林,0.104030244
延安,榆林,0.0675793368
西安,安康,0.12684438
西安,商洛,0.2054184624
咸阳,商洛,0.04944995568
天水,兰州,0.10423571184
兰州,天水,0.127883772
兰州,庆阳,0.0438121872
