city_name,city_id_name,num
北京,廊坊,0.5240372170725001
北京,天津,0.1889385679124999
北京,保定,0.13521237639749994
北京,张家口,0.06430854464999995
天津,唐山,0.21408364232999985
天津,廊坊,0.1865256963749999
天津,沧州,0.130430416455
天津,邯郸,0.07162105596749994
天津,保定,0.047718649327499904
唐山,秦皇岛,0.08802923285249986
唐山,承德,0.047582206042499894
邯郸,邢台,0.0918871194825
保定,沧州,0.07915637256749995
保定,廊坊,0.0585889720425
沧州,廊坊,0.06351974417249989
沧州,衡水,0.06295151843999995
