city_name,city_id_name,num
北京,天津,0.35279797211999997
北京,保定,0.12374316803249999
北京,廊坊,0.146245161825
北京,张家口,0.0566778438674999
天津,唐山,0.22174047998999996
天津,沧州,0.1424014775325
天津,廊坊,0.073252594215
天津,邯郸,0.0548962312499999
唐山,秦皇岛,0.09647718110999995
唐山,承德,0.04867996380749985
邯郸,邢台,0.060714581534999895
保定,沧州,0.06935613194249995
沧州,衡水,0.05351162899499985
