city_name,city_id_name,num
北京,廊坊,0.681596291835
北京,天津,0.30519199237499994
北京,保定,0.12269199660749991
北京,张家口,0.06487394287499995
北京,唐山,0.0501614912699999
天津,唐山,0.2131772083874999
天津,廊坊,0.2022524354475
天津,沧州,0.13546725808499993
天津,邯郸,0.0553669100999999
天津,保定,0.04277016756
唐山,秦皇岛,0.09201065379749995
邯郸,邢台,0.08838654146999994
保定,沧州,0.07087806098999995
保定,廊坊,0.052875290565
沧州,廊坊,0.0531241794674999
沧州,衡水,0.0556432608374999
