city_name,city_id_name,num
北京,廊坊,0.77068677474
北京,保定,0.38106129564
北京,张家口,0.18723848382
北京,天津,0.28429476228
北京,邯郸,0.153518409
北京,承德,0.1213210110599999
北京,唐山,0.08847459738
北京,沧州,0.0815325831
衡水,北京,0.10953222408
邢台,北京,0.0949229555399999
北京,石家庄,0.06271915212
秦皇岛,北京,0.05157043038
天津,廊坊,0.2951319677399999
天津,唐山,0.2766420766799999
北京,天津,0.2942599104
天津,沧州,0.20892875454
天津,邯郸,0.09115444998
天津,保定,0.0894424145399999
张家口,天津,0.0571440095999999
衡水,天津,0.0570583051199999
秦皇岛,天津,0.04804271838
承德,天津,0.04295718684
石家庄,天津,0.0402185330999999
邢台,天津,0.0396457124399999
石家庄,邢台,0.2155287171599999
石家庄,保定,0.2028951390599999
石家庄,邯郸,0.1145809945799999
石家庄,衡水,0.1085658859799999
石家庄,沧州,0.0533672809199999
北京,石家庄,0.0493402995
天津,唐山,0.2538083775599999
唐山,秦皇岛,0.14003053686
唐山,承德,0.0765950579999999
北京,唐山,0.07002084852
唐山,廊坊,0.0378335869199999
唐山,沧州,0.0329013009
保定,唐山,0.0329322105
唐山,秦皇岛,0.13540547655000001
邯郸,邢台,0.2121388477199999
石家庄,邯郸,0.0994080243599999
天津,邯郸,0.07016117616
北京,邯郸,0.09916915616999994
邯郸,邢台,0.2043510233399999
石家庄,邢台,0.1994732049599999
邢台,衡水,0.0402226025399999
北京,保定,0.30531507228
石家庄,保定,0.19977458327999986
保定,廊坊,0.1755367686
保定,沧州,0.149611779
天津,保定,0.0749756638799999
保定,衡水,0.0615383729999999
邯郸,保定,0.0531739566
保定,张家口,0.0408266081999999
邢台,保定,0.03251573118
北京,张家口,0.13739028192
保定,张家口,0.039484230839999954
唐山,承德,0.0755598553199999
北京,承德,0.0838594555199999
天津,沧州,0.17407549782
保定,沧州,0.1397457765
沧州,衡水,0.10613502576
沧州,廊坊,0.11049202224
石家庄,沧州,0.0524440947599999
北京,沧州,0.059898666510000004
唐山,沧州,0.03246074595
北京,廊坊,0.79495173252
天津,廊坊,0.2694618705599999
保定,廊坊,0.16701527132999994
沧州,廊坊,0.11601786411000001
邯郸,廊坊,0.0427287846599999
唐山,廊坊,0.03946597586999995
承德,廊坊,0.0366663185999999
张家口,廊坊,0.0330543228599999
石家庄,廊坊,0.0326148363
石家庄,衡水,0.10848351383999995
沧州,衡水,0.10295767926
保定,衡水,0.06281065214999995
邢台,衡水,0.04320451952999995
