city_name,city_id_name,num
北京,廊坊,1.3719407266349999
北京,保定,0.6868121748524999
北京,天津,0.6034481696025
北京,张家口,0.2943075934799999
北京,石家庄,0.2113068519674999
北京,唐山,0.1727190394199999
北京,承德,0.18992547251999992
北京,沧州,0.1393625519324999
北京,邯郸,0.1578568516199999
北京,秦皇岛,0.10037214204749989
北京,邢台,0.10253302805249989
北京,衡水,0.1000366406549999
天津,廊坊,0.40022243127
天津,唐山,0.39349571782500004
天津,沧州,0.2523227830875
天津,保定,0.1292625303074999
天津,邯郸,0.0901832865074999
天津,石家庄,0.07563389012999995
天津,秦皇岛,0.0579780202274998
石家庄,保定,0.36750967528499995
石家庄,邢台,0.3471562868849999
石家庄,衡水,0.17489180285999995
石家庄,邯郸,0.1602299900249999
石家庄,沧州,0.1131790488074999
石家庄,唐山,0.0614183617799999
石家庄,廊坊,0.05873885464499995
石家庄,张家口,0.04215479699249995
唐山,秦皇岛,0.1698078433274999
唐山,承德,0.08006174784
唐山,廊坊,0.0575935008749999
唐山,保定,0.0489960533474999
邯郸,邢台,0.2597239780649999
邯郸,保定,0.04704280557749985
邢台,衡水,0.07468491113999995
邢台,保定,0.04489124793749995
保定,廊坊,0.20016531958499995
保定,沧州,0.17982239557500002
保定,衡水,0.08105288813999995
保定,张家口,0.05372493419249995
沧州,廊坊,0.1248178626674999
沧州,衡水,0.11938838183999995
