city_name,city_id_name,num
北京,廊坊,0.33975463446
北京,保定,0.1481326671599999
北京,天津,0.12472096823999995
北京,张家口,0.061467673769999946
天津,廊坊,0.07064385678
天津,唐山,0.06299554436999999
天津,沧州,0.05344904474999985
石家庄,保定,0.08985408691499995
石家庄,邢台,0.0814704407099999
石家庄,邯郸,0.05837613968249985
