city_name,city_id_name,num
北京,天津,0.22267461816
北京,天津,0.23126845734
通辽,赤峰,0.0438284196
