city_name,city_id_name,num
北京,廊坊,1.2772356497550001
北京,保定,0.6436310434649999
北京,天津,0.56722248189
北京,张家口,0.26544777360749994
北京,承德,0.15803160263999988
北京,唐山,0.140335834365
北京,石家庄,0.14971604705999997
北京,沧州,0.10199086953749995
北京,邯郸,0.099270940365
北京,邢台,0.06397413007499994
北京,衡水,0.06847608354749996
北京,秦皇岛,0.0593438788799999
天津,廊坊,0.38079213506999987
天津,唐山,0.36760363164
天津,沧州,0.2323942279424999
天津,保定,0.11431122772499995
天津,邯郸,0.06914063650499991
天津,石家庄,0.059853466079999945
石家庄,邢台,0.36717725007
石家庄,保定,0.3525872518349999
石家庄,衡水,0.182373010245
石家庄,邯郸,0.18364044843
石家庄,沧州,0.1063484921475
石家庄,廊坊,0.0586412541
石家庄,唐山,0.048842004307499895
唐山,秦皇岛,0.18449705117249995
唐山,承德,0.0791190939375
唐山,廊坊,0.0529906465125
唐山,保定,0.04273006365
邯郸,邢台,0.25774430120999986
邢台,衡水,0.07721091902249995
保定,廊坊,0.19343825986499996
保定,沧州,0.16696520482499988
保定,衡水,0.0839501965799999
保定,张家口,0.050249309849999896
沧州,衡水,0.1214309616749999
沧州,廊坊,0.1210160002949999
