city_name,city_id_name,num
北京,廊坊,0.6137624295449999
北京,天津,0.1671368407874999
北京,保定,0.16067710091249993
北京,张家口,0.075532323825
天津,廊坊,0.1891783864349999
天津,唐山,0.19131282188999998
天津,沧州,0.1135988236124999
天津,邯郸,0.06364018104749995
石家庄,邢台,0.07749292882499989
石家庄,保定,0.0639344659949999
唐山,秦皇岛,0.086509822905
唐山,承德,0.0484915839299999
邯郸,邢台,0.09991689774749996
保定,廊坊,0.07203688040249989
保定,沧州,0.07366808796749995
沧州,廊坊,0.0659186114174999
沧州,衡水,0.06473960153999994
