city_name,city_id_name,num
北京,天津,0.34468994178
北京,天津,0.39301752258
赤峰,通辽,0.04074721848
哈尔滨,绥化,0.0616241536199999
哈尔滨,齐齐哈尔,0.04570802136
哈尔滨,大庆,0.0400079735999999
哈尔滨,绥化,0.0692434647899999
