city_name,city_id_name,num
北京,廊坊,1.2668853597975
北京,保定,0.706736806155
北京,天津,0.5722018781175
北京,张家口,0.2683215952874999
北京,承德,0.16083076540500002
北京,唐山,0.15610659673499994
北京,石家庄,0.15787435450499998
北京,沧州,0.11843883746999989
北京,邯郸,0.1076894151524999
北京,衡水,0.08346818218499999
北京,邢台,0.0712762399799999
北京,秦皇岛,0.0589357832624999
天津,廊坊,0.40070340522
天津,唐山,0.3612879804374999
天津,沧州,0.2698025340824999
天津,保定,0.13092559456499991
天津,邯郸,0.07688902805999989
天津,石家庄,0.06307999193249995
石家庄,邢台,0.37250635772249996
石家庄,保定,0.37177607933999984
石家庄,衡水,0.1738445307749999
石家庄,邯郸,0.1432269141075
石家庄,沧州,0.09171373857749984
石家庄,廊坊,0.04754842478999985
唐山,秦皇岛,0.1678741364024999
唐山,承德,0.07129284174
唐山,廊坊,0.05122766510999985
邯郸,邢台,0.247589875935
邢台,衡水,0.07801406723249996
保定,廊坊,0.19099545700499995
保定,沧州,0.1697557001849999
保定,衡水,0.08708196397499984
保定,张家口,0.04276859534999995
沧州,廊坊,0.12441808250999994
沧州,衡水,0.1203099269399999
