city_name,city_id_name,num
北京,廊坊,0.7078398534224999
北京,天津,0.34241327336249994
北京,保定,0.20262773578499987
北京,张家口,0.0858079593224999
北京,承德,0.06702716202749995
北京,唐山,0.053234249354999846
天津,廊坊,0.276982553295
天津,唐山,0.231551940735
天津,沧州,0.16092413207999995
天津,保定,0.0600204362399999
天津,邯郸,0.0620733085425
唐山,秦皇岛,0.10804286776499994
唐山,承德,0.0557353718099999
邯郸,邢台,0.06272968495499995
保定,廊坊,0.1214018450099999
保定,沧州,0.10524829061249995
沧州,廊坊,0.0903319508699999
沧州,衡水,0.06999621925499995
