city_name,city_id_name,num
北京,廊坊,0.5076765078075001
北京,天津,0.19435254108749989
北京,保定,0.1108157539274999
天津,唐山,0.20255702723999996
天津,廊坊,0.17592313110749996
天津,沧州,0.11416045958999985
天津,邯郸,0.05264740212749995
唐山,秦皇岛,0.0870666638849999
邯郸,邢台,0.08025482288249995
保定,沧州,0.07037777603249995
保定,廊坊,0.0509843068875
沧州,廊坊,0.0543142606275
沧州,衡水,0.0526985927099999
