city_name,city_id_name,num
北京,廊坊,0.33207444693
北京,天津,0.20779049312999992
北京,保定,0.1307403040274999
北京,张家口,0.0604305841949999
天津,唐山,0.22223826751499992
天津,廊坊,0.12715388828999996
天津,沧州,0.128741089365
天津,邯郸,0.0574606999574999
天津,保定,0.04224835665
唐山,秦皇岛,0.09639029524500001
唐山,承德,0.049349894354999896
保定,沧州,0.07771403594250001
沧州,衡水,0.06426359572499996
