city_name,city_id_name,num
廊坊,北京,0.37845773208
天津,北京,0.11771796905999996
保定,北京,0.10229566788
唐山,天津,0.1635936344999999
廊坊,天津,0.15203830571999993
沧州,天津,0.0841363588799999
秦皇岛,唐山,0.0716847254099999
邢台,邯郸,0.0867973773599999
沧州,保定,0.0591768123299999
廊坊,保定,0.054818838179999996
衡水,沧州,0.0540052182899999
廊坊,沧州,0.05330553299999995
