city_name,city_id_name,num
北京,廊坊,0.7236119233349999
北京,天津,0.235074918285
北京,保定,0.15755509219499997
北京,张家口,0.07582743902249994
北京,唐山,0.0526690374299999
天津,唐山,0.21885808648499994
天津,廊坊,0.20821145701499993
天津,沧州,0.13767439103999995
天津,邯郸,0.06898397885999985
石家庄,邢台,0.0605976001199999
石家庄,保定,0.0607686451874999
唐山,秦皇岛,0.098049189015
唐山,承德,0.052156007122499945
邯郸,邢台,0.1031096729249999
保定,廊坊,0.07778273346
保定,沧州,0.0784958143275
沧州,廊坊,0.06326118022499995
沧州,衡水,0.0664284786749999
