city_name,city_id_name,num
北京,天津,0.59947661952
北京,天津,0.7251288156
北京,呼和浩特,0.0527736319199999
赤峰,通辽,0.06471942282
北京,赤峰,0.0520723193399999
赤峰,通辽,0.06434962865999999
哈尔滨,绥化,0.39079445166
哈尔滨,大庆,0.1662186274199999
哈尔滨,齐齐哈尔,0.1218102947999999
北京,哈尔滨,0.0547125435
黑河,哈尔滨,0.04360795704
哈尔滨,齐齐哈尔,0.1333404787499999
齐齐哈尔,大庆,0.0645914168999998
呼伦贝尔,齐齐哈尔,0.05108354424
哈尔滨,大庆,0.1807843957199999
大庆,绥化,0.18740319084
齐齐哈尔,大庆,0.06306030953999985
哈尔滨,绥化,0.45619621038
大庆,绥化,0.21076695233999995
