city_name,city_id_name,num
北京,廊坊,0.6800332121550001
北京,天津,0.23651357528249994
北京,保定,0.2478637168874999
北京,张家口,0.12633152060249989
北京,唐山,0.06755701563
天津,廊坊,0.19593388565999992
天津,唐山,0.2056210792424999
天津,沧州,0.12721275422999984
天津,邯郸,0.07188008525999989
石家庄,保定,0.07643896492499991
石家庄,邢台,0.09925260237
唐山,秦皇岛,0.10186800732000001
唐山,承德,0.056045117025
邯郸,邢台,0.10674570825
保定,廊坊,0.08263255338
保定,沧州,0.07778186615249996
沧州,廊坊,0.073598388885
沧州,衡水,0.0724396644449999
