city_name,city_id_name,num
北京,廊坊,0.874269288
北京,保定,0.4237926577199999
北京,天津,0.31540710204
北京,张家口,0.16760179152
北京,承德,0.11239444008
北京,邯郸,0.09779776056
北京,唐山,0.1001699136
北京,石家庄,0.09388297224
北京,沧州,0.07254629568
北京,邢台,0.05324836968
北京,衡水,0.04828868784
天津,廊坊,0.38265270102
天津,唐山,0.3448012778999999
北京,天津,0.3301495945199999
天津,沧州,0.24126910128
天津,保定,0.12158870472
天津,邯郸,0.0779502349799999
天津,石家庄,0.0608917904999999
秦皇岛,天津,0.0421235153999999
石家庄,邢台,0.33575462604
石家庄,保定,0.3200173369199999
石家庄,衡水,0.15344927388
石家庄,邯郸,0.1285673957999999
北京,石家庄,0.09189629496
石家庄,沧州,0.07812797004
天津,石家庄,0.0544650447599999
天津,唐山,0.3254348461499999
唐山,秦皇岛,0.1552183252199999
北京,唐山,0.09815023043999994
唐山,承德,0.0699593063399999
唐山,廊坊,0.0509009232599999
唐山,秦皇岛,0.15981481682999993
邯郸,邢台,0.23487169536
石家庄,邯郸,0.12419744336999991
北京,邯郸,0.09035615447999995
天津,邯郸,0.07104980852999995
石家庄,邢台,0.33426425438999996
邯郸,邢台,0.23436695277
邢台,衡水,0.0657597285
北京,邢台,0.05110801191
北京,保定,0.41641823627999996
石家庄,保定,0.3250477382399999
保定,廊坊,0.1932491908799999
保定,沧州,0.1575997171199999
天津,保定,0.11533170096
保定,衡水,0.071627652
邯郸,保定,0.04713548112
邢台,保定,0.04166916372
张家口,保定,0.0415098512999999
唐山,保定,0.04032926982
北京,张家口,0.16129480104
北京,承德,0.10476340740000001
唐山,承德,0.0709088239799999
天津,沧州,0.23572011933
保定,沧州,0.15227648297999996
沧州,廊坊,0.1147426430399999
沧州,衡水,0.10569138876
石家庄,沧州,0.07685825534999999
北京,沧州,0.07100584902
唐山,沧州,0.0412021582199999
北京,廊坊,0.88667595675
天津,廊坊,0.37064129606999996
保定,廊坊,0.18495757403999996
沧州,廊坊,0.11575892168999995
唐山,廊坊,0.0518719536899999
石家庄,廊坊,0.0402919174799999
石家庄,衡水,0.14957810729999999
沧州,衡水,0.10683699606
保定,衡水,0.0734808915
邢台,衡水,0.06723647433
北京,衡水,0.04727833271999995
