city_name,city_id_name,num
北京,廊坊,0.6065194846724999
北京,天津,0.2302269700724999
北京,保定,0.3224024726399999
北京,张家口,0.16358597068499992
天津,廊坊,0.18189570235499997
天津,唐山,0.18966077342999998
天津,沧州,0.15133910865749994
石家庄,保定,0.1237698601649999
石家庄,邢台,0.15553167007499996
唐山,秦皇岛,0.10346564666249991
唐山,承德,0.0562539315824999
邯郸,邢台,0.10318925846249995
保定,廊坊,0.0843424781624999
保定,沧州,0.08027630509499985
沧州,廊坊,0.0700967234474999
沧州,衡水,0.07777315298249995
