city_name,city_id_name,num
北京,天津,0.20917195704
北京,天津,0.20524281875999995
哈尔滨,绥化,0.0518195361599999
