city_name,city_id_name,num
北京,廊坊,1.33220954826
北京,保定,0.80857794456
北京,天津,0.62441176968
北京,张家口,0.36491963993999993
北京,承德,0.21855818034000002
北京,唐山,0.20072626523999995
北京,石家庄,0.22650380487
北京,沧州,0.17106124238999992
北京,邯郸,0.1648132191
北京,邢台,0.1157534078174999
北京,衡水,0.13625796651749994
北京,秦皇岛,0.08975976443999995
天津,廊坊,0.3882463714799999
天津,唐山,0.37594736286749986
天津,沧州,0.3034517351175
天津,保定,0.13888464443999995
天津,邯郸,0.08142763362749994
天津,石家庄,0.074607903225
天津,秦皇岛,0.051052380502499994
石家庄,保定,0.33506057673
石家庄,邢台,0.3500445956175
石家庄,衡水,0.17219071124999996
石家庄,邯郸,0.15500710556999994
石家庄,沧州,0.10797760646999996
石家庄,唐山,0.05541976725749995
石家庄,廊坊,0.052404893189999996
石家庄,张家口,0.0456496803
唐山,秦皇岛,0.16730157514499994
唐山,承德,0.07606174205249995
唐山,廊坊,0.056492420894999895
唐山,保定,0.04504158980999995
邯郸,邢台,0.22349434220999992
邢台,衡水,0.0652147291124999
保定,廊坊,0.1859877644399999
保定,沧州,0.16604006939999993
保定,衡水,0.07668257768999989
保定,张家口,0.04307368832999995
沧州,廊坊,0.1239847778699999
沧州,衡水,0.11063310682499995
