city_name,city_id_name,num
北京,天津,0.1802955963599999
北京,天津,0.1863841031099999
赤峰,通辽,0.0414642693599999
