city_name,city_id_name,num
北京,天津,0.35677183698000003
北京,廊坊,0.131458743855
北京,保定,0.12584029893749998
北京,张家口,0.06660927067499985
天津,唐山,0.22677767032499996
天津,沧州,0.1301826901049999
天津,廊坊,0.06683309169749994
天津,邯郸,0.05920298140499985
唐山,秦皇岛,0.09758701637999995
唐山,承德,0.05033046233249995
邯郸,邢台,0.045434624085
保定,沧州,0.0686294205975
沧州,衡水,0.0501349421024999
