city_name,city_id_name,num
北京,天津,0.2191942506599999
北京,天津,0.21437360774999992
赤峰,通辽,0.0435404095199999
赤峰,通辽,0.04308290450999995
哈尔滨,绥化,0.09486654552
哈尔滨,大庆,0.0643592627999999
哈尔滨,齐齐哈尔,0.0659343920399999
北京,哈尔滨,0.0403718175
哈尔滨,齐齐哈尔,0.07271916587999995
哈尔滨,大庆,0.06754383206999989
哈尔滨,绥化,0.10658190761999994
大庆,绥化,0.0434735262
