city_name,city_id_name,num
北京,天津,0.2915220617999999
北京,天津,0.30296473172999994
呼和浩特,赤峰,0.06074814186
赤峰,通辽,0.05697893484
赤峰,通辽,0.055433942459999996
呼伦贝尔,齐齐哈尔,0.04698548856
哈尔滨,绥化,0.2649525519599999
哈尔滨,大庆,0.0968430200399999
哈尔滨,齐齐哈尔,0.0816229871999999
哈尔滨,齐齐哈尔,0.07995577391999989
呼伦贝尔,齐齐哈尔,0.04972757345999995
齐齐哈尔,大庆,0.0454094164799999
大庆,绥化,0.1424237904
哈尔滨,大庆,0.0940580091899999
齐齐哈尔,大庆,0.04502634398999995
哈尔滨,绥化,0.26052324191999987
大庆,绥化,0.14597981838000001
