city_name,city_id_name,num
北京,廊坊,0.4893893214749999
北京,天津,0.19719231077249993
北京,保定,0.1132692605325
北京,张家口,0.0506706957449999
天津,唐山,0.19965927775499986
天津,廊坊,0.1677194237699999
天津,沧州,0.1162868015249999
天津,邯郸,0.0535515970274999
唐山,秦皇岛,0.0861209018099999
邯郸,邢台,0.07411879687499995
保定,沧州,0.06678253980000001
保定,廊坊,0.053494073459999944
沧州,廊坊,0.0511627826924999
沧州,衡水,0.0516516818849999
