city_name,city_id_name,num
北京,天津,0.1916394163199999
北京,天津,0.20249191538999994
赤峰,通辽,0.04280210262
赤峰,通辽,0.04373854281
哈尔滨,绥化,0.04239320652
