city_name,city_id_name,num
北京,保定,1.459923419925
北京,廊坊,1.4978072574225
北京,天津,1.13158868751
北京,张家口,0.7955474709150001
北京,承德,0.527502820095
北京,石家庄,0.47720878487999996
北京,秦皇岛,0.4329565232624999
北京,邯郸,0.4432284110925
北京,唐山,0.43459715375999997
北京,沧州,0.36269632257749995
北京,衡水,0.3155773832775
北京,邢台,0.30286302063750004
天津,唐山,0.59043879261
天津,沧州,0.5086835453699998
天津,廊坊,0.5408424140399999
天津,保定,0.3298209119099999
天津,秦皇岛,0.19360876810499983
天津,邯郸,0.2031237113399999
天津,石家庄,0.18325925534249984
天津,衡水,0.1385173515599999
天津,承德,0.12704369021999984
天津,邢台,0.1091540828699999
天津,张家口,0.1126152588374998
石家庄,邢台,0.6290631266400001
石家庄,保定,0.6267039056549999
石家庄,邯郸,0.3367004444099999
石家庄,衡水,0.3018766032449999
石家庄,沧州,0.20671534509749995
石家庄,唐山,0.10860527465999985
石家庄,张家口,0.09029403861749985
石家庄,廊坊,0.13665319508249996
石家庄,秦皇岛,0.05986245708
唐山,秦皇岛,0.3203258867774999
唐山,承德,0.1450680327675
唐山,保定,0.0970046421749999
唐山,廊坊,0.1172230675649999
唐山,沧州,0.06970672727999991
秦皇岛,承德,0.0595768650524999
秦皇岛,保定,0.0605580464024999
邯郸,邢台,0.33664891302
邯郸,保定,0.1108097965799999
邢台,衡水,0.11364105437999991
邢台,保定,0.1054361079449999
保定,沧州,0.31621451084999996
保定,廊坊,0.36377150564249994
保定,衡水,0.13395291731999998
保定,张家口,0.1052006893425
沧州,衡水,0.1694001008699999
沧州,廊坊,0.20847993070499998
