city_name,city_id_name,num
北京,廊坊,0.35056186992
北京,保定,0.1372047659999999
北京,天津,0.11003913018
北京,张家口,0.0717295337999999
北京,承德,0.0391445006399999
北京,唐山,0.0369151052399999
沧州,北京,0.0323709048
天津,廊坊,0.22495985658
天津,唐山,0.22193166672
天津,沧州,0.1666222212599999
北京,天津,0.10910187918
天津,邯郸,0.04550395806
天津,保定,0.03995633286
石家庄,邢台,0.12502664604
石家庄,保定,0.1283303476799999
石家庄,衡水,0.0700547421599999
石家庄,邯郸,0.0673049087999999
天津,唐山,0.21424365864
唐山,秦皇岛,0.14999769216
唐山,承德,0.0786086207999999
廊坊,唐山,0.03121477722
北京,唐山,0.0338349279599999
唐山,秦皇岛,0.15855878952000002
邯郸,邢台,0.14360311152
石家庄,邯郸,0.07401225959999991
天津,邯郸,0.04643402921999995
石家庄,邢台,0.12733604270999999
邯郸,邢台,0.13121900046
石家庄,保定,0.14044958387999995
保定,廊坊,0.13025273688
保定,沧州,0.1247541102
北京,保定,0.1332557681399999
保定,衡水,0.0489864671999999
天津,保定,0.03903966396
保定,张家口,0.0395181066599999
北京,张家口,0.07395775469999995
保定,张家口,0.04102192997999995
唐山,承德,0.08287430759999985
北京,承德,0.0371052665099999
天津,沧州,0.15909771167999995
沧州,廊坊,0.1098063135
保定,沧州,0.12103390169999995
沧州,衡水,0.1053373895999999
石家庄,沧州,0.0330112826999999
北京,廊坊,0.32984146565999994
天津,廊坊,0.21394501082999995
保定,廊坊,0.11972245580999999
沧州,廊坊,0.10457423270999999
沧州,衡水,0.1043679751199999
石家庄,衡水,0.07425943757999989
保定,衡水,0.0492000771599999
