city_name,city_id_name,num
北京,廊坊,0.520358610375
北京,天津,0.18471370896
北京,保定,0.11650932269999989
北京,张家口,0.05948388272249995
天津,唐山,0.20108564097749995
天津,廊坊,0.1910992554675
天津,沧州,0.1360491217875
唐山,秦皇岛,0.0809624955824999
邯郸,邢台,0.09171694597499991
保定,沧州,0.06808316733
保定,廊坊,0.0480058856549999
沧州,衡水,0.05880733447499995
沧州,廊坊,0.0555756053849999
