city_name,city_id_name,num
北京,廊坊,0.32977287324
北京,保定,0.12141758270249985
北京,天津,0.091727173035
天津,廊坊,0.2423619342449999
天津,唐山,0.23933650932
天津,沧州,0.15844813217999995
石家庄,邢台,0.10935769540499996
石家庄,保定,0.123979819455
石家庄,衡水,0.0625460233274999
唐山,秦皇岛,0.14513742506249994
唐山,承德,0.08596561772249994
邯郸,邢台,0.14126407492499993
保定,廊坊,0.12119475919499985
保定,沧州,0.11583848839499991
保定,衡水,0.0482895717524999
沧州,廊坊,0.10441042762499986
沧州,衡水,0.08842104726749984
