city_name,city_id_name,num
北京,廊坊,1.4088371862825002
北京,保定,0.6398712498600001
北京,天津,0.553225351005
北京,张家口,0.26618472031499996
北京,石家庄,0.17211165038999998
北京,唐山,0.1581890862825
北京,承德,0.1622788360199999
北京,沧州,0.1192385462174999
北京,邯郸,0.12525881634
北京,邢台,0.0775196308799999
北京,秦皇岛,0.08151965043749995
北京,衡水,0.06921328317749995
天津,廊坊,0.39159975264749985
天津,唐山,0.3825465993224999
天津,沧州,0.23732507034
天津,保定,0.1156486033349999
天津,邯郸,0.08167887800999984
天津,石家庄,0.06532362429749991
天津,秦皇岛,0.04865899513499985
石家庄,邢台,0.3546606331349999
石家庄,保定,0.3596555947274999
石家庄,衡水,0.17510111637749984
石家庄,邯郸,0.1559752795349999
石家庄,沧州,0.1105712299124999
石家庄,唐山,0.0546965259524999
石家庄,廊坊,0.057134340022499897
唐山,秦皇岛,0.166942825335
唐山,承德,0.07722648944999995
唐山,廊坊,0.053919358897500005
唐山,保定,0.043863315615
邯郸,邢台,0.257745941865
邯郸,保定,0.04462291944
邢台,衡水,0.07192230529499999
邢台,保定,0.04259893497749985
保定,廊坊,0.19668584045249993
保定,沧州,0.17879350056749985
保定,衡水,0.08040304721249994
保定,张家口,0.048345767325
沧州,廊坊,0.12394684637999995
沧州,衡水,0.1176206188049999
