city_name,city_id_name,num
北京,天津,0.1745775665999999
北京,天津,0.18332431919999992
通辽,赤峰,0.0423973796399999
哈尔滨,绥化,0.04298374026
