city_name,city_id_name,num
沈阳,铁岭,0.09671178384
沈阳,大连,0.02979689328
大连,沈阳,0.02670696684
铁岭,沈阳,0.09485905464
铁岭,四平,0.02632611456
长春,吉林,0.0947278411199999
长春,四平,0.07858363392
长春,松原,0.0686697264
吉林,长春,0.080889111
四平,长春,0.0636879672
四平,铁岭,0.0294835204799999
松原,长春,0.05426147232
哈尔滨,绥化,0.03291461244
哈尔滨,齐齐哈尔,0.02510604072
绥化,哈尔滨,0.0276683364
