city_name,city_id_name,num
北京,成都,0.0643822279199997
北京,郑州,0.06181498476
北京,兰州,0.01346578182
运城,渭南,0.0122942771999999
北京,郑州,0.06460775459999975
郑州,成都,0.0150840792
北京,成都,0.0669632540399997
郑州,成都,0.016289108099999998
成都,兰州,0.013903031159999999
西安,咸阳,0.0731969557199999
西安,渭南,0.02660467842
西安,宝鸡,0.01215601505999995
铜川,渭南,0.01187250371999995
宝鸡,咸阳,0.021488232419999947
汉中,宝鸡,0.01153323197999995
西安,宝鸡,0.01081176336
西安,咸阳,0.07321232465999994
宝鸡,咸阳,0.020467365119999997
西安,渭南,0.03332729933999995
运城,渭南,0.0127518267599999
铜川,渭南,0.01253537369999995
延安,榆林,0.02901042864
汉中,安康,0.018459527400000002
成都,汉中,0.01442169683999995
延安,榆林,0.02811791232
汉中,安康,0.018362618999999948
西安,安康,0.01074604158
兰州,庆阳,0.028510185599999998
北京,兰州,0.0146239036199999
成都,兰州,0.013361721119999951
兰州,庆阳,0.02486610252
榆林,庆阳,0.01011133044
