city_name,city_id_name,num
北京,郑州,0.07292385288
北京,成都,0.06637771638000001
北京,兰州,0.013334665499999999
运城,渭南,0.01657696751999995
北京,运城,0.01079976402
北京,郑州,0.0757699272
郑州,成都,0.01521809856
北京,成都,0.06997472063999995
郑州,成都,0.01492263648
成都,兰州,0.01528052526
西安,咸阳,0.10814436845999995
西安,渭南,0.026864085779999998
宝鸡,西安,0.011778705719999949
铜川,渭南,0.01971395819999995
宝鸡,咸阳,0.02309284241999995
西安,咸阳,0.11274926705999995
宝鸡,咸阳,0.022924587599999997
西安,渭南,0.02464839234
铜川,渭南,0.02354818553999995
运城,渭南,0.017760434219999947
延安,榆林,0.03529501775999995
渭南,延安,0.015026556239999999
汉中,安康,0.01833574806
宝鸡,汉中,0.01373319035999995
成都,汉中,0.01221480323999995
延安,榆林,0.0352182524399999
汉中,安康,0.02073105576
兰州,庆阳,0.0241247095199999
成都,兰州,0.01822576788
北京,兰州,0.01655142498
兰州,庆阳,0.02154736727999995
榆林,庆阳,0.01081243241999995
咸阳,庆阳,0.01026004643999995
