city_name,city_id_name,num
北京,成都,0.07334954027999965
北京,郑州,0.0668682702
北京,运城,0.01326394601999995
北京,兰州,0.013223979
运城,渭南,0.02533979213999995
北京,运城,0.01342584719999995
北京,郑州,0.07178942844
郑州,成都,0.01575852569999995
运城,郑州,0.01151873945999995
北京,成都,0.0695784524399997
郑州,成都,0.0152770357799999
成都,兰州,0.01395577512
西安,咸阳,0.52207378578
西安,渭南,0.07973388738000001
西安,宝鸡,0.03550642613999995
西安,榆林,0.021872376539999898
西安,延安,0.02059244207999995
西安,安康,0.01673080596
西安,商洛,0.01176192089999995
铜川,渭南,0.02933423424
铜川,咸阳,0.0102838329
宝鸡,咸阳,0.04929184692
西安,宝鸡,0.041448796739999946
宝鸡,汉中,0.012064104360000001
西安,咸阳,0.6274379248199999
宝鸡,咸阳,0.043297266959999955
咸阳,渭南,0.022641026039999998
铜川,咸阳,0.0103003974
西安,渭南,0.09320944266
铜川,渭南,0.0326187243
运城,渭南,0.02650113287999995
咸阳,渭南,0.02403011933999995
渭南,延安,0.01903002821999995
延安,榆林,0.05634719478
西安,延安,0.0267431868
渭南,延安,0.0204326388
咸阳,延安,0.01120617666
汉中,安康,0.02119234914
成都,汉中,0.01527869465999995
宝鸡,汉中,0.012660337260000001
咸阳,汉中,0.010138086359999899
延安,榆林,0.05565752352
西安,榆林,0.022470862859999947
榆林,庆阳,0.01237305455999995
汉中,安康,0.02227801482
西安,安康,0.02065979196
西安,商洛,0.01155297329999995
兰州,庆阳,0.02432436642
成都,兰州,0.0144562579199999
北京,兰州,0.01381021002
兰州,庆阳,0.025730139239999998
榆林,庆阳,0.013163413679999951
咸阳,庆阳,0.01260839682
延安,庆阳,0.011460527999999949
