city_name,city_id_name,num
北京,成都,0.06774060779999964
北京,郑州,0.06675660197999995
北京,运城,0.01498093218
北京,兰州,0.01353477438
运城,渭南,0.02783793096
北京,运城,0.01539814698
西安,运城,0.014187308759999951
运城,郑州,0.013305008159999951
北京,郑州,0.07320116286
郑州,成都,0.015332065559999702
运城,郑州,0.0136491609599999
西安,郑州,0.01014501833999995
北京,成都,0.06679537991999995
郑州,成都,0.01378658555999995
成都,兰州,0.013657005
西安,咸阳,0.85115342538
西安,渭南,0.1166419294199999
西安,宝鸡,0.06122141513999994
西安,榆林,0.03342343338
西安,延安,0.03925086822
西安,安康,0.0363164148
西安,商洛,0.0217270917
西安,汉中,0.0165504643199999
西安,铜川,0.01763418438
铜川,渭南,0.03014256402
西安,铜川,0.02322191915999995
铜川,咸阳,0.01622915027999995
西安,宝鸡,0.07814577545999996
宝鸡,咸阳,0.059854107599999956
宝鸡,汉中,0.0116544095999999
西安,咸阳,1.0137203541
宝鸡,咸阳,0.05458005503999995
咸阳,渭南,0.03110409719999995
铜川,咸阳,0.0164210522399999
咸阳,庆阳,0.0135317352599999
西安,渭南,0.1337589693
咸阳,渭南,0.03306385332
铜川,渭南,0.03183151608
运城,渭南,0.02846690244
渭南,延安,0.020513863979999998
延安,榆林,0.0692900568
西安,延安,0.05398454789999995
渭南,延安,0.02424840138
咸阳,延安,0.01234577213999995
铜川,延安,0.01103569758
延安,庆阳,0.01171841904
汉中,安康,0.023844212999999947
西安,汉中,0.01803508091999985
成都,汉中,0.016592169599999998
宝鸡,汉中,0.011266168499999951
延安,榆林,0.07062004763999999
西安,榆林,0.04209493374
榆林,庆阳,0.012827552039999999
渭南,榆林,0.01070751635999995
西安,安康,0.051474080879999995
汉中,安康,0.0266588528399999
咸阳,安康,0.010628580240000001
西安,商洛,0.02516864562
兰州,庆阳,0.024127912260000002
成都,兰州,0.0159415857
北京,兰州,0.014190300900000001
西安,兰州,0.010185442199999999
兰州,庆阳,0.02388973824
西安,庆阳,0.015621263099999949
咸阳,庆阳,0.01518392789999995
榆林,庆阳,0.01385163828
延安,庆阳,0.012462174
