city_name,city_id_name,num
北京,成都,0.0791937842399997
北京,郑州,0.07154488781999994
北京,郑州,0.0766801047599999
北京,成都,0.0822114651599994
西安,咸阳,1.62793627956
西安,渭南,0.43572177395999995
西安,宝鸡,0.16984863431999994
西安,商洛,0.12056886287999999
西安,延安,0.10875696984
西安,榆林,0.1061598490199998
西安,安康,0.07866100026
西安,铜川,0.0662880817799999
西安,汉中,0.05974728804
西安,铜川,0.07385595389999995
铜川,渭南,0.04679117118
西安,宝鸡,0.18719692595999993
宝鸡,咸阳,0.0993006410399999
西安,咸阳,1.75532813532
宝鸡,咸阳,0.09398327291999994
咸阳,渭南,0.06929545788
西安,渭南,0.47235157452
咸阳,渭南,0.07320218345999994
铜川,渭南,0.049033701539999947
延安,榆林,0.1260466515
西安,延安,0.11918780801999995
渭南,延安,0.04181546106
西安,汉中,0.06111191124
延安,榆林,0.12297246335999995
西安,榆林,0.1194678736199998
西安,安康,0.08785218366
西安,商洛,0.13000667508
兰州,天水,0.08664480576
兰州,天水,0.08838987786
