city_name,city_id_name,num
北京,成都,0.06596761338
北京,郑州,0.06871382118
北京,西安,0.06368349276
运城,西安,0.04640325894
北京,郑州,0.0729308691
西安,郑州,0.04437514691999995
北京,成都,0.0675026395199997
成都,西安,0.0577008359999997
西安,咸阳,1.88285600142
西安,渭南,0.64981093644
西安,宝鸡,0.28279159182
西安,商洛,0.22907117196
西安,延安,0.19429849404
西安,榆林,0.15943599845999995
西安,安康,0.12626131607999996
西安,汉中,0.12482860428
西安,铜川,0.11167044749999991
西安,庆阳,0.06337625489999975
北京,西安,0.06478640172
成都,西安,0.0588905542799997
运城,西安,0.04876338023999975
西安,兰州,0.0462833206199999
西安,铜川,0.11795471099999995
铜川,渭南,0.049524180839999946
西安,宝鸡,0.30413526191999996
宝鸡,咸阳,0.10314047358
西安,咸阳,1.97354739546
宝鸡,咸阳,0.09983438244000001
咸阳,渭南,0.07610966874
西安,渭南,0.6638867406
咸阳,渭南,0.07768761839999999
铜川,渭南,0.04855730976
渭南,延安,0.04376318706
运城,渭南,0.042806612699999996
西安,延安,0.17958232817999994
延安,榆林,0.134542701
渭南,延安,0.04375819422
西安,汉中,0.12603028463999993
西安,榆林,0.15262591859999997
延安,榆林,0.12675087036
西安,安康,0.12408155423999995
西安,商洛,0.24046312859999996
兰州,天水,0.08673121331999994
西安,兰州,0.047088156059999844
兰州,天水,0.08564021135999991
西安,庆阳,0.05576333058
