city_name,city_id_name,num
北京,成都,0.07204985802
北京,郑州,0.06882575994
北京,西安,0.04650016895999965
北京,郑州,0.07460928144
北京,成都,0.07823067965999969
西安,咸阳,1.72990575234
西安,渭南,0.57928362894
西安,宝鸡,0.2394899524799998
西安,商洛,0.16500671675999978
西安,延安,0.16015530762
西安,榆林,0.14626237391999974
西安,安康,0.10867659678
西安,铜川,0.09692482031999994
西安,汉中,0.09841330386
北京,西安,0.043397619479999996
西安,铜川,0.1085624467199999
铜川,渭南,0.04782112992
西安,宝鸡,0.26770677552
宝鸡,咸阳,0.10435692671999995
西安,咸阳,1.83530152836
宝鸡,咸阳,0.09851372604
咸阳,渭南,0.07479661338
西安,渭南,0.62304189768
咸阳,渭南,0.07367429844000001
铜川,渭南,0.04525432416
运城,渭南,0.0412674993
西安,延安,0.19029269412
延安,榆林,0.12934030104
渭南,延安,0.04364677062
西安,汉中,0.11490653519999995
西安,榆林,0.17163697013999973
延安,榆林,0.12545713674
西安,安康,0.12751728911999993
西安,商洛,0.17328520188000002
兰州,天水,0.09011164139999994
西安,兰州,0.04589307071999995
兰州,天水,0.09060113411999995
西安,庆阳,0.045390328019999995
