city_name,city_id_name,num
北京,成都,0.07194076560000001
北京,郑州,0.08292081942
北京,西安,0.06319983528
运城,西安,0.05441542253999995
渭南,运城,0.042017859
北京,郑州,0.09585790614
郑州,西安,0.044899633259999946
北京,成都,0.07318954746
成都,西安,0.05827783788
西安,咸阳,2.21931679842
西安,渭南,0.9603800656199999
西安,宝鸡,0.45039100194000004
西安,商洛,0.28085699268
西安,延安,0.2195885295
西安,榆林,0.16950879882
西安,铜川,0.16862303466
西安,安康,0.14909733341999998
西安,汉中,0.1412561997
西安,庆阳,0.0640670877
北京,西安,0.06320218104
成都,西安,0.06086073996
西安,兰州,0.04529706462
运城,西安,0.04736212397999995
郑州,西安,0.04314795642
西安,铜川,0.17285372459999993
铜川,渭南,0.05231350007999995
铜川,咸阳,0.04089224736
西安,宝鸡,0.55056226014
宝鸡,咸阳,0.1330281192599999
西安,咸阳,2.44130368446
宝鸡,咸阳,0.1151274124799999
咸阳,渭南,0.09827631989999999
铜川,咸阳,0.0411523335
西安,渭南,1.0901921106599999
咸阳,渭南,0.10435389407999995
铜川,渭南,0.05616336528
西安,延安,0.18175800924000002
延安,榆林,0.14133205296
西安,汉中,0.1445158341
西安,榆林,0.13710207258
延安,榆林,0.12354946848000001
西安,安康,0.14864342885999998
西安,商洛,0.29431627668000004
兰州,天水,0.09114489036
西安,兰州,0.040741689420000005
兰州,天水,0.09575548812
西安,庆阳,0.057416388299999954
