city_name,city_id_name,num
北京,郑州,0.0987468343199999
北京,成都,0.08747769311999995
北京,郑州,0.11216922281999965
北京,成都,0.0977787676799999
西安,咸阳,0.08847900864
西安,咸阳,0.09174524778000001
西安,汉中,0.04645207602
兰州,天水,0.14331810816
兰州,庆阳,0.056283164280000006
兰州,天水,0.19495858571999997
兰州,庆阳,0.061412106960000004
