city_name,city_id_name,num
北京,成都,0.059568025319999995
北京,郑州,0.06296775731999996
北京,郑州,0.06623229869999994
北京,成都,0.057013745399999996
西安,咸阳,0.08125964388
西安,宝鸡,0.0567775089
西安,咸阳,0.0876572118
兰州,天水,0.08770402494
兰州,天水,0.09027712763999995
