city_name,city_id_name,num
北京,成都,0.05851532178
北京,郑州,0.05174172269999995
北京,兰州,0.01122931997999995
运城,渭南,0.01683576413999995
北京,运城,0.01101372713999995
北京,郑州,0.04813327962
郑州,成都,0.01326670164
北京,成都,0.061216814339999995
郑州,成都,0.012431602980000001
成都,兰州,0.01230984864
西安,咸阳,0.12548448395999995
西安,渭南,0.03003209784
西安,宝鸡,0.01125182501999995
铜川,渭南,0.01759197527999995
宝鸡,咸阳,0.024957593639999998
西安,宝鸡,0.01103232635999995
西安,咸阳,0.12780258731999994
宝鸡,咸阳,0.0228065058
西安,渭南,0.030801092399999952
运城,渭南,0.02071935774
铜川,渭南,0.01875140279999995
咸阳,渭南,0.01207273571999995
延安,榆林,0.03463067844
渭南,延安,0.01301898095999995
汉中,安康,0.018054971280000002
成都,汉中,0.01297591649999995
延安,榆林,0.03479042988
汉中,安康,0.02062634058
兰州,庆阳,0.02234841516
成都,兰州,0.01294900668
北京,兰州,0.01052870724
兰州,庆阳,0.02140962353999995
榆林,庆阳,0.01028720574
