city_name,city_id_name,num
北京,郑州,0.0987468343199999
北京,成都,0.08747769311999995
北京,兰州,0.017432236799999952
运城,渭南,0.01346883551999995
北京,运城,0.01244975021999995
北京,郑州,0.11216922281999965
郑州,成都,0.01823343048
北京,成都,0.0977787676799999
成都,兰州,0.018474021539999948
郑州,成都,0.01809064206
西安,咸阳,0.08847900864
西安,渭南,0.0266597892
宝鸡,西安,0.01722113783999995
西安,安康,0.010413972359999999
榆林,西安,0.0105117507
西安,汉中,0.02838750948
铜川,渭南,0.01057775111999995
宝鸡,咸阳,0.023430278699999953
宝鸡,汉中,0.0121712867999999
西安,咸阳,0.09174524778000001
宝鸡,咸阳,0.02046580506
西安,渭南,0.02837626506
运城,渭南,0.013907196179999949
铜川,渭南,0.011011593599999949
延安,榆林,0.026676420120000002
西安,汉中,0.04645207602
汉中,安康,0.02490400242
成都,汉中,0.01641499181999995
宝鸡,汉中,0.012396698459999949
延安,榆林,0.02803366422
汉中,安康,0.02415824514
西安,安康,0.01023054786
兰州,庆阳,0.056283164280000006
北京,兰州,0.01869176411999985
成都,兰州,0.01622690982
兰州,庆阳,0.061412106960000004
榆林,庆阳,0.010937783159999999
