city_name,city_id_name,num
北京,成都,0.08052343487999994
北京,郑州,0.07427144663999999
北京,郑州,0.07807367087999995
北京,成都,0.08100489239999994
西安,咸阳,1.52480990808
西安,渭南,0.39754726938
西安,宝鸡,0.16459819811999982
西安,商洛,0.11869939097999999
西安,延安,0.08851902587999999
西安,榆林,0.08300585645999986
西安,安康,0.07568310654
西安,铜川,0.058881292739999994
西安,汉中,0.050138867159999795
西安,铜川,0.06737943365999999
铜川,渭南,0.04842832698
西安,宝鸡,0.19119997835999974
宝鸡,咸阳,0.103270221
西安,咸阳,1.6936522437600001
宝鸡,咸阳,0.09879404274
咸阳,渭南,0.06781358555999994
西安,渭南,0.45128030904
咸阳,渭南,0.07053872363999994
铜川,渭南,0.04934411783999995
延安,榆林,0.10371591378
西安,延安,0.0938670039
西安,汉中,0.0531552261599998
延安,榆林,0.10460946528000001
西安,榆林,0.08836313975999996
西安,安康,0.08651193984
西安,商洛,0.14396083506000001
兰州,天水,0.09882275886
兰州,天水,0.09925810307999999
