city_name,city_id_name,num
北京,成都,0.0841486887
北京,成都,0.08985404195999999
西安,咸阳,0.08709814656
西安,咸阳,0.08980265394
兰州,天水,0.11830143797999984
兰州,天水,0.14492282507999987
兰州,庆阳,0.051377703839999955
