city_name,city_id_name,num
北京,成都,0.052075910879999895
北京,运城,0.05034615912
北京,成都,0.06072396821999995
西安,咸阳,0.49136356404
西安,渭南,0.16677096804
西安,铜川,0.05442933672
西安,宝鸡,0.28419978492
宝鸡,咸阳,0.07152938279999996
西安,咸阳,0.6657432249599999
宝鸡,咸阳,0.04266124524
西安,渭南,0.27631375775999995
咸阳,渭南,0.08471443481999999
西安,延安,0.18193355568
延安,榆林,0.05301775943999995
西安,汉中,0.24141037176
西安,榆林,0.18198074789999996
延安,榆林,0.0472683049199999
西安,安康,0.21793898393999994
西安,商洛,0.35917590888
咸阳,商洛,0.053109598859999996
兰州,天水,0.1125707997599999
兰州,天水,0.13259228903999995
