city_name,city_id_name,num
北京,成都,0.06754929875999965
北京,郑州,0.02298033827999995
北京,兰州,0.0136644003
运城,渭南,0.0135865544399999
北京,运城,0.012161284919999949
北京,郑州,0.02666024603999995
北京,成都,0.07213350347999964
成都,兰州,0.01644486624
西安,咸阳,0.08131428971999996
西安,渭南,0.0251789682599999
铜川,渭南,0.01196841582
宝鸡,咸阳,0.02452247136
西安,宝鸡,0.0112349543399999
西安,咸阳,0.08967965219999996
宝鸡,咸阳,0.0204368832
西安,渭南,0.02827344365999995
运城,渭南,0.013215571199999901
铜川,渭南,0.01168868718
延安,榆林,0.019304532359999953
渭南,延安,0.010813888800000001
汉中,安康,0.01914581285999995
成都,汉中,0.01545528438
宝鸡,汉中,0.01282066218
延安,榆林,0.0186745062599999
汉中,安康,0.02069734517999995
兰州,庆阳,0.035900003519999946
成都,兰州,0.01937269224
北京,兰州,0.016067352780000002
兰州,庆阳,0.045462092399999945
