city_name,city_id_name,num
北京,郑州,0.10709035271999931
北京,成都,0.0699314536799993
北京,兰州,0.0125605404
北京,运城,0.01532005001999995
运城,渭南,0.01341272844
北京,郑州,0.1361218283999993
郑州,成都,0.01695424607999995
北京,成都,0.0782179027199993
成都,兰州,0.018660494879999948
郑州,成都,0.018416535839999998
西安,咸阳,0.08758548467999999
西安,渭南,0.02405051027999995
宝鸡,西安,0.0129820838399999
榆林,西安,0.0101021904
铜川,渭南,0.01260164141999995
宝鸡,咸阳,0.0251179299
宝鸡,汉中,0.012336100740000001
西安,咸阳,0.08792272494
宝鸡,咸阳,0.02128127742
西安,渭南,0.02400083135999995
铜川,渭南,0.01493276795999995
运城,渭南,0.01312111223999995
延安,榆林,0.02524841928
汉中,安康,0.023064984899999898
成都,汉中,0.01735054343999995
宝鸡,汉中,0.01307679228
延安,榆林,0.026356645079999998
汉中,安康,0.02192911217999995
兰州,庆阳,0.05396042124
成都,兰州,0.01701152604
北京,兰州,0.01249771355999995
兰州,庆阳,0.07415910936
