city_name,city_id_name,num
北京,成都,0.0739688970599997
北京,郑州,0.03527141112
北京,兰州,0.01580643881999995
北京,运城,0.016238032739999998
运城,渭南,0.01365957756
北京,郑州,0.0307351098
郑州,成都,0.01348708805999985
北京,成都,0.07813633248
郑州,成都,0.01509941088
成都,兰州,0.01605336084
西安,咸阳,0.07727623559999994
西安,渭南,0.024059961359999903
宝鸡,西安,0.01058062175999995
铜川,渭南,0.01111022405999995
宝鸡,咸阳,0.0214300404
宝鸡,汉中,0.01213778358
西安,咸阳,0.07982207856
宝鸡,咸阳,0.0188543862
西安,渭南,0.0230937026399999
运城,渭南,0.01391440356
铜川,渭南,0.011596099319999949
渭南,延安,0.0101162682
延安,榆林,0.02213966358
渭南,延安,0.01003814532
成都,汉中,0.01771636535999995
汉中,安康,0.018445953419999953
宝鸡,汉中,0.01324290707999995
延安,榆林,0.0230509395
汉中,安康,0.019428530399999998
兰州,庆阳,0.03435840342
成都,兰州,0.01841874228
北京,兰州,0.01810867751999995
兰州,庆阳,0.04025988036
