city_name,city_id_name,num
北京,成都,0.07854651485999994
北京,兰州,0.01817406072
北京,运城,0.01996842132
运城,渭南,0.0159334938
北京,郑州,0.01389661757999995
北京,成都,0.0828510136199999
成都,兰州,0.0184886793
西安,咸阳,0.09490581756
西安,渭南,0.05530460328
西安,宝鸡,0.02803947839999995
榆林,西安,0.01623509244
安康,西安,0.014409948599999951
汉中,西安,0.01236266712
延安,西安,0.01117234296
商洛,西安,0.010743687719999999
铜川,渭南,0.0178312023
宝鸡,渭南,0.03219497928
宝鸡,咸阳,0.04877649252
宝鸡,汉中,0.029147441760000004
西安,宝鸡,0.01301152247999995
铜川,宝鸡,0.01262758734
榆林,宝鸡,0.01105604315999995
西安,咸阳,0.09028007928
宝鸡,咸阳,0.06307449588
渭南,咸阳,0.0503292770999999
榆林,咸阳,0.01072670039999995
西安,渭南,0.02682481374
宝鸡,渭南,0.02662140006
铜川,渭南,0.01791274986
运城,渭南,0.01493940672
渭南,榆林,0.01651718142
渭南,商洛,0.01985648418
渭南,延安,0.015973784819999948
延安,榆林,0.04277493521999995
渭南,延安,0.020274311339999948
宝鸡,延安,0.0102879315
宝鸡,汉中,0.0394680276
汉中,安康,0.02845777049999995
成都,汉中,0.02236029786
渭南,汉中,0.0221230569599999
延安,榆林,0.045300171779999995
渭南,榆林,0.01845369701999995
汉中,安康,0.0302755498199999
渭南,安康,0.02334145572
商洛,安康,0.01022103684
渭南,商洛,0.027594995759999998
兰州,庆阳,0.035627858099999896
成都,兰州,0.02073076253999995
北京,兰州,0.019847719979999998
兰州,庆阳,0.040819062239999995
榆林,庆阳,0.01017753984
