city_name,city_id_name,num
北京,成都,0.0871417764
北京,成都,0.0983823732
西安,咸阳,0.09120363965999995
西安,咸阳,0.08993699405999994
兰州,天水,0.12760653168
兰州,天水,0.15147818747999994
兰州,庆阳,0.05467387895999995
