city_name,city_id_name,num
北京,郑州,0.09773981964
北京,成都,0.08166162095999929
北京,兰州,0.01477382328
运城,渭南,0.01452453767999995
北京,运城,0.01100954268
北京,郑州,0.07207119342
郑州,成都,0.015840138059999998
北京,成都,0.08367069312
郑州,成都,0.01716474564
成都,兰州,0.01932852455999995
成都,汉中,0.012359864519999951
西安,咸阳,0.08609415317999994
西安,渭南,0.023252621399999902
宝鸡,西安,0.011073971699999949
铜川,渭南,0.01303934111999995
宝鸡,咸阳,0.02412570743999995
西安,咸阳,0.08164232027999994
宝鸡,咸阳,0.0229650552
西安,渭南,0.022448709359999902
运城,渭南,0.01514642004
渭南,延安,0.013110724800000001
铜川,渭南,0.01418371559999995
延安,榆林,0.0228562446599999
渭南,延安,0.01123557804
汉中,安康,0.02230959996
成都,汉中,0.01415076641999995
宝鸡,汉中,0.012759301439999999
延安,榆林,0.022446825299999952
汉中,安康,0.02711094624
兰州,庆阳,0.0336217424399999
成都,兰州,0.02379494555999985
北京,兰州,0.0166913816399999
兰州,庆阳,0.0397073210399999
榆林,庆阳,0.0126342828
