city_name,city_id_name,num
西安,运城,0.1490539870799994
北京,运城,0.07955729927999966
西安,咸阳,1.92576449592
西安,渭南,1.2569472205199999
西安,宝鸡,0.62189938296
西安,商洛,0.35152538759999946
西安,延安,0.16397968536000002
西安,榆林,0.15587247959999945
西安,铜川,0.1467472107599998
西安,铜川,0.24382857491999993
西安,宝鸡,1.10310093324
宝鸡,咸阳,0.15643472003999995
西安,咸阳,2.9401061119199996
宝鸡,咸阳,0.13151958984
咸阳,渭南,0.11366013959999996
西安,渭南,2.15922803382
咸阳,渭南,0.15162052716000002
铜川,渭南,0.06253683732000001
西安,延安,0.26877563694
延安,榆林,0.09260463996
西安,汉中,0.27219691008
西安,榆林,0.25617757895999943
延安,榆林,0.10911019463999999
西安,安康,0.26906091732000004
西安,商洛,0.6270049733399994
兰州,天水,0.18959085017999988
兰州,天水,0.3390144143399999
西安,天水,0.10211364144
西安,庆阳,0.11440492812
兰州,庆阳,0.09411488495999995
