city_name,city_id_name,num
北京,成都,0.0686081259
北京,成都,0.07780706585999995
西安,咸阳,0.07820740026
西安,咸阳,0.08325810018
兰州,天水,0.1114672347
兰州,天水,0.1351351107
兰州,庆阳,0.055825268039999904
