city_name,city_id_name,num
北京,郑州,0.045813621060000004
北京,成都,0.03705019865999975
北京,运城,0.01826973143999995
运城,渭南,0.01386089819999995
北京,郑州,0.04730465609999995
郑州,成都,0.01093814118
北京,成都,0.04377147984
郑州,成都,0.011532904739999999
成都,兰州,0.010674991619999949
西安,咸阳,0.09763299683999994
西安,渭南,0.02338269767999995
宝鸡,西安,0.01268460486
铜川,渭南,0.01137004613999995
宝鸡,咸阳,0.02251421243999995
西安,咸阳,0.08361984132
宝鸡,咸阳,0.019692893339999948
西安,渭南,0.0225806162399999
运城,渭南,0.01440539963999995
铜川,渭南,0.0115933971599999
延安,榆林,0.02186613144
渭南,延安,0.012988586520000001
汉中,安康,0.02038972175999995
成都,汉中,0.012088845
宝鸡,汉中,0.010749799979999999
延安,榆林,0.02109900636
汉中,安康,0.021149718839999998
兰州,庆阳,0.03748215546
北京,兰州,0.01200717918
成都,兰州,0.01080948239999995
兰州,庆阳,0.05295063311999995
