city_name,city_id_name,num
北京,运城,0.1106927742599999
西安,运城,0.0866352477599996
北京,郑州,0.044037177659999954
北京,成都,0.04913961389999965
西安,咸阳,1.50568472916
西安,渭南,0.7279522536599999
西安,宝鸡,0.33585666012
西安,商洛,0.30165922638
西安,榆林,0.15160716378
西安,延安,0.14839560612
西安,安康,0.14402800511999994
西安,铜川,0.08708041404
西安,汉中,0.1271563839
西安,铜川,0.12273359274000001
西安,宝鸡,0.5405275897199999
宝鸡,咸阳,0.10025792172
西安,咸阳,1.81644197436
宝鸡,咸阳,0.08533833732
咸阳,渭南,0.07258845455999995
西安,渭南,1.06630951176
咸阳,渭南,0.09010197485999995
西安,延安,0.19419323291999996
延安,榆林,0.116039628
西安,汉中,0.21258466523999997
成都,汉中,0.04131394956
西安,榆林,0.19879605306
延安,榆林,0.12070401299999994
西安,安康,0.22936109363999996
西安,商洛,0.4962727504799999
兰州,天水,0.16389829169999995
兰州,天水,0.2595467771999999
西安,天水,0.08662402115999965
西安,庆阳,0.09914493959999959
兰州,庆阳,0.05930181072
