city_name,city_id_name,num
北京,成都,0.07741578887999995
北京,兰州,0.01730809295999995
北京,运城,0.02229240204
运城,渭南,0.01507710995999995
北京,郑州,0.01366416378
北京,成都,0.08375576256
成都,兰州,0.019738528739999997
西安,咸阳,0.09137513123999995
西安,渭南,0.032871744
安康,西安,0.02609941824
榆林,西安,0.02065396482
西安,宝鸡,0.01402156008
铜川,渭南,0.015225367499999951
宝鸡,咸阳,0.02982736061999995
宝鸡,汉中,0.0180400769999999
渭南,宝鸡,0.01640696471999995
安康,宝鸡,0.014819045579999999
榆林,宝鸡,0.01415469977999995
西安,宝鸡,0.010647020699999999
商洛,宝鸡,0.010624570739999999
西安,咸阳,0.08821103795999996
宝鸡,咸阳,0.02927608758
渭南,咸阳,0.02160132948
安康,咸阳,0.0140724199799999
榆林,咸阳,0.013463330759999951
西安,渭南,0.025191790559999948
安康,渭南,0.0188401787999999
榆林,渭南,0.01714373261999995
运城,渭南,0.01544879951999995
铜川,渭南,0.0145740950999999
渭南,商洛,0.0130076765999999
渭南,延安,0.01346531687999995
延安,榆林,0.02883440592
渭南,延安,0.01640986775999995
汉中,安康,0.03193809264
成都,汉中,0.02102813298
宝鸡,汉中,0.019241093159999903
渭南,汉中,0.01558082627999995
延安,榆林,0.022280119199999948
商洛,榆林,0.01256254271999995
汉中,安康,0.02672188703999995
榆林,安康,0.01255220387999995
安康,商洛,0.011520571679999949
安康,商洛,0.01194627689999995
渭南,商洛,0.011684773259999951
兰州,庆阳,0.03611556396
成都,兰州,0.0214982618399999
北京,兰州,0.019944438840000002
兰州,庆阳,0.04202935128
榆林,庆阳,0.01063332522
