city_name,city_id_name,num
北京,郑州,0.06414318882
北京,成都,0.06797115324
北京,兰州,0.01209297276
北京,运城,0.0111696505199999
运城,渭南,0.0220445841599999
北京,运城,0.0113680057499999
北京,郑州,0.06317985987
郑州,成都,0.01468326528
北京,成都,0.06922610243999999
郑州,成都,0.01418657328
成都,兰州,0.0142467287399999
西安,咸阳,0.19317400506
西安,渭南,0.04211028
西安,宝鸡,0.01925727858
西安,榆林,0.0107066285999999
铜川,渭南,0.02624333904
宝鸡,咸阳,0.0439313706
西安,宝鸡,0.019793219129999998
宝鸡,汉中,0.01205781228
西安,咸阳,0.19487777931
宝鸡,咸阳,0.042306407729999995
咸阳,渭南,0.0154316242799999
西安,渭南,0.0443126052
铜川,渭南,0.02621078919
运城,渭南,0.02189934062999995
咸阳,渭南,0.01548637298999995
渭南,延安,0.0156548052
延安,榆林,0.0509422737599999
渭南,延安,0.01637744589
西安,延安,0.0130090795199999
汉中,安康,0.02377722114
成都,汉中,0.0157473428399999
宝鸡,汉中,0.012177603179999951
延安,榆林,0.04885405001999995
西安,榆林,0.01055983229999995
汉中,安康,0.02395213821
兰州,庆阳,0.0209463586199999
成都,兰州,0.0150224657399999
北京,兰州,0.01210885199999995
兰州,庆阳,0.0205344128699999
榆林,庆阳,0.0128148577199998
