city_name,city_id_name,num
北京,成都,0.0752065446599999
北京,郑州,0.0812243975399999
北京,郑州,0.08671881545999995
北京,成都,0.0761968555199999
西安,咸阳,1.46377482696
西安,渭南,0.3943185980399999
西安,宝鸡,0.16495892676
西安,商洛,0.1072728943199999
西安,延安,0.0731594462399998
西安,榆林,0.0679144467599996
西安,安康,0.0674215552799998
西安,铜川,0.04906999116
西安,铜川,0.05352376805999995
铜川,渭南,0.0450796298399999
西安,宝鸡,0.19126243908
宝鸡,咸阳,0.1079842346999999
西安,咸阳,1.5948255385799999
宝鸡,咸阳,0.10317379373999995
咸阳,渭南,0.07117544844
西安,渭南,0.4439011231799999
咸阳,渭南,0.07370291492999995
铜川,渭南,0.04623902090999995
延安,榆林,0.0943362125999999
西安,延安,0.07848552509999984
西安,汉中,0.04674401784
延安,榆林,0.0963828055799999
西安,榆林,0.07222313078999965
西安,安康,0.07556126957999984
西安,商洛,0.1241766952199999
兰州,天水,0.10625723856
兰州,天水,0.11062763891999994
