city_name,city_id_name,num
北京,成都,0.0643822279199997
北京,郑州,0.06181498476
北京,兰州,0.01346578182
运城,渭南,0.0122942771999999
北京,郑州,0.06321136967999985
郑州,成都,0.0150840792
北京,成都,0.0656727409799997
郑州,成都,0.01568659364999995
成都,兰州,0.0139030311599999
西安,咸阳,0.0731969557199999
西安,渭南,0.02660467842
西安,宝鸡,0.0121560150599999
铜川,渭南,0.0118725037199999
宝鸡,咸阳,0.0214882324199999
汉中,宝鸡,0.0115332319799999
西安,宝鸡,0.01148388920999995
西安,咸阳,0.07320464018999989
宝鸡,咸阳,0.0209777987699999
西安,渭南,0.02996598887999995
运城,渭南,0.012523051979999901
铜川,渭南,0.0122039387099999
延安,榆林,0.02901042864
汉中,安康,0.0184595274
成都,汉中,0.0144216968399999
延安,榆林,0.028564170479999998
汉中,安康,0.018411073199999947
西安,安康,0.01074604158
兰州,庆阳,0.0285101855999999
北京,兰州,0.01404484271999995
成都,兰州,0.0136323761399999
兰州,庆阳,0.02668814405999995
榆林,庆阳,0.01011133044
