city_name,city_id_name,num
北京,成都,0.0677406077999996
北京,郑州,0.0667566019799999
北京,郑州,0.06997888241999994
北京,成都,0.06726799385999975
西安,咸阳,0.85115342538
西安,渭南,0.1166419294199999
西安,宝鸡,0.0612214151399999
西安,宝鸡,0.0696835952999999
宝鸡,咸阳,0.0598541075999999
西安,咸阳,0.9324368897399999
宝鸡,咸阳,0.057217081319999905
西安,渭南,0.12520044935999997
延安,榆林,0.0692900568
西安,延安,0.0539845478999999
延安,榆林,0.06995505221999995
西安,榆林,0.04209493374
西安,安康,0.0514740808799999
兰州,天水,0.0877243202999999
兰州,天水,0.08852967170999995
