city_name,city_id_name,num
北京,郑州,0.06526052064
北京,成都,0.06288050736
北京,郑州,0.06828816132
北京,成都,0.06544433231999999
西安,咸阳,0.12786469974
西安,咸阳,0.12480945668999996
兰州,天水,0.09279565092
兰州,天水,0.09370414449
