city_name,city_id_name,num
北京,成都,0.06921761688
北京,郑州,0.0742206207599999
北京,西安,0.0637983961199996
运城,西安,0.0503292268799999
运城,渭南,0.0417112610399999
北京,郑州,0.07732276604999991
郑州,西安,0.04626731664
北京,成都,0.06767926001999999
成都,西安,0.0602275208399999
西安,咸阳,1.997435133
西安,渭南,0.77833534392
西安,宝鸡,0.3443617411199997
西安,延安,0.2444104967399999
西安,商洛,0.2640152685599999
西安,榆林,0.17477803836
西安,安康,0.14507542746
西安,铜川,0.14066671086
西安,汉中,0.1444497040799996
西安,庆阳,0.06636119724
北京,西安,0.06267345920999975
成都,西安,0.0595983112199999
西安,兰州,0.0472693903199999
运城,西安,0.0503226917999999
郑州,西安,0.04567365629999995
西安,铜川,0.1358133399
铜川,渭南,0.0505060029
西安,宝鸡,0.36047131919999986
宝鸡,咸阳,0.1205978414399999
西安,咸阳,2.01926961612
宝鸡,咸阳,0.1163870637299999
咸阳,渭南,0.08809240212
西安,渭南,0.77438460132
咸阳,渭南,0.08740992851999996
渭南,延安,0.04577304654
铜川,渭南,0.050038862129999945
运城,渭南,0.0423954939599999
西安,延安,0.2156217602399999
延安,榆林,0.1468132046999999
渭南,延安,0.04334524568999995
西安,汉中,0.1439453089799998
西安,榆林,0.16241271605999996
延安,榆林,0.1372813855199999
西安,安康,0.14072867585999999
西安,商洛,0.2644983039599999
兰州,天水,0.08967860568
西安,兰州,0.045014418359999905
兰州,天水,0.0887267844
西安,庆阳,0.062286420960000005
