city_name,city_id_name,num
北京,成都,0.0691517995199999
北京,郑州,0.0686821760999999
北京,郑州,0.07164999584999995
北京,成都,0.06928989803999991
西安,咸阳,1.0329064515000002
西安,渭南,0.16618403718
西安,宝鸡,0.0838272078
西安,宝鸡,0.09297494361
宝鸡,咸阳,0.0743199348599999
西安,咸阳,1.0929588357600002
宝鸡,咸阳,0.07303212395999994
西安,渭南,0.17676976922999998
延安,榆林,0.0751131791999999
西安,延安,0.06540475248
延安,榆林,0.0773156728799999
西安,榆林,0.0576786695399998
西安,安康,0.0590722291799998
兰州,天水,0.0904673204999998
兰州,天水,0.09055553111999984
