city_name,city_id_name,num
北京,成都,0.05851532178
北京,郑州,0.0517417226999999
北京,兰州,0.0112293199799999
运城,渭南,0.0168357641399999
北京,运城,0.0110137271399999
北京,郑州,0.04993750115999995
郑州,成都,0.01326670164
北京,成都,0.059866068059999944
郑州,成都,0.01284915231
成都,兰州,0.01230984864
西安,咸阳,0.1254844839599999
西安,渭南,0.03003209784
西安,宝鸡,0.0112518250199999
铜川,渭南,0.0175919752799999
宝鸡,咸阳,0.0249575936399999
西安,宝鸡,0.011142075689999899
西安,咸阳,0.12664353563999992
宝鸡,咸阳,0.02388204971999995
西安,渭南,0.030416595119999952
运城,渭南,0.01877756093999995
铜川,渭南,0.0181716890399999
咸阳,渭南,0.0120727357199999
延安,榆林,0.03463067844
渭南,延安,0.0130189809599999
汉中,安康,0.01805497128
成都,汉中,0.0129759164999999
延安,榆林,0.034710554160000004
汉中,安康,0.01934065593
兰州,庆阳,0.02234841516
成都,兰州,0.01262942766
北京,兰州,0.01087901360999995
兰州,庆阳,0.021879019349999952
榆林,庆阳,0.01028720574
