city_name,city_id_name,num
北京,成都,0.0767861289
北京,郑州,0.07012740402
西安,北京,0.04536164592
北京,郑州,0.07244480268
北京,成都,0.0809674947
西安,咸阳,1.56810699522
西安,渭南,0.51932722644
西安,宝鸡,0.2114078259599997
西安,商洛,0.1483502509799995
西安,延安,0.1399150632599997
西安,榆林,0.1247003359199999
西安,安康,0.1005035979599999
西安,汉中,0.08039828664
西安,铜川,0.0780963913799999
西安,铜川,0.0817573953599999
铜川,渭南,0.0457256064599999
西安,宝鸡,0.22476673151999982
宝鸡,咸阳,0.0978377097599998
西安,咸阳,1.6309504661399998
宝鸡,咸阳,0.09823544729999985
咸阳,渭南,0.07276375476
西安,渭南,0.53859096396
咸阳,渭南,0.07390349766
铜川,渭南,0.045533355389999905
运城,渭南,0.04037057496
西安,延安,0.1509721529399998
延安,榆林,0.13192271388
渭南,延安,0.0445016510999999
西安,汉中,0.08141740109999995
西安,榆林,0.1338561879299999
延安,榆林,0.12847026707999998
西安,安康,0.1037183453999999
西安,商洛,0.1513655845199996
兰州,天水,0.0905824182599999
兰州,天水,0.09094497668999996
西安,庆阳,0.0404799800399999
