city_name,city_id_name,num
北京,成都,0.0659026853999999
北京,成都,0.0716203142099999
西安,咸阳,0.23374561068
西安,渭南,0.10778651046
西安,宝鸡,0.16150520826
咸阳,宝鸡,0.07833393198
西安,咸阳,0.24558665886
西安,渭南,0.13930343387999994
咸阳,渭南,0.09637651512
西安,延安,0.0760399812
延安,榆林,0.0541828682999999
西安,汉中,0.0980379725399999
西安,榆林,0.07617629124
延安,榆林,0.05453544914999995
西安,安康,0.0917000352
西安,商洛,0.05831993196
咸阳,商洛,0.04304829888
兰州,天水,0.1222276618799999
兰州,天水,0.12510474380999986
