city_name,city_id_name,num
北京,成都,0.0675492987599996
北京,成都,0.06984140111999959
西安,咸阳,0.0813142897199999
西安,咸阳,0.0854969709599999
兰州,天水,0.1136850811199998
兰州,天水,0.12040353053999986
兰州,庆阳,0.0454620923999999
