city_name,city_id_name,num
北京,成都,0.0871417764
北京,成都,0.0927620748
西安,咸阳,0.0912036396599999
西安,咸阳,0.0905703168599999
兰州,天水,0.12760653168
兰州,天水,0.13954235957999994
兰州,庆阳,0.0546738789599999
