city_name,city_id_name,num
北京,成都,0.0785465148599999
北京,兰州,0.01817406072
北京,运城,0.01996842132
运城,渭南,0.0159334938
北京,郑州,0.0138966175799999
北京,成都,0.0806987642399999
成都,兰州,0.0184886793
西安,咸阳,0.09490581756
西安,渭南,0.05530460328
西安,宝鸡,0.0280394783999999
榆林,西安,0.01623509244
安康,西安,0.0144099485999999
汉中,西安,0.01236266712
延安,西安,0.01117234296
商洛,西安,0.0107436877199999
铜川,渭南,0.0178312023
宝鸡,渭南,0.03219497928
宝鸡,咸阳,0.04877649252
宝鸡,汉中,0.02914744176
西安,宝鸡,0.0205255004399999
铜川,宝鸡,0.01262758734
榆林,宝鸡,0.0110560431599999
西安,咸阳,0.09259294841999999
宝鸡,咸阳,0.055925494199999995
渭南,咸阳,0.0503292770999999
榆林,咸阳,0.0107267003999999
西安,渭南,0.041064708510000006
宝鸡,渭南,0.02940818967
铜川,渭南,0.01787197608
运城,渭南,0.01543645026
渭南,榆林,0.01651718142
渭南,商洛,0.01985648418
渭南,延安,0.0159737848199999
延安,榆林,0.0427749352199999
渭南,延安,0.0181240480799999
宝鸡,延安,0.0102879315
宝鸡,汉中,0.03430773468
汉中,安康,0.0284577704999999
成都,汉中,0.02236029786
渭南,汉中,0.0221230569599999
延安,榆林,0.044037553499999896
渭南,榆林,0.017485439219999947
汉中,安康,0.029366660159999898
渭南,安康,0.02334145572
商洛,安康,0.01022103684
渭南,商洛,0.02372573996999995
兰州,庆阳,0.0356278580999998
成都,兰州,0.01960972091999995
北京,兰州,0.019010890349999948
兰州,庆阳,0.03822346016999985
榆林,庆阳,0.01017753984
