city_name,city_id_name,num
北京,成都,0.0739688970599997
北京,成都,0.07605261476999986
西安,咸阳,0.0772762355999999
西安,咸阳,0.07854915707999995
兰州,天水,0.10473014232
兰州,天水,0.11391273648
兰州,庆阳,0.04025988036
