city_name,city_id_name,num
西安,运城,0.12960487296
北京,运城,0.1120822660799999
北京,郑州,0.05039134416
北京,成都,0.05236883928
西安,咸阳,1.67493547008
西安,渭南,0.95334988608
西安,宝鸡,0.4789674504
西安,商洛,0.39537840528
西安,延安,0.20225773872
西安,榆林,0.18058741344
西安,安康,0.18993597984
西安,铜川,0.12002364864
北京,西安,0.05010872544
西安,汉中,0.16947322848
西安,庆阳,0.0965689646399999
西安,铜川,0.14861391731999996
铜川,渭南,0.04473169272
西安,宝鸡,0.64374694677
宝鸡,咸阳,0.1251499134599999
西安,咸阳,1.9463268124800002
宝鸡,咸阳,0.1163085439499999
咸阳,渭南,0.0908915644799998
西安,渭南,1.21946356008
咸阳,渭南,0.10243470275999986
铜川,渭南,0.045321667559999945
延安,渭南,0.04250603628
西安,延安,0.24534887607
延安,榆林,0.1354846580999999
西安,汉中,0.23025222890999997
成都,汉中,0.0457653191399999
安康,汉中,0.04272762312
西安,榆林,0.22162659804
延安,榆林,0.1397375606699999
西安,安康,0.25304679935999996
西安,商洛,0.5341202856
兰州,天水,0.20547963198
西安,兰州,0.04443415704
兰州,天水,0.27225001043999997
西安,天水,0.11155312224
西安,庆阳,0.12118364153999994
兰州,庆阳,0.12020389308
