city_name,city_id_name,num
北京,成都,0.0675492987599996
北京,郑州,0.0229803382799999
北京,兰州,0.0136644003
运城,渭南,0.0135865544399999
北京,运城,0.0121612849199999
北京,郑州,0.024820292159999903
北京,成都,0.06984140111999959
成都,兰州,0.01644486624
西安,咸阳,0.0813142897199999
西安,渭南,0.0251789682599999
铜川,渭南,0.01196841582
宝鸡,咸阳,0.02452247136
西安,宝鸡,0.0112349543399999
西安,咸阳,0.0854969709599999
宝鸡,咸阳,0.02247967728
西安,渭南,0.026726205959999902
运城,渭南,0.0134010628199999
铜川,渭南,0.0118285515
延安,榆林,0.0193045323599999
渭南,延安,0.0108138888
汉中,安康,0.0191458128599999
成都,汉中,0.01545528438
宝鸡,汉中,0.01282066218
延安,榆林,0.0189895193099999
汉中,安康,0.0199215790199999
兰州,庆阳,0.0359000035199999
成都,兰州,0.01790877924
北京,兰州,0.01486587654
兰州,庆阳,0.0406810479599999
