city_name,city_id_name,num
北京,郑州,0.0608926571999999
北京,成都,0.0485815546799999
北京,兰州,0.0131952142799999
北京,运城,0.0123783746399999
运城,渭南,0.01342544868
北京,郑州,0.057219720299999846
郑州,成都,0.0115643991599999
北京,成都,0.0505583839799999
郑州,成都,0.01177135010999995
成都,兰州,0.01302346512
西安,咸阳,0.0836555444999999
西安,渭南,0.0242537489999999
宝鸡,西安,0.0118471280399999
铜川,渭南,0.0118893970799999
宝鸡,咸阳,0.02255536692
西安,咸阳,0.0832637061899999
宝鸡,咸阳,0.02207935421999995
西安,渭南,0.023996808899999902
运城,渭南,0.01407841074
铜川,渭南,0.01146675041999995
延安,榆林,0.0225588725999999
汉中,安康,0.022779549
成都,汉中,0.0108085136399999
宝鸡,汉中,0.0108085897799999
延安,榆林,0.02260002221999985
西安,榆林,0.01052307612
汉中,安康,0.024700253399999948
兰州,庆阳,0.0337517928
北京,兰州,0.0141844219199999
成都,兰州,0.01372253804999995
兰州,庆阳,0.03853286721
