city_name,city_id_name,num
北京,成都,0.0774157888799999
北京,成都,0.08058577571999995
西安,咸阳,0.0913751312399999
渭南,西安,0.0405546847199999
西安,咸阳,0.0897930845999999
兰州,天水,0.1243360432799998
兰州,天水,0.13791255209999984
兰州,庆阳,0.04202935128
