city_name,city_id_name,num
北京,成都,0.07417688886
北京,郑州,0.04958443674
北京,兰州,0.01374446232
运城,渭南,0.0146258038799998
北京,运城,0.0128096575199999
北京,郑州,0.04431521745
郑州,成都,0.01403497692
北京,成都,0.07623929628000001
郑州,成都,0.01421161199999995
成都,兰州,0.0170476487999998
西安,咸阳,0.0815551351199999
西安,渭南,0.0243054918
西安,宝鸡,0.0104721822
铜川,渭南,0.0125057941199999
宝鸡,咸阳,0.0233508906
宝鸡,汉中,0.0107860053599999
西安,宝鸡,0.01057833918
西安,咸阳,0.08104641947999991
宝鸡,咸阳,0.02268894402
西安,渭南,0.02449469159999995
运城,渭南,0.01522481507999985
铜川,渭南,0.0130562409599999
延安,榆林,0.0231153506999999
渭南,延安,0.0106524509399999
成都,汉中,0.01800455688
汉中,安康,0.0193692578399999
宝鸡,汉中,0.0105906641399999
延安,榆林,0.022887892169999903
汉中,安康,0.0200815637399999
兰州,庆阳,0.03385587456
成都,兰州,0.01845185831999985
北京,兰州,0.01512899208
兰州,庆阳,0.035144931239999996
