city_name,city_id_name,num
临汾,运城,0.1999568851199999
三门峡,运城,0.04264793856
运城,临汾,0.1810124495999999
三门峡,郑州,0.06699105
郑州,三门峡,0.0757826118
运城,三门峡,0.0453061544399999
咸阳,西安,0.6886599652800001
渭南,西安,0.0995507755199998
宝鸡,西安,0.04435191936
西安,宝鸡,0.07820064
咸阳,宝鸡,0.0651020327999999
西安,咸阳,1.0137938227199998
宝鸡,咸阳,0.0545539276799999
西安,渭南,0.13378485528
榆林,延安,0.06797115648
西安,延安,0.0540537494399999
延安,榆林,0.07063113816
西安,榆林,0.04217043384
