city_name,city_id_name,num
临汾,运城,0.1550073283199999
运城,临汾,0.15800103648
咸阳,西安,0.1909198511999999
渭南,西安,0.0467178192
西安,宝鸡,0.14899294224
咸阳,宝鸡,0.0653678423999999
西安,咸阳,0.2922139929599999
西安,渭南,0.17714016684
咸阳,渭南,0.0472262918399999
西安,延安,0.0890818495199999
榆林,延安,0.0554101495199999
西安,榆林,0.1088050967999999
延安,榆林,0.055609578
