city_name,city_id_name,num
上海,苏州,1.05156048096
上海,周口,0.29008564992
苏州,上海,0.7182524923200001
郑州,周口,1.13167979712
郑州,开封,1.1094120287999991
郑州,新乡,0.65371805568
郑州,商丘,0.6521275007999993
郑州,驻马店,0.47955229632
郑州,南阳,0.47239479936
郑州,许昌,0.3984339974399999
郑州,洛阳,0.36026068032
郑州,平顶山,0.3538984608
