city_name,city_id_name,num
上海,苏州,1.4647123063799998
上海,苏州,1.4857619966999998
郑州,开封,0.73311149682
郑州,新乡,0.59251597848
郑州,许昌,0.4489826047199997
郑州,洛阳,0.414457884
郑州,周口,0.38613401298
郑州,商丘,0.28448464896
郑州,平顶山,0.2538467083799999
郑州,开封,0.7827085379700001
郑州,洛阳,0.41482191420000003
郑州,平顶山,0.2529836436599999
郑州,新乡,0.6022642005000001
郑州,许昌,0.45889257968999964
郑州,商丘,0.28625076161999996
郑州,周口,0.3963818915999999
