city_name,city_id_name,num
上海,苏州,1.6020023832
上海,苏州,1.67043792645
郑州,开封,0.54373768776
郑州,新乡,0.4789765953
郑州,许昌,0.35644155948
郑州,洛阳,0.3541716899999999
郑州,周口,0.3418646990399999
郑州,商丘,0.2681917856999999
郑州,开封,0.5522282576099999
郑州,洛阳,0.36193027499999986
郑州,新乡,0.48958868069999995
郑州,许昌,0.35658453258
郑州,商丘,0.2659873131899999
郑州,周口,0.3439808418599999
