city_name,city_id_name,num
上海,苏州,0.8197527790799994
上海,苏州,0.9496232396999995
郑州,开封,1.25688066282
郑州,洛阳,0.37847590362
郑州,平顶山,0.2955179910599995
郑州,新乡,0.69241926438
郑州,许昌,0.52392204054
郑州,南阳,0.576281628
郑州,商丘,0.7913558849399995
郑州,周口,1.22326004142
郑州,驻马店,0.49238047206
