city_name,city_id_name,num
上海,苏州,2.3652186624
上海,苏州,2.67789321405
郑州,新乡,0.9335057657399994
郑州,开封,0.96878729376
郑州,许昌,0.62845559586
郑州,洛阳,0.4790343337199999
郑州,周口,0.55430531712
郑州,商丘,0.46908574848
郑州,开封,1.16591745222
郑州,洛阳,0.53452795536
郑州,平顶山,0.6280856963999994
郑州,新乡,1.1029139771399996
郑州,许昌,0.75430688508
郑州,漯河,0.30942195048
郑州,南阳,0.56981733066
郑州,商丘,0.5754989979
郑州,周口,0.67178392308
郑州,驻马店,0.5149087234199994
