city_name,city_id_name,num
上海,北京,0.1083425803199995
西安,北京,0.024511896
杭州,北京,0.024511896
苏州,上海,2.093107716
杭州,上海,0.32825244816
北京,上海,0.10166523192
西安,上海,0.0279081028799999
上海,苏州,1.844276121
杭州,苏州,0.116005122
上海,杭州,0.38185217964
苏州,杭州,0.12712232664
北京,杭州,0.0339639803999995
宝鸡,西安,0.1970737776
上海,西安,0.0289354356
北京,西安,0.0242432028
西安,宝鸡,0.2478066048
白银,兰州,0.03471869304
定西,兰州,0.0237092961599999
兰州,白银,0.04610105604
兰州,定西,0.06630994368
