city_name,city_id_name,num
上海,北京,0.1033549632
杭州,北京,0.0387581112
苏州,北京,0.02002502412
苏州,上海,2.5931179296000004
杭州,上海,0.52324589952
北京,上海,0.110011063679999
西安,上海,0.0221871052799999
上海,苏州,1.88756568
杭州,苏州,0.1623306484799999
北京,苏州,0.02076322248
上海,杭州,0.4754095642799999
苏州,杭州,0.1758190244399999
北京,杭州,0.0380835432
宝鸡,西安,0.2058471532799996
西安,宝鸡,0.1922457790799999
