city_name,city_id_name,num
上海,苏州,1.8591238146600002
上海,杭州,0.59691190194
上海,苏州,1.98357105636
杭州,金华,0.81123227892
上海,杭州,0.6220541771999999
杭州,金华,0.74168043336
郑州,开封,1.0297082685599999
郑州,周口,0.87987302028
郑州,许昌,0.63533444472
郑州,商丘,0.57271820148
郑州,驻马店,0.45352681163999997
漯河,郑州,0.28023925427999996
郑州,开封,0.84890284038
郑州,许昌,0.4411782936
郑州,商丘,0.40071131567999996
郑州,周口,0.6083766046800001
郑州,驻马店,0.3228472987199999
