city_name,city_id_name,num
上海,苏州,2.0163581391600003
上海,杭州,0.48428845379999996
上海,苏州,2.21670001728
杭州,金华,0.6164234881199999
上海,杭州,0.5264115982199999
杭州,金华,0.68508010224
郑州,开封,1.1076789916799998
郑州,许昌,0.60191405694
郑州,周口,0.63418991958
郑州,商丘,0.3986780715
郑州,开封,1.53752291154
郑州,许昌,0.71949250026
郑州,商丘,0.5220195886800001
郑州,周口,0.87850856718
郑州,驻马店,0.3491353611
