city_name,city_id_name,num
上海,苏州,1.45115215632
上海,杭州,0.35901076607999993
上海,苏州,1.51830203922
上海,杭州,0.38524676165999994
杭州,金华,0.32950122029999995
杭州,金华,0.30151259531999997
郑州,开封,0.4657274334
郑州,周口,0.30305912184000006
郑州,许昌,0.30659084171999995
商丘,郑州,0.25892246645999994
郑州,开封,0.47786010912
郑州,许昌,0.30619116989999995
郑州,周口,0.27951944616
