city_name,city_id_name,num
上海,苏州,1.9768823290800002
上海,杭州,0.3870792603
上海,苏州,1.88678343708
上海,杭州,0.41576440103999995
杭州,金华,0.3460683495599999
杭州,金华,0.3448151791199998
郑州,开封,0.38141204832
郑州,许昌,0.26673516756
郑州,开封,0.37681732331999995
郑州,许昌,0.27126450288
