city_name,city_id_name,num
上海,苏州,1.76353733304
上海,杭州,0.41359045176
北京,上海,0.25369178940000003
上海,苏州,1.63554434064
上海,杭州,0.43655151851999996
杭州,金华,0.34697644380000003
杭州,金华,0.3240731138399999
郑州,开封,0.59251091274
郑州,周口,0.39924550242
郑州,许昌,0.35927046179999994
商丘,郑州,0.3637166409
驻马店,郑州,0.29302299828
郑州,开封,0.6121175832
郑州,许昌,0.3207814487999999
郑州,周口,0.29565044388
