city_name,city_id_name,num
上海,苏州,1.9889118739800002
上海,杭州,0.3997202499
上海,苏州,1.9000803403799997
上海,杭州,0.42964231572
杭州,金华,0.3599263026
杭州,金华,0.3433971428999999
郑州,开封,0.48662644914
郑州,许昌,0.31709997611999996
郑州,周口,0.2550844872
郑州,开封,0.4848871604399999
郑州,许昌,0.31311726443999993
郑州,周口,0.25471807884
