city_name,city_id_name,num
上海,苏州,1.58852490822
上海,杭州,0.4468981329
上海,苏州,1.68116235966
上海,杭州,0.49943521727999995
杭州,金华,0.485424819
杭州,金华,0.5439684357000001
上海,阜阳,0.26517852251999996
郑州,开封,0.67303904238
郑州,许昌,0.4533198453
郑州,周口,0.46541634966
郑州,开封,0.8492169681
郑州,许昌,0.58888075356
郑州,商丘,0.36161642429999996
郑州,周口,0.6171818943599999
郑州,驻马店,0.31309763327999995
