city_name,city_id_name,num
岳阳,长沙,0.4473948232799999
益阳,长沙,0.37329798672
株洲,长沙,0.3446909802
常德,长沙,0.24761474496
衡阳,长沙,0.23776643124
邵阳,长沙,0.2115042613199999
张家界,长沙,0.09191759472
湘西土家族苗族自治州,长沙,0.08488308492
深圳,长沙,0.082069281
广州,长沙,0.0769106404799999
重庆,长沙,0.0408001568399999
长沙,株洲,0.36538113096
衡阳,株洲,0.0564541455599999
长沙,衡阳,0.27695044692
广州,衡阳,0.08080868124
株洲,衡阳,0.05405226876
深圳,衡阳,0.04186083888
邵阳,衡阳,0.04035039624
长沙,邵阳,0.26280897768
衡阳,邵阳,0.04448635992
深圳,邵阳,0.04323573936
广州,邵阳,0.02956824324
长沙,岳阳,0.48515356296
益阳,岳阳,0.0649525392
深圳,岳阳,0.02503815624
长沙,常德,0.27829491084
益阳,常德,0.05971728888
张家界,常德,0.05200187688
长沙,张家界,0.11689480008
湘西土家族苗族自治州,张家界,0.0628498051199999
常德,张家界,0.0532180238399999
长沙,益阳,0.4006212209999999
常德,益阳,0.063972909
岳阳,益阳,0.060324264
深圳,广州,0.568744578
衡阳,广州,0.10511968752
长沙,广州,0.08550780552
重庆,广州,0.04628404152
邵阳,广州,0.03373243704
广州,深圳,0.5587883690400001
长沙,深圳,0.0735247853999999
衡阳,深圳,0.047950947
重庆,深圳,0.04539356316
邵阳,深圳,0.03963944952
恩施土家族苗族自治州,重庆,0.12376171764
深圳,重庆,0.06083909352
长沙,重庆,0.04833790992
广州,重庆,0.04542096708
湘西土家族苗族自治州,重庆,0.02791931004
重庆,恩施土家族苗族自治州,0.1672025004
湘西土家族苗族自治州,恩施土家族苗族自治州,0.049077657
张家界,湘西土家族苗族自治州,0.1373052837599999
长沙,湘西土家族苗族自治州,0.1041882912
恩施土家族苗族自治州,湘西土家族苗族自治州,0.04955145516
重庆,湘西土家族苗族自治州,0.037210104
