city_name,city_id_name,num
岳阳,长沙,0.3863102997599999
益阳,长沙,0.28873018944
邵阳,长沙,0.1232004589199999
株洲,长沙,0.1229776732799999
常德,长沙,0.1205270312399999
衡阳,长沙,0.116962461
深圳,长沙,0.02740263372
广州,长沙,0.0253975629599999
长沙,株洲,0.13843947168
衡阳,株洲,0.02532541464
长沙,衡阳,0.13388825016
广州,衡阳,0.11981692368
深圳,衡阳,0.0406973095199999
邵阳,衡阳,0.03083895504
株洲,衡阳,0.02721579912
长沙,邵阳,0.11071203444
深圳,邵阳,0.04496350824
广州,邵阳,0.03854014992
衡阳,邵阳,0.02581462872
长沙,岳阳,0.38582502228
益阳,岳阳,0.04887623916
长沙,常德,0.1231681464
益阳,常德,0.03577921308
长沙,益阳,0.2953182077999999
岳阳,益阳,0.0488317183199999
常德,益阳,0.0330236675999999
深圳,广州,0.6064710602400001
衡阳,广州,0.0500035032
广州,深圳,0.575855082
重庆,深圳,0.03350429568
邵阳,深圳,0.03071227104
衡阳,深圳,0.03001426488
长沙,深圳,0.0279202464
恩施土家族苗族自治州,重庆,0.12820547808
深圳,重庆,0.04742560368
广州,重庆,0.03309369048
重庆,恩施土家族苗族自治州,0.08011600164
