city_name,city_id_name,num
岳阳,长沙,0.5063275817999999
益阳,长沙,0.460808676
株洲,长沙,0.4282148916
常德,长沙,0.306269181
衡阳,长沙,0.2955919068
邵阳,长沙,0.2545686954
张家界,长沙,0.1270033668
湘西土家族苗族自治州,长沙,0.1135162835999999
广州,长沙,0.0803605374
深圳,长沙,0.0741789576
重庆,长沙,0.0427090968
长沙,株洲,0.380130975
衡阳,株洲,0.065992806
长沙,衡阳,0.2524457404799999
广州,衡阳,0.0950847141599999
株洲,衡阳,0.0613218859199999
邵阳,衡阳,0.04998807432
深圳,衡阳,0.041756148
长沙,邵阳,0.22250938788
衡阳,邵阳,0.0419168552399999
深圳,邵阳,0.03527478396
广州,邵阳,0.0298893207599999
株洲,邵阳,0.02764537776
长沙,岳阳,0.4989071879999999
益阳,岳阳,0.0684618479999999
株洲,岳阳,0.029795688
常德,岳阳,0.027521208
长沙,常德,0.26284671072
益阳,常德,0.06802788564
张家界,常德,0.0592777666799999
岳阳,常德,0.02642192784
长沙,张家界,0.11420372736
湘西土家族苗族自治州,张家界,0.065282112
常德,张家界,0.0614451225599999
长沙,益阳,0.39268179216
常德,益阳,0.0632946636
岳阳,益阳,0.05879182176
深圳,广州,0.5707645074
衡阳,广州,0.10886104512
长沙,广州,0.0619903173599999
重庆,广州,0.04233485088
邵阳,广州,0.0415788714
广州,深圳,0.56097258588
长沙,深圳,0.05444553996
重庆,深圳,0.04221058716
衡阳,深圳,0.04037534424
邵阳,深圳,0.03609311076
恩施土家族苗族自治州,重庆,0.1274854788
深圳,重庆,0.0519385284
广州,重庆,0.05004985464
长沙,重庆,0.047216844
湘西土家族苗族自治州,重庆,0.0288022748399999
重庆,恩施土家族苗族自治州,0.17269827264
湘西土家族苗族自治州,恩施土家族苗族自治州,0.05142180672
张家界,湘西土家族苗族自治州,0.15003981864
长沙,湘西土家族苗族自治州,0.09640505304
恩施土家族苗族自治州,湘西土家族苗族自治州,0.04792747644
重庆,湘西土家族苗族自治州,0.03493136016
