city_name,city_id_name,num
岳阳,长沙,0.42408064512
益阳,长沙,0.3417178752
株洲,长沙,0.32068908288
常德,长沙,0.22430711808
邵阳,长沙,0.20415452544
衡阳,长沙,0.20327832576
张家界,长沙,0.09944866368
广州,长沙,0.09506766528
深圳,长沙,0.08718186816
湘西土家族苗族自治州,长沙,0.07929607104
重庆,长沙,0.04118138496
长沙,株洲,0.3166124598
衡阳,株洲,0.04950039276
长沙,衡阳,0.19847267352
广州,衡阳,0.08047968192
株洲,衡阳,0.05039381952
邵阳,衡阳,0.03873554784
深圳,衡阳,0.03723125472
长沙,邵阳,0.19315023156
衡阳,邵阳,0.03326599692
广州,邵阳,0.0308951463599999
深圳,邵阳,0.0291170084399999
长沙,岳阳,0.42972949116
益阳,岳阳,0.06077828844
长沙,常德,0.2093431392
益阳,常德,0.06320552472
张家界,常德,0.04924931544
长沙,张家界,0.101931696
湘西土家族苗族自治州,张家界,0.0707859
常德,张家界,0.0524759472
长沙,益阳,0.34090305732
常德,益阳,0.05765532696
岳阳,益阳,0.05751366768
深圳,广州,0.6046172748
衡阳,广州,0.08401824468
长沙,广州,0.07302520332
重庆,广州,0.05025390336
邵阳,广州,0.02983825512
广州,深圳,0.5471835606
长沙,深圳,0.06297196284
重庆,深圳,0.05318991036
邵阳,深圳,0.03423718368
衡阳,深圳,0.0336258054
恩施土家族苗族自治州,重庆,0.1487404296
深圳,重庆,0.0609394752
广州,重庆,0.0549257112
长沙,重庆,0.0396908424
湘西土家族苗族自治州,重庆,0.026059644
重庆,恩施土家族苗族自治州,0.1984151505599999
湘西土家族苗族自治州,恩施土家族苗族自治州,0.04904805312
张家界,湘西土家族苗族自治州,0.16056168624
长沙,湘西土家族苗族自治州,0.08649849384
恩施土家族苗族自治州,湘西土家族苗族自治州,0.04833918648
重庆,湘西土家族苗族自治州,0.0316978272
