city_name,city_id_name,num
岳阳,长沙,0.41868021312
益阳,长沙,0.3600828756
株洲,长沙,0.32787670536
常德,长沙,0.2384151213599999
衡阳,长沙,0.2147078016
邵阳,长沙,0.19860471648
张家界,长沙,0.0984077424
湘西土家族苗族自治州,长沙,0.08230465728
广州,长沙,0.0787261939199999
深圳,长沙,0.07693696224
重庆,长沙,0.03981040488
长沙,株洲,0.34572165984
衡阳,株洲,0.05069850912
长沙,衡阳,0.2468892636
广州,衡阳,0.0857916359999999
株洲,衡阳,0.0534873779999999
邵阳,衡阳,0.0487211759999999
深圳,衡阳,0.0427899023999999
长沙,邵阳,0.2449702926
深圳,邵阳,0.039427479
衡阳,邵阳,0.0393408252
广州,邵阳,0.0314553293999999
长沙,岳阳,0.45891360648
益阳,岳阳,0.05757624504
常德,岳阳,0.02514595104
长沙,常德,0.25242627456
益阳,常德,0.0616579776
张家界,常德,0.0493263820799999
长沙,张家界,0.10468113084
湘西土家族苗族自治州,张家界,0.0657006292799999
常德,张家界,0.05011778772
长沙,益阳,0.36523469268
常德,益阳,0.06748483248
岳阳,益阳,0.06178405896
深圳,广州,0.55336333248
衡阳,广州,0.09594606168
长沙,广州,0.07288925616
重庆,广州,0.0431385393599999
邵阳,广州,0.0349570922399999
广州,深圳,0.53618327136
长沙,深圳,0.0673289496
重庆,深圳,0.04713026472
邵阳,深圳,0.04039736976
衡阳,深圳,0.0397852884
恩施土家族苗族自治州,重庆,0.12956194296
深圳,重庆,0.06374613168
广州,重庆,0.05215592592
长沙,重庆,0.04429114344
湘西土家族苗族自治州,重庆,0.02814764256
重庆,恩施土家族苗族自治州,0.1787887566
湘西土家族苗族自治州,恩施土家族苗族自治州,0.05023929744
张家界,湘西土家族苗族自治州,0.15254345412
长沙,湘西土家族苗族自治州,0.10494838548
恩施土家族苗族自治州,湘西土家族苗族自治州,0.04898011032
重庆,湘西土家族苗族自治州,0.03122639424
