city_name,city_id_name,num
岳阳,长沙,0.3398259744
益阳,长沙,0.2861949024
株洲,长沙,0.2062358496
常德,长沙,0.1579678848
邵阳,长沙,0.1306647936
衡阳,长沙,0.126764352
深圳,长沙,0.0324224208
广州,长沙,0.0312035328
湘西土家族苗族自治州,长沙,0.0304721999999999
长沙,株洲,0.217521045
衡阳,株洲,0.038122245
广州,株洲,0.02626911
长沙,衡阳,0.16373450808
广州,衡阳,0.1119793474799999
深圳,衡阳,0.04046312556
株洲,衡阳,0.0380678454
邵阳,衡阳,0.02626253604
长沙,邵阳,0.1327540589999999
深圳,邵阳,0.03060480672
广州,邵阳,0.0304335111599999
衡阳,邵阳,0.02546593992
长沙,岳阳,0.3604143276
益阳,岳阳,0.0559563228
长沙,常德,0.1595958876
益阳,常德,0.0465083920799999
长沙,益阳,0.33264744336
岳阳,益阳,0.0520094455199999
常德,益阳,0.04425832224
深圳,广州,0.4876026336
衡阳,广州,0.04846112064
长沙,广州,0.03111084288
广州,深圳,0.4793610942
长沙,深圳,0.0294667632
重庆,深圳,0.0294667632
邵阳,深圳,0.02630961
恩施土家族苗族自治州,重庆,0.09094137624
深圳,重庆,0.0400049020799999
广州,重庆,0.0330273028799999
重庆,恩施土家族苗族自治州,0.08597436552
长沙,湘西土家族苗族自治州,0.0281873390399999
