city_name,city_id_name,num
岳阳,长沙,0.5437625580000001
株洲,长沙,0.464795091
益阳,长沙,0.455255397
常德,长沙,0.28089099
衡阳,长沙,0.270821313
邵阳,长沙,0.22259286
张家界,长沙,0.1107664469999999
湘西土家族苗族自治州,长沙,0.097516872
深圳,长沙,0.092217042
广州,长沙,0.078967467
重庆,长沙,0.0386887589999999
长沙,株洲,0.4586784796799999
衡阳,株洲,0.06356561184
深圳,株洲,0.0297249264
长沙,衡阳,0.2889957657599999
广州,衡阳,0.09958381056
株洲,衡阳,0.0658824192
深圳,衡阳,0.06296838912
邵阳,衡阳,0.0604344499199999
长沙,邵阳,0.2495891264399999
深圳,邵阳,0.0521359739999999
衡阳,邵阳,0.04654320588
广州,邵阳,0.0332722306799999
株洲,邵阳,0.02568881628
长沙,岳阳,0.6047693604000001
益阳,岳阳,0.0689508612
深圳,岳阳,0.0340437168
常德,岳阳,0.0266429088
株洲,岳阳,0.0263962152
广州,岳阳,0.0256561344
长沙,常德,0.2810706318
益阳,常德,0.067743459
张家界,常德,0.0652408344
深圳,常德,0.0269247888
岳阳,常德,0.0259755173999999
长沙,张家界,0.09945386064
湘西土家族苗族自治州,张家界,0.07785731016
常德,张家界,0.0597521188799999
长沙,益阳,0.48085343172
岳阳,益阳,0.06569392896
常德,益阳,0.06261452604
深圳,广州,0.6896985408
衡阳,广州,0.1056523499999999
长沙,广州,0.067617504
重庆,广州,0.0431061588
邵阳,广州,0.033808752
广州,深圳,0.6434274528
长沙,深圳,0.06288041016
衡阳,深圳,0.04533238872
重庆,深圳,0.04460122116
邵阳,深圳,0.03728954556
恩施土家族苗族自治州,重庆,0.1559736712799999
深圳,重庆,0.0554864320799999
广州,重庆,0.04718531232
长沙,重庆,0.04631151024
湘西土家族苗族自治州,重庆,0.02883546864
重庆,恩施土家族苗族自治州,0.17174496096
湘西土家族苗族自治州,恩施土家族苗族自治州,0.0514956528
张家界,湘西土家族苗族自治州,0.14976516384
长沙,湘西土家族苗族自治州,0.09347367276
恩施土家族苗族自治州,湘西土家族苗族自治州,0.05039675496
重庆,湘西土家族苗族自治州,0.03361942908
