city_name,city_id_name,num
岳阳,长沙,0.5613025248
株洲,长沙,0.52042505832
益阳,长沙,0.4697858088
衡阳,长沙,0.33617140344
常德,长沙,0.33007028904
邵阳,长沙,0.26905914504
深圳,长沙,0.12568295664
张家界,长沙,0.12019195368
广州,长沙,0.11348072784
湘西土家族苗族自治州,长沙,0.11104028208
重庆,长沙,0.04392802368
长沙,株洲,0.51465152736
衡阳,株洲,0.07152069636
深圳,株洲,0.03706185132
广州,株洲,0.02776540032
长沙,衡阳,0.35275274496
广州,衡阳,0.11567541312
株洲,衡阳,0.07172448264
深圳,衡阳,0.07115183208
邵阳,衡阳,0.06857490456
长沙,邵阳,0.2681558784
深圳,邵阳,0.04712445216
衡阳,邵阳,0.04643434512
广州,邵阳,0.03618132624
株洲,邵阳,0.02878732224
长沙,岳阳,0.7683488992799999
益阳,岳阳,0.07376379048
株洲,岳阳,0.03573382068
常德,岳阳,0.03286363428
深圳,岳阳,0.0301369572
长沙,常德,0.3564667764
益阳,常德,0.07310186496
张家界,常德,0.06529671792
岳阳,常德,0.02893615488
长沙,张家界,0.12286413396
湘西土家族苗族自治州,张家界,0.0787089636
常德,张家界,0.07195450644
长沙,益阳,0.55971513864
岳阳,益阳,0.07127032536
常德,益阳,0.0682705584
株洲,益阳,0.0261703807199999
深圳,广州,0.9439716153599998
衡阳,广州,0.1105257312
长沙,广州,0.06631543872
重庆,广州,0.0409354559999999
邵阳,广州,0.0311109465599999
广州,深圳,0.7992359424
长沙,深圳,0.0618456384
重庆,深圳,0.0434958336
衡阳,深圳,0.0414569663999999
邵阳,深圳,0.0366996096
恩施土家族苗族自治州,重庆,0.1346611780799999
深圳,重庆,0.0546178204799999
广州,重庆,0.0494385444
长沙,重庆,0.04520095488
湘西土家族苗族自治州,重庆,0.03437155944
重庆,恩施土家族苗族自治州,0.22116102624
湘西土家族苗族自治州,恩施土家族苗族自治州,0.0541602936
张家界,湘西土家族苗族自治州,0.14971488552
长沙,湘西土家族苗族自治州,0.11103496524
恩施土家族苗族自治州,湘西土家族苗族自治州,0.04983346476
重庆,湘西土家族苗族自治州,0.03417560424
常德,湘西土家族苗族自治州,0.02781236412
