city_name,city_id_name,num
岳阳,长沙,0.23919544296
益阳,长沙,0.15385214844
邵阳,长沙,0.07451069796
衡阳,长沙,0.07260767424
株洲,长沙,0.06850885392
常德,长沙,0.06279978276
长沙,株洲,0.0838695059999999
长沙,衡阳,0.10686807252
广州,衡阳,0.05959117188
长沙,邵阳,0.1060832214
广州,邵阳,0.02558632536
深圳,邵阳,0.02542838508
长沙,岳阳,0.30678481728
益阳,岳阳,0.04004438472
长沙,常德,0.08188975908
益阳,常德,0.0289007125199999
长沙,益阳,0.17346702744
岳阳,益阳,0.03605476536
常德,益阳,0.02821985568
深圳,广州,0.52287524352
衡阳,广州,0.06022646784
重庆,广州,0.02669127552
邵阳,广州,0.02600688384
广州,深圳,0.4968905601599999
重庆,深圳,0.0336494736
邵阳,深圳,0.0319669999199999
衡阳,深圳,0.02691957888
恩施土家族苗族自治州,重庆,0.1158592248
深圳,重庆,0.0352615032
广州,重庆,0.0295372332
重庆,恩施土家族苗族自治州,0.09551530368
湘西土家族苗族自治州,恩施土家族苗族自治州,0.02759506704
恩施土家族苗族自治州,湘西土家族苗族自治州,0.0296681615999999
