city_name,city_id_name,num
岳阳,长沙,0.41364439776
益阳,长沙,0.3717800856
株洲,长沙,0.3211680067199999
常德,长沙,0.21744448704
衡阳,长沙,0.17151871176
邵阳,长沙,0.13340344248
深圳,长沙,0.05811016464
广州,长沙,0.04498851456
湘西土家族苗族自治州,长沙,0.03998979072
长沙,株洲,0.4539964917599999
衡阳,株洲,0.0490345002
长沙,衡阳,0.2759011146
广州,衡阳,0.094202919
株洲,衡阳,0.058691871
深圳,衡阳,0.0449806608
邵阳,衡阳,0.0322558686
长沙,邵阳,0.2205004031999999
衡阳,邵阳,0.03422051712
深圳,邵阳,0.0283500518399999
广州,邵阳,0.0253432281599999
长沙,岳阳,0.6810868864799999
益阳,岳阳,0.062024859
长沙,常德,0.27653630688
益阳,常德,0.05504985504
长沙,益阳,0.5643465048
岳阳,益阳,0.0631153879199999
常德,益阳,0.05379751728
深圳,广州,0.81955057392
衡阳,广州,0.05000427432
长沙,广州,0.03506793264
广州,深圳,0.6938219430000001
长沙,深圳,0.03483871884
重庆,深圳,0.029524338
恩施土家族苗族自治州,重庆,0.0946242
深圳,重庆,0.0408776544
广州,重庆,0.0310367376
重庆,恩施土家族苗族自治州,0.1057211676
湘西土家族苗族自治州,恩施土家族苗族自治州,0.0393220656
长沙,湘西土家族苗族自治州,0.03394866816
恩施土家族苗族自治州,湘西土家族苗族自治州,0.03283627248
