city_name,city_id_name,num
岳阳,长沙,0.53468569152
益阳,长沙,0.4564641081599999
株洲,长沙,0.44617179456
常德,长沙,0.2727463103999999
衡阳,长沙,0.24855937344
邵阳,长沙,0.2346647500799999
张家界,长沙,0.1024085203199999
湘西土家族苗族自治州,长沙,0.09057235968
广州,长沙,0.0818238931199999
深圳,长沙,0.08079466176
重庆,长沙,0.0411692544
长沙,株洲,0.4140464461199999
衡阳,株洲,0.0581005807199999
邵阳,株洲,0.02543230548
长沙,衡阳,0.25345901808
广州,衡阳,0.09196300656
株洲,衡阳,0.0624498465599999
邵阳,衡阳,0.05938047792
深圳,衡阳,0.0497001614399999
长沙,邵阳,0.2021282424
深圳,邵阳,0.04327725024
衡阳,邵阳,0.0410127429599999
广州,邵阳,0.03212245512
长沙,岳阳,0.5557868395200001
益阳,岳阳,0.07029305712
株洲,岳阳,0.0288765259199999
长沙,常德,0.25757190324
益阳,常德,0.06981070212
张家界,常德,0.06029469576
长沙,张家界,0.088989516
湘西土家族苗族自治州,张家界,0.074064942
常德,张家界,0.061651044
长沙,益阳,0.44661209112
岳阳,益阳,0.0719256283199999
常德,益阳,0.070862688
深圳,广州,0.7810478524800001
衡阳,广州,0.1049304942
长沙,广州,0.07482000456
重庆,广州,0.04927171032
邵阳,广州,0.03741000228
广州,深圳,0.68117100012
长沙,深圳,0.06756713496
邵阳,深圳,0.04792552596
重庆,深圳,0.04792552596
衡阳,深圳,0.04399720416
恩施土家族苗族自治州,重庆,0.1742203566
深圳,重庆,0.056272725
广州,重庆,0.0490698162
长沙,重庆,0.0387156347999999
湘西土家族苗族自治州,重庆,0.031512726
重庆,恩施土家族苗族自治州,0.22840370928
湘西土家族苗族自治州,恩施土家族苗族自治州,0.05073944976
张家界,湘西土家族苗族自治州,0.152288829
长沙,湘西土家族苗族自治州,0.0790671293999999
恩施土家族苗族自治州,湘西土家族苗族自治州,0.0532241766
重庆,湘西土家族苗族自治州,0.0335343078
