city_name,city_id_name,num
岳阳,长沙,0.3892582008
益阳,长沙,0.3239788751999999
株洲,长沙,0.2945628828
常德,长沙,0.2099415348
邵阳,长沙,0.1962409356
衡阳,长沙,0.1837492127999999
张家界,长沙,0.0959041944
湘西土家族苗族自治州,长沙,0.0733385016
广州,长沙,0.0717266664
深圳,长沙,0.0693089136
重庆,长沙,0.0406988388
长沙,株洲,0.2925689738399999
衡阳,株洲,0.0463483393199999
长沙,衡阳,0.198542664
广州,衡阳,0.068800104
邵阳,衡阳,0.04385664
株洲,衡阳,0.043673904
深圳,衡阳,0.033714792
长沙,邵阳,0.1909822082399999
衡阳,邵阳,0.03184195536
深圳,邵阳,0.0295476659999999
广州,邵阳,0.02690575704
长沙,岳阳,0.3961145721599999
益阳,岳阳,0.0514881748799999
长沙,常德,0.21025716912
益阳,常德,0.053174232
张家界,常德,0.04741890336
长沙,张家界,0.091536642
湘西土家族苗族自治州,张家界,0.0538175988
常德,张家界,0.0487204308
长沙,益阳,0.3212826119999999
常德,益阳,0.0534378222
岳阳,益阳,0.0495037494
深圳,广州,0.5189700455999999
衡阳,广州,0.0747372744
长沙,广州,0.0740387952
重庆,广州,0.0447026688
邵阳,广州,0.0300346055999999
广州,深圳,0.47832705144
长沙,深圳,0.07064878968
重庆,深圳,0.04111527924
衡阳,深圳,0.03879892548
邵阳,深圳,0.0341662179599999
恩施土家族苗族自治州,重庆,0.15270920928
深圳,重庆,0.0506600956799999
广州,重庆,0.04628656224
长沙,重庆,0.03936180096
重庆,恩施土家族苗族自治州,0.18459224784
湘西土家族苗族自治州,恩施土家族苗族自治州,0.04456126224
张家界,湘西土家族苗族自治州,0.13283915112
长沙,湘西土家族苗族自治州,0.07279342668
恩施土家族苗族自治州,湘西土家族苗族自治州,0.04699450548
重庆,湘西土家族苗族自治州,0.02772119376
