city_name,city_id_name,num
岳阳,长沙,0.41876304696
益阳,长沙,0.35300439576
株洲,长沙,0.26572473144
常德,长沙,0.22238380224
衡阳,长沙,0.1688801724
邵阳,长沙,0.14317451784
深圳,长沙,0.0433409291999999
广州,长沙,0.0403518996
湘西土家族苗族自治州,长沙,0.03915628776
长沙,株洲,0.30183101928
衡阳,株洲,0.0429937956
长沙,衡阳,0.2064486528
广州,衡阳,0.1008133775999999
株洲,衡阳,0.0510763967999999
深圳,衡阳,0.0366107039999999
邵阳,衡阳,0.029913624
长沙,邵阳,0.1649319991199999
衡阳,邵阳,0.02997642168
深圳,邵阳,0.0271391472
长沙,岳阳,0.4314217139999999
益阳,岳阳,0.0615861468
长沙,常德,0.2060520767999999
益阳,常德,0.05241324672
长沙,益阳,0.37938727188
岳阳,益阳,0.05876876268
常德,益阳,0.05714194572
深圳,广州,0.55604692728
衡阳,广州,0.05331107664
长沙,广州,0.0291351232799999
重庆,广州,0.02727543456
广州,深圳,0.51874650828
重庆,深圳,0.03057546852
长沙,深圳,0.02902078368
恩施土家族苗族自治州,重庆,0.09475896132
深圳,重庆,0.03556444644
广州,重庆,0.02768775696
重庆,恩施土家族苗族自治州,0.09243191232
湘西土家族苗族自治州,恩施土家族苗族自治州,0.02827007568
长沙,湘西土家族苗族自治州,0.032000427
恩施土家族苗族自治州,湘西土家族苗族自治州,0.026463753
