city_name,city_id_name,num
岳阳,长沙,0.26045752824
益阳,长沙,0.18418319136
株洲,长沙,0.09947298312
衡阳,长沙,0.08488595556
邵阳,长沙,0.0843587136
常德,长沙,0.07891054668
长沙,株洲,0.1141596666
长沙,衡阳,0.1481578776
广州,衡阳,0.07629366996
深圳,衡阳,0.0313117163999999
邵阳,衡阳,0.02924972532
株洲,衡阳,0.0252021131999999
长沙,邵阳,0.1566722768399999
深圳,邵阳,0.0353690485199999
广州,邵阳,0.0313211836799999
衡阳,邵阳,0.0272069603999999
长沙,岳阳,0.37921409064
益阳,岳阳,0.05087392596
长沙,常德,0.0997623993599999
益阳,常德,0.03160550016
长沙,益阳,0.252297342
岳阳,益阳,0.04141981008
常德,益阳,0.03357587376
深圳,广州,0.618261984
衡阳,广州,0.069706008
长沙,广州,0.034853004
重庆,广州,0.031064634
邵阳,广州,0.028791612
广州,深圳,0.5361453504000001
长沙,深圳,0.03777387696
重庆,深圳,0.03594610872
衡阳,深圳,0.03411834048
邵阳,深圳,0.03411834048
恩施土家族苗族自治州,重庆,0.1178464464
深圳,重庆,0.04237457328
广州,重庆,0.0325958256
重庆,恩施土家族苗族自治州,0.1341920519999999
湘西土家族苗族自治州,恩施土家族苗族自治州,0.0401265899999999
恩施土家族苗族自治州,湘西土家族苗族自治州,0.0332371025999999
长沙,湘西土家族苗族自治州,0.0265237027199999
