city_name,city_id_name,num
岳阳,长沙,0.62063542332
益阳,长沙,0.50826410712
株洲,长沙,0.47023073856
常德,长沙,0.32616494856
衡阳,长沙,0.2852502642
邵阳,长沙,0.273725001
张家界,长沙,0.1100662635599999
湘西土家族苗族自治州,长沙,0.10487989512
广州,长沙,0.08989705296
深圳,长沙,0.0835581582
重庆,长沙,0.0437960001599999
长沙,株洲,0.43371969696
衡阳,株洲,0.05957325792
长沙,衡阳,0.2703754566
广州,衡阳,0.0818226684
株洲,衡阳,0.059169285
邵阳,衡阳,0.0506038266
深圳,衡阳,0.0415875546
长沙,邵阳,0.2351547028799999
衡阳,邵阳,0.0460219968
深圳,邵阳,0.03513602448
广州,邵阳,0.03071083248
长沙,岳阳,0.50767709688
益阳,岳阳,0.06615714852
长沙,常德,0.2640609849599999
益阳,常德,0.07097730624
张家界,常德,0.06017986368
长沙,张家界,0.10293801408
湘西土家族苗族自治州,张家界,0.07100504064
常德,张家界,0.05407381152
长沙,益阳,0.4053957336
常德,益阳,0.0665512848
岳阳,益阳,0.0647999351999999
深圳,广州,0.7873988356799999
长沙,广州,0.12172878936
衡阳,广州,0.11843882208
重庆,广州,0.0526394764799999
邵阳,广州,0.0394796073599999
株洲,广州,0.0263197382399999
广州,深圳,0.8394674112000001
长沙,深圳,0.10874918736
衡阳,深圳,0.06105217536
重庆,深圳,0.05342065344
邵阳,深圳,0.05055883272
岳阳,深圳,0.02766426696
株洲,深圳,0.02575638648
恩施土家族苗族自治州,重庆,0.19141445664
深圳,重庆,0.06064616448
广州,重庆,0.04785361416
长沙,重庆,0.04311563256
湘西土家族苗族自治州,重庆,0.02795409144
重庆,恩施土家族苗族自治州,0.18914251356
湘西土家族苗族自治州,恩施土家族苗族自治州,0.05174721288
张家界,湘西土家族苗族自治州,0.14777285544
长沙,湘西土家族苗族自治州,0.0940885243199999
恩施土家族苗族自治州,湘西土家族苗族自治州,0.04754539944
重庆,湘西土家族苗族自治州,0.03520489392
