city_name,city_id_name,num
岳阳,长沙,0.3538042901999999
益阳,长沙,0.297059805
株洲,长沙,0.2017581695999999
常德,长沙,0.1406487239999999
邵阳,长沙,0.129736323
衡阳,长沙,0.1205214065999999
深圳,长沙,0.0344346875999999
广州,长沙,0.0300697271999999
湘西土家族苗族自治州,长沙,0.0254622689999999
长沙,株洲,0.19464174936
衡阳,株洲,0.03564624996
长沙,衡阳,0.1723877996399999
广州,衡阳,0.13606560468
深圳,衡阳,0.0417419989199999
株洲,衡阳,0.03907963908
邵阳,衡阳,0.0301417167599999
长沙,邵阳,0.13849273728
深圳,邵阳,0.03966133248
广州,邵阳,0.03727907712
衡阳,邵阳,0.0256253414399999
长沙,岳阳,0.34489460124
益阳,岳阳,0.05351696568
长沙,常德,0.1533204287999999
益阳,常德,0.04391297064
长沙,益阳,0.31569726672
岳阳,益阳,0.052219728
常德,益阳,0.04253006736
深圳,广州,0.51227130024
衡阳,广州,0.05225941476
长沙,广州,0.0309685420799999
重庆,广州,0.02967818616
邵阳,广州,0.02709747432
广州,深圳,0.49478281056
重庆,深圳,0.03631433472
长沙,深圳,0.0323424543599999
邵阳,深圳,0.0312076314
衡阳,深圳,0.0255335166
恩施土家族苗族自治州,重庆,0.0930722562
深圳,重庆,0.04133858652
广州,重庆,0.03336096456
重庆,恩施土家族苗族自治州,0.0866650752
长沙,湘西土家族苗族自治州,0.02762326476
