city_name,city_id_name,num
岳阳,长沙,0.43939237644
株洲,长沙,0.3803366307600001
益阳,长沙,0.3702001968
常德,长沙,0.23401941012
衡阳,长沙,0.20184725016
邵阳,长沙,0.18642224196
张家界,长沙,0.09519433632
深圳,长沙,0.0793286136
广州,长沙,0.07756575552
湘西土家族苗族自治州,长沙,0.07668432648
重庆,长沙,0.03834216324
长沙,株洲,0.36975121704
衡阳,株洲,0.05532389424
长沙,衡阳,0.2143669017599999
广州,衡阳,0.07795160064
邵阳,衡阳,0.06282817812
株洲,衡阳,0.05389622388
深圳,衡阳,0.03826530396
长沙,邵阳,0.1753538219999999
深圳,邵阳,0.0376387074
衡阳,邵阳,0.0336767382
广州,邵阳,0.0306685763999999
长沙,岳阳,0.5119668018
益阳,岳阳,0.06261318468
长沙,常德,0.2184726006
益阳,常德,0.0624008448
张家界,常德,0.0570382722
长沙,张家界,0.0864111402
湘西土家族苗族自治州,张家界,0.0668380734
常德,张家界,0.0589386294
长沙,益阳,0.39103445304
岳阳,益阳,0.05904552024
常德,益阳,0.0576053855999999
深圳,广州,0.66483794304
衡阳,广州,0.07456126464
长沙,广州,0.06524110656
重庆,广州,0.0442707508799999
邵阳,广州,0.03029051376
广州,深圳,0.6066962694
长沙,深圳,0.062689626
重庆,深圳,0.0445792896
衡阳,深圳,0.038310327
邵阳,深圳,0.03482757
恩施土家族苗族自治州,重庆,0.19268442
深圳,重庆,0.0616590143999999
广州,重庆,0.04894184268
长沙,重庆,0.0381515151599999
湘西土家族苗族自治州,重庆,0.0265904499599999
重庆,恩施土家族苗族自治州,0.218265516
湘西土家族苗族自治州,恩施土家族苗族自治州,0.0488581632
张家界,湘西土家族苗族自治州,0.1385913888
长沙,湘西土家族苗族自治州,0.07009473024
恩施土家族苗族自治州,湘西土家族苗族自治州,0.0492646924799999
重庆,湘西土家族苗族自治州,0.03482694144
