city_name,city_id_name,num
岳阳,长沙,0.4706758367999999
益阳,长沙,0.3844022832
株洲,长沙,0.3787868447999999
常德,长沙,0.2700515376
衡阳,长沙,0.2603521439999999
邵阳,长沙,0.2241070415999999
广州,长沙,0.1026093743999999
张家界,长沙,0.099546408
深圳,长沙,0.0949519584
湘西土家族苗族自治州,长沙,0.0944414639999999
重庆,长沙,0.0428815295999999
长沙,株洲,0.3743247816
衡阳,株洲,0.06185366712
长沙,衡阳,0.23843163888
广州,衡阳,0.09854287632
株洲,衡阳,0.05520174624
深圳,衡阳,0.04744246464
邵阳,衡阳,0.04467129264
长沙,邵阳,0.22701326328
衡阳,邵阳,0.04547274552
深圳,邵阳,0.0407414772
广州,邵阳,0.0343455033599999
长沙,岳阳,0.5081385830399999
益阳,岳阳,0.0618443942399999
长沙,常德,0.26617243788
益阳,常德,0.06547471056
张家界,常德,0.05700815316
长沙,张家界,0.1070708543999999
湘西土家族苗族自治州,张家界,0.06780329856
常德,张家界,0.05632965504
长沙,益阳,0.4131347975999999
常德,益阳,0.0654980256
岳阳,益阳,0.0618973487999999
深圳,广州,0.6329197828800001
衡阳,广州,0.0927965095199999
长沙,广州,0.07217506296
重庆,广州,0.04441542336
邵阳,广州,0.0325184349599999
广州,深圳,0.5927986296000001
长沙,深圳,0.063063684
重庆,深圳,0.0466671261599999
衡阳,深圳,0.0409913946
邵阳,深圳,0.0378382103999999
恩施土家族苗族自治州,重庆,0.1428160896
深圳,重庆,0.0615894386399999
广州,重庆,0.05623383528
长沙,重庆,0.0441837277199999
湘西土家族苗族自治州,重庆,0.0290095182
重庆,恩施土家族苗族自治州,0.21658864104
湘西土家族苗族自治州,恩施土家族苗族自治州,0.0518459551199999
张家界,湘西土家族苗族自治州,0.1592462592
长沙,湘西土家族苗族自治州,0.09943824384
恩施土家族苗族自治州,湘西土家族苗族自治州,0.04925753856
重庆,湘西土家族苗族自治州,0.0306623232
