city_name,city_id_name,num
岳阳,长沙,0.25643925108
益阳,长沙,0.1558923894
邵阳,长沙,0.08249616396
株洲,长沙,0.07966175688
衡阳,长沙,0.07712570844
常德,长沙,0.07250114952
长沙,株洲,0.0700673976
长沙,衡阳,0.09921905136
广州,衡阳,0.07096747284
深圳,衡阳,0.02775917628
邵阳,衡阳,0.02535871536
长沙,邵阳,0.0995501016
广州,邵阳,0.03521718648
深圳,邵阳,0.03403971216
长沙,岳阳,0.26865641628
益阳,岳阳,0.03732655284
长沙,常德,0.07242718032
长沙,益阳,0.15048152784
岳阳,益阳,0.03602718
深圳,广州,0.49217026248
衡阳,广州,0.04544950176
广州,深圳,0.46860000768
重庆,深圳,0.02824151832
邵阳,深圳,0.02562656292
恩施土家族苗族自治州,重庆,0.0945242297999999
深圳,重庆,0.0391134743999999
广州,重庆,0.0319426707599999
重庆,恩施土家族苗族自治州,0.07320927096
