city_name,city_id_name,num
岳阳,长沙,0.4199911883999999
益阳,长沙,0.34712524728
株洲,长沙,0.3407157432
衡阳,长沙,0.20948958072
常德,长沙,0.20645349984
邵阳,长沙,0.20206804968
湘西土家族苗族自治州,长沙,0.04587855552
深圳,长沙,0.04351715928
广州,长沙,0.03845702448
长沙,株洲,0.26987721264
衡阳,株洲,0.0482365951199999
长沙,衡阳,0.15473072628
广州,衡阳,0.05778847152
株洲,衡阳,0.03880481904
邵阳,衡阳,0.03343077036
长沙,邵阳,0.13862316996
衡阳,邵阳,0.0278792117999999
长沙,岳阳,0.3837502656
益阳,岳阳,0.05477756544
长沙,常德,0.1928605075199999
益阳,常德,0.0494066044799999
张家界,常德,0.0341556912
长沙,益阳,0.3092693918399999
岳阳,益阳,0.0538508023199999
常德,益阳,0.0506901239999999
深圳,广州,0.5508443556
衡阳,广州,0.12590728128
长沙,广州,0.03719987856
邵阳,广州,0.03076143804
重庆,广州,0.02789990892
广州,深圳,0.50593073688
衡阳,深圳,0.0480460539599999
长沙,深圳,0.03936303216
邵阳,深圳,0.03531095532
重庆,深圳,0.03299548284
恩施土家族苗族自治州,重庆,0.10014154416
深圳,重庆,0.0382450118399999
广州,重庆,0.0291869827199999
重庆,恩施土家族苗族自治州,0.086354505
湘西土家族苗族自治州,恩施土家族苗族自治州,0.035034525
长沙,湘西土家族苗族自治州,0.0445573872
恩施土家族苗族自治州,湘西土家族苗族自治州,0.03494500704
