city_name,city_id_name,num
岳阳,长沙,0.3909786213599999
株洲,长沙,0.3356514579599999
益阳,长沙,0.3045043141199999
常德,长沙,0.2483574890399999
邵阳,长沙,0.2258167928399999
衡阳,长沙,0.1881123555599999
张家界,长沙,0.0676220885999999
湘西土家族苗族自治州,长沙,0.0627041185199999
广州,长沙,0.0426224073599999
重庆,长沙,0.0331962980399999
深圳,长沙,0.0319668055199999
长沙,株洲,0.3207129552
衡阳,株洲,0.0423334512
长沙,衡阳,0.19059465888
广州,衡阳,0.06936837408
株洲,衡阳,0.04621752108
邵阳,衡阳,0.0411664258799999
长沙,邵阳,0.19671123456
广州,邵阳,0.0312747091199999
衡阳,邵阳,0.03090327552
长沙,岳阳,0.4152210984
益阳,岳阳,0.0475811301599999
长沙,常德,0.224721783
益阳,常德,0.0548872038
张家界,常德,0.0433991844
长沙,张家界,0.06890508
湘西土家族苗族自治州,张家界,0.05167881
常德,张家界,0.047659347
长沙,益阳,0.33100308504
常德,益阳,0.05620313304
岳阳,益阳,0.0529971336
深圳,广州,0.32266811376
衡阳,广州,0.0453422512799999
长沙,广州,0.0321613642799999
邵阳,广州,0.0268890094799999
广州,深圳,0.3622734072
长沙,深圳,0.0312532343999999
邵阳,深圳,0.028612116
恩施土家族苗族自治州,重庆,0.100048608
广州,重庆,0.02874123648
长沙,重庆,0.02837742336
重庆,恩施土家族苗族自治州,0.14378570496
湘西土家族苗族自治州,恩施土家族苗族自治州,0.04408152192
张家界,湘西土家族苗族自治州,0.0829066428
长沙,湘西土家族苗族自治州,0.06388713
恩施土家族苗族自治州,湘西土家族苗族自治州,0.0421864524
重庆,湘西土家族苗族自治州,0.026392716
