city_name,city_id_name,num
岳阳,长沙,0.5759586648
益阳,长沙,0.44148591216
株洲,长沙,0.43654206096
常德,长沙,0.30503561904
邵阳,长沙,0.24917010048
衡阳,长沙,0.24175432368
张家界,长沙,0.08503424064
湘西土家族苗族自治州,长沙,0.07761846384
广州,长沙,0.04844974176
深圳,长沙,0.0395508096
重庆,长沙,0.03164064768
长沙,株洲,0.41589845604
衡阳,株洲,0.05150260584
长沙,衡阳,0.2514861756
广州,衡阳,0.07229032272
株洲,衡阳,0.05144470056
邵阳,衡阳,0.04092626736
长沙,邵阳,0.2362142736
衡阳,邵阳,0.03347358048
广州,邵阳,0.02635154208
长沙,岳阳,0.46220586444
益阳,岳阳,0.06249091356
长沙,常德,0.250007472
益阳,常德,0.0588045744
张家界,常德,0.04873385088
长沙,张家界,0.08861220828
湘西土家族苗族自治州,张家界,0.05665245948
常德,张家界,0.04691234556
长沙,益阳,0.3641360184
常德,益阳,0.0615099743999999
岳阳,益阳,0.0585556776
深圳,广州,0.47820318948
衡阳,广州,0.07585804872
长沙,广州,0.05726538972
邵阳,广州,0.03941643708
重庆,广州,0.03272307984
广州,深圳,0.55170272232
长沙,深圳,0.04928202972
邵阳,深圳,0.0364815025199999
重庆,深圳,0.02752113348
衡阳,深圳,0.0268811071199999
恩施土家族苗族自治州,重庆,0.1060714116
长沙,重庆,0.0347411591999999
深圳,重庆,0.0343715724
广州,重庆,0.0306757044
重庆,恩施土家族苗族自治州,0.12938536296
湘西土家族苗族自治州,恩施土家族苗族自治州,0.04320036504
张家界,湘西土家族苗族自治州,0.09452438856
长沙,湘西土家族苗族自治州,0.0798509275199999
恩施土家族苗族自治州,湘西土家族苗族自治州,0.043874136
重庆,湘西土家族苗族自治州,0.0293469220799999
