city_name,city_id_name,num
岳阳,长沙,0.2206230080399999
益阳,长沙,0.146491497
衡阳,长沙,0.07113354552
邵阳,长沙,0.06854439348
株洲,长沙,0.06322981824
常德,长沙,0.0603681238799999
长沙,株洲,0.06326747028
长沙,衡阳,0.13768902936
广州,衡阳,0.0683263998
深圳,衡阳,0.03218788692
邵阳,衡阳,0.02512857168
长沙,邵阳,0.1266668927999999
深圳,邵阳,0.0326791584
广州,邵阳,0.0282356927999999
长沙,岳阳,0.44059592304
益阳,岳阳,0.04150749096
长沙,常德,0.0966058682399999
益阳,常德,0.02862197208
长沙,益阳,0.2142049017599999
岳阳,益阳,0.03587874912
常德,益阳,0.02703297888
深圳,广州,0.80883980784
衡阳,广州,0.05489548524
重庆,广州,0.02501566416
邵阳,广州,0.02501566416
广州,深圳,0.71416331424
重庆,深圳,0.03406786128
邵阳,深圳,0.03280608864
长沙,深圳,0.02712811176
衡阳,深圳,0.0252354528
恩施土家族苗族自治州,重庆,0.1019287961999999
深圳,重庆,0.0354829734
广州,重庆,0.0302848308
重庆,恩施土家族苗族自治州,0.098358138
