city_name,city_id_name,num
岳阳,长沙,0.29285264232
益阳,长沙,0.2413274018399999
株洲,长沙,0.17034875424
邵阳,长沙,0.12329253972
常德,长沙,0.12040081704
衡阳,长沙,0.1196121653999999
深圳,长沙,0.05047370496
广州,长沙,0.04915928556
湘西土家族苗族自治州,长沙,0.0378552787199999
重庆,长沙,0.02576262024
长沙,株洲,0.19760202072
衡阳,株洲,0.0266866844399999
长沙,衡阳,0.2398021977599999
广州,衡阳,0.08693793504
深圳,衡阳,0.05223986784
株洲,衡阳,0.04202321472
邵阳,衡阳,0.0346016836799999
长沙,邵阳,0.25733501712
深圳,邵阳,0.03922638192
衡阳,邵阳,0.03408465744
广州,邵阳,0.03383586432
长沙,岳阳,0.67176451872
益阳,岳阳,0.06266985552
长沙,常德,0.1687288579199999
益阳,常德,0.0403582435199999
长沙,张家界,0.0254987352
长沙,益阳,0.45418986144
岳阳,益阳,0.05469261264
常德,益阳,0.04263378624
深圳,广州,0.965698038
衡阳,广州,0.0784366092
长沙,广州,0.0666289476
重庆,广州,0.0480740508
邵阳,广州,0.0286757496
广州,深圳,0.80944615116
长沙,深圳,0.07305992964
重庆,深圳,0.0506355947999999
邵阳,深圳,0.03761501328
衡阳,深圳,0.03472155072
恩施土家族苗族自治州,重庆,0.1588868622
深圳,重庆,0.0433327806
广州,重庆,0.03915999432
长沙,重庆,0.0276045861599999
重庆,恩施土家族苗族自治州,0.19918729116
湘西土家族苗族自治州,恩施土家族苗族自治州,0.0469926586799999
长沙,湘西土家族苗族自治州,0.05029627932
恩施土家族苗族自治州,湘西土家族苗族自治州,0.0406576195199999
