city_name,city_id_name,num
廊坊,北京,0.62097038343
保定,北京,0.17934744437999994
天津,北京,0.19003718529
张家口,北京,0.08869251977999995
唐山,北京,0.05661317285999995
唐山,天津,0.20795087313
廊坊,天津,0.19828662947999995
沧州,天津,0.1243253140199999
邯郸,天津,0.06212409129
邢台,石家庄,0.07988329430999991
保定,石家庄,0.07078073867999995
秦皇岛,唐山,0.09917379908999996
承德,唐山,0.05184673757999995
邢台,邯郸,0.10638328508999995
沧州,保定,0.07703119683
廊坊,保定,0.08254485305999995
衡水,沧州,0.06994809755999995
廊坊,沧州,0.07265742524999991
