city_name,city_id_name,num
廊坊,北京,0.5419879079400001
天津,北京,0.17459827829999996
保定,北京,0.11274945254999995
张家口,北京,0.05187743091
唐山,天津,0.19868614253999994
廊坊,天津,0.18527964137999994
沧州,天津,0.1093463493299999
秦皇岛,唐山,0.0907567983
承德,唐山,0.04341324114
邢台,邯郸,0.0945989069399999
沧州,保定,0.0690344475299999
廊坊,保定,0.06573169763999995
衡水,沧州,0.05923050803999995
廊坊,沧州,0.05771608991999995
