city_name,city_id_name,num
上海,北京,0.2519605115999999
苏州,上海,2.95894760616
杭州,上海,0.6852576088800001
北京,上海,0.26386356204
上海,苏州,1.98131795712
金华,杭州,0.87263641872
上海,杭州,0.65324755584
杭州,金华,0.4778911061999999
开封,郑州,1.42328505564
周口,郑州,1.1699789364
许昌,郑州,0.84965460624
商丘,郑州,0.74287982952
驻马店,郑州,0.47821469148
漯河,郑州,0.27602415684
郑州,开封,0.66076648128
郑州,许昌,0.35333845596
郑州,周口,0.36956148588
