city_name,city_id_name,num
苏州,上海,1.7984688973199994
杭州,上海,0.44208994536
上海,苏州,2.2205841552
上海,杭州,0.5283125855999999
金华,杭州,0.4423082111999999
杭州,金华,0.4175679924
开封,郑州,0.56309729688
周口,郑州,0.39540038544
许昌,郑州,0.36271823976
商丘,郑州,0.26735066712
郑州,开封,0.63555875964
郑州,许昌,0.3859095474
郑州,商丘,0.2571675804
郑州,周口,0.36953072532
