city_name,city_id_name,num
苏州,上海,1.83449483964
杭州,上海,0.36357314292
上海,苏州,1.58499846144
上海,杭州,0.44013304368
金华,杭州,0.40129777512
杭州,金华,0.3501191044799999
开封,郑州,0.55045679976
许昌,郑州,0.3744604079999999
周口,郑州,0.3723206342399999
商丘,郑州,0.28512485352
郑州,开封,0.6117162055200001
郑州,许昌,0.34207913844
郑州,商丘,0.2997061236
郑州,周口,0.3731192424
