city_name,city_id_name,num
苏州,上海,1.711178784
杭州,上海,0.4319982719999999
上海,苏州,3.079091232
上海,杭州,0.56439837072
金华,杭州,0.42090725952
杭州,金华,0.4988937743999999
开封,郑州,0.29672463024
郑州,开封,0.4611510921599999
郑州,许昌,0.33561560088
