city_name,city_id_name,num
苏州,上海,1.462252581
杭州,上海,0.2765502939599999
上海,苏州,1.27159314804
上海,杭州,0.32225719104
金华,杭州,0.30398970492
杭州,金华,0.264449448
开封,郑州,0.4510410868799999
周口,郑州,0.36203108112
许昌,郑州,0.29142218232
商丘,郑州,0.25119650664
郑州,开封,0.4220706366
郑州,许昌,0.2883697977599999
