city_name,city_id_name,num
苏州,上海,1.6214240707199998
杭州,上海,0.31836180384
上海,苏州,1.85071327848
上海,杭州,0.3732975136799999
金华,杭州,0.3149408304
杭州,金华,0.317952621
开封,郑州,0.2972000905199999
郑州,开封,0.33383830536
