city_name,city_id_name,num
北京,天津,0.2717331624
北京,廊坊,0.16609307904
北京,保定,0.14624739864
北京,邯郸,0.07052849496
天津,北京,0.2217218021999999
天津,廊坊,0.0720948276
天津,邯郸,0.0706851521999999
天津,保定,0.0461165237999999
邯郸,安阳,0.05060216448
邯郸,天津,0.04628491632
邯郸,邢台,0.04076285472
保定,北京,0.0885232476
保定,天津,0.042199947
廊坊,北京,0.11876257584
廊坊,天津,0.0744876648
聊城,濮阳,0.11046421008
安阳,濮阳,0.0958115563199999
安阳,邯郸,0.04035615696
濮阳,聊城,0.10594347048
濮阳,安阳,0.0920710962
