city_name,city_id_name,num
北京,天津,0.20239326144
北京,廊坊,0.1410784128
北京,保定,0.12235839264
北京,邯郸,0.06565572288
天津,北京,0.20213684784
天津,邯郸,0.06767655948
天津,廊坊,0.06303384036
邯郸,邢台,0.0581727808799999
邯郸,安阳,0.0493022894399999
邯郸,天津,0.04405840776
邢台,邯郸,0.0686797185599999
保定,北京,0.08040636072
廊坊,北京,0.0953957088
廊坊,天津,0.0656894448
聊城,濮阳,0.1001800548
安阳,濮阳,0.08499724632
濮阳,聊城,0.10265031504
濮阳,安阳,0.0845986096799999
