city_name,city_id_name,num
北京,廊坊,0.4323419063999999
北京,天津,0.1924280387999999
北京,保定,0.132518592
北京,邯郸,0.0626702508
天津,北京,0.1681549631999999
天津,廊坊,0.16425136584
天津,邯郸,0.05690243844
邯郸,邢台,0.0867317252399999
邯郸,安阳,0.0460746467999999
邯郸,天津,0.04212539136
邢台,邯郸,0.08845056144
保定,北京,0.0734681502
保定,廊坊,0.0466481786399999
廊坊,北京,0.37352354256
廊坊,天津,0.17215115652
廊坊,保定,0.05336050608
聊城,濮阳,0.08432759664
安阳,濮阳,0.0869740675199999
安阳,邯郸,0.04390176024
濮阳,聊城,0.08376580332
濮阳,安阳,0.0822801888
