city_name,city_id_name,num
北京,天津,0.20947529232
北京,廊坊,0.19191811464
北京,保定,0.13833845172
北京,邯郸,0.0711368406
天津,北京,0.2288944494
天津,廊坊,0.0803000304
天津,邯郸,0.070852968
天津,保定,0.0450703602
邯郸,安阳,0.0526128307199999
邯郸,天津,0.04938133248
邢台,邯郸,0.04104933876
保定,北京,0.0988406517599999
保定,天津,0.0433702447199999
廊坊,北京,0.14320181808
廊坊,天津,0.10058373936
聊城,濮阳,0.1061088336
安阳,濮阳,0.09203507712
濮阳,聊城,0.10570570632
濮阳,安阳,0.0882501642
