city_name,city_id_name,num
北京,天津,0.4521064085999999
北京,呼和浩特,0.0420264611999997
北京,天津,0.4546214035199999
北京,呼和浩特,0.0413722031399997
赤峰,通辽,0.06675535458
赤峰,通辽,0.06011099018999995
哈尔滨,绥化,0.0624795768
大庆,绥化,0.1011379526999999
大庆,绥化,0.10070272511999989
哈尔滨,绥化,0.06437792843999995
