city_name,city_id_name,num
北京,天津,0.3460862311199998
北京,天津,0.35780437799999987
赤峰,通辽,0.06992641386
赤峰,通辽,0.06958748637
哈尔滨,绥化,0.1039899853799999
大庆,绥化,0.0918025390799999
哈尔滨,绥化,0.10475489753999989
大庆,绥化,0.09064103309999991
