city_name,city_id_name,num
天津,北京,0.879100857
赤峰,北京,0.151034949
呼和浩特,北京,0.109726245
北京,天津,0.7591812804
呼伦贝尔,兴安盟,0.0765902952
通辽,兴安盟,0.0543737448
北京,呼和浩特,0.10106036928
赤峰,呼和浩特,0.0481343569199999
通辽,赤峰,0.1104363719999999
北京,赤峰,0.0619386911999999
赤峰,通辽,0.0920260439999999
兴安盟,通辽,0.057952584
兴安盟,呼伦贝尔,0.05043975948
绥化,哈尔滨,0.0598449351599999
呼伦贝尔,齐齐哈尔,0.04922639568
黑河,齐齐哈尔,0.04138111152
大庆,齐齐哈尔,0.04002752376
绥化,大庆,0.1026310985999999
大庆,绥化,0.0951900984
哈尔滨,绥化,0.0604235862
