city_name,city_id_name,num
长沙,岳阳,0.4375825416000001
长沙,益阳,0.35367175799999995
长沙,株洲,0.32849527158
长沙,常德,0.23548302828
长沙,邵阳,0.20689119143999996
长沙,衡阳,0.21389510429999997
长沙,张家界,0.09533827494
长沙,深圳,0.0798576651
长沙,广州,0.08075968272
长沙,湘西土家族苗族自治州,0.07555221864
长沙,重庆,0.04332521682
长沙,株洲,0.32647587353999996
株洲,衡阳,0.048543053759999996
长沙,衡阳,0.22739198039999992
衡阳,广州,0.08143762032
衡阳,邵阳,0.043836976439999994
株洲,衡阳,0.05179754142
衡阳,深圳,0.03995222292
长沙,邵阳,0.20829939263999997
衡阳,邵阳,0.032775715260000005
邵阳,深圳,0.034351377479999945
邵阳,广州,0.03247307982
长沙,岳阳,0.44876682720000005
岳阳,益阳,0.060430459859999994
长沙,常德,0.23369810094
常德,益阳,0.05846540471999995
常德,张家界,0.050248380780000004
长沙,张家界,0.07124369418
张家界,湘西土家族苗族自治州,0.08561197313999999
常德,张家界,0.04413513744
长沙,益阳,0.35370262224
岳阳,益阳,0.05919983981999995
常德,益阳,0.057576651660000006
广州,深圳,0.58733872416
长沙,广州,0.08112139469999995
衡阳,广州,0.08075902337999995
广州,重庆,0.04986869165999995
邵阳,广州,0.0338052123
广州,深圳,0.5643848712599999
长沙,深圳,0.0783578853
深圳,重庆,0.055440234539999994
衡阳,深圳,0.03789438552
邵阳,深圳,0.0363273222599999
重庆,恩施土家族苗族自治州,0.18986466096
深圳,重庆,0.06068234555999995
广州,重庆,0.053516364659999954
长沙,重庆,0.04534152228
重庆,湘西土家族苗族自治州,0.028305419220000003
重庆,恩施土家族苗族自治州,0.20799218232
恩施土家族苗族自治州,湘西土家族苗族自治州,0.04702273236
张家界,湘西土家族苗族自治州,0.12044454084
长沙,湘西土家族苗族自治州,0.07197309108
恩施土家族苗族自治州,湘西土家族苗族自治州,0.0453706272
重庆,湘西土家族苗族自治州,0.02928258054
