city_name,city_id_name,num
沈阳,抚顺,0.20411992386
沈阳,铁岭,0.20015172089999994
沈阳,本溪,0.09623091599999994
沈阳,大连,0.07024895423999995
沈阳,长春,0.03671179848
沈阳,丹东,0.0404516268
沈阳,大连,0.07582358159999995
大连,丹东,0.03371112755999995
沈阳,抚顺,0.21110849856
沈阳,本溪,0.10760753285999994
沈阳,丹东,0.04535606664
大连,丹东,0.035329776480000005
沈阳,铁岭,0.20552109911999994
铁岭,四平,0.04920696539999995
长春,四平,0.34643570723999995
长春,吉林,0.21726507689999996
长春,通化,0.05317306397999995
长春,延边朝鲜族自治州,0.04432726944
白山,长春,0.03869790551999995
长春,辽源,0.039102720839999994
沈阳,长春,0.035448307019999944
长春,吉林,0.22867514027999997
长春,四平,0.3481644708
铁岭,四平,0.051454472399999895
长春,辽源,0.03983124942
辽源,通化,0.037044740879999996
长春,通化,0.05081258951999995
辽源,通化,0.03799428929999995
白山,通化,0.030613958099999998
长春,延边朝鲜族自治州,0.040224587039999996
