city_name,city_id_name,num
长沙,株洲,0.5083421101200001
长沙,岳阳,0.5921357012999999
长沙,益阳,0.45896906717999997
长沙,常德,0.3361698919799999
长沙,衡阳,0.29223738413999995
长沙,邵阳,0.27368011242
长沙,张家界,0.09195560477999995
长沙,湘西土家族苗族自治州,0.08104062798
长沙,广州,0.05457035609999995
长沙,深圳,0.04556653218
长沙,重庆,0.03438042894
长沙,株洲,0.491412582
株洲,衡阳,0.062130026160000004
株洲,邵阳,0.02610802206
长沙,衡阳,0.2932629607799999
衡阳,广州,0.06529074984
株洲,衡阳,0.06168850487999995
衡阳,邵阳,0.04349609928
深圳,衡阳,0.03064950899999995
长沙,邵阳,0.26163746982
衡阳,邵阳,0.045846191159999994
邵阳,深圳,0.03207628674
邵阳,广州,0.03371213843999995
株洲,邵阳,0.026197047539999997
长沙,岳阳,0.70153499142
岳阳,益阳,0.060460269479999953
株洲,岳阳,0.02941492644
常德,岳阳,0.02793423996
长沙,常德,0.34447807655999996
常德,益阳,0.0627123465
常德,张家界,0.05438034306
长沙,张家界,0.09459705689999995
张家界,湘西土家族苗族自治州,0.08169758981999994
常德,张家界,0.054810333180000004
长沙,益阳,0.5214731286600001
常德,益阳,0.06348210084
岳阳,益阳,0.059093533799999945
广州,深圳,0.5920216387199999
衡阳,广州,0.05211074087999995
长沙,广州,0.04176318851999995
邵阳,广州,0.0354124823399999
广州,重庆,0.03126050657999995
广州,深圳,0.5795894752199999
长沙,深圳,0.036581223239999947
邵阳,深圳,0.03203422829999995
重庆,恩施土家族苗族自治州,0.15670688004
广州,重庆,0.03717810252
长沙,重庆,0.03214906686
深圳,重庆,0.030101177879999948
重庆,恩施土家族苗族自治州,0.19233523872
恩施土家族苗族自治州,湘西土家族苗族自治州,0.04720992984
张家界,湘西土家族苗族自治州,0.1025155116
长沙,湘西土家族苗族自治州,0.08156493773999995
恩施土家族苗族自治州,湘西土家族苗族自治州,0.047908546739999947
重庆,湘西土家族苗族自治州,0.02730742632
