city_name,city_id_name,num
长沙,岳阳,0.47566364021999996
长沙,株洲,0.37490057010000005
长沙,益阳,0.38050674048
长沙,常德,0.2261498697
长沙,衡阳,0.20810318796
长沙,邵阳,0.18078466625999995
长沙,张家界,0.09073040687999995
长沙,深圳,0.07125177959999995
长沙,广州,0.0716774184
长沙,湘西土家族苗族自治州,0.07341515028000001
长沙,重庆,0.03834140994
长沙,株洲,0.36960786324
株洲,衡阳,0.05462413523999995
长沙,衡阳,0.21436301375999994
衡阳,广州,0.07655876351999999
衡阳,邵阳,0.04822165386
株洲,衡阳,0.053910300059999944
衡阳,深圳,0.03857057838
长沙,邵阳,0.1752504562799999
邵阳,深圳,0.036473324759999995
衡阳,邵阳,0.0336459339
邵阳,广州,0.030639615659999953
长沙,岳阳,0.5119508529
岳阳,益阳,0.060831669059999954
长沙,常德,0.21837646494000001
常德,益阳,0.05999925636
常德,张家界,0.05799100554
长沙,张家界,0.08633880881999995
张家界,湘西土家族苗族自治州,0.10271360034
常德,张家界,0.05894118414
长沙,益阳,0.3909238686
岳阳,益阳,0.05904783683999995
常德,益阳,0.05760152675999995
广州,深圳,0.63577080144
衡阳,广州,0.07486359551999999
长沙,广州,0.06551509391999999
广州,重庆,0.0463870799999999
邵阳,广州,0.03045058434
广州,深圳,0.60669996462
长沙,深圳,0.06293228579999995
深圳,重庆,0.05295809646
衡阳,深圳,0.0385930899
邵阳,深圳,0.03506775606
重庆,恩施土家族苗族自治州,0.2054809215
深圳,重庆,0.06149795885999995
广州,重庆,0.048722625899999955
长沙,重庆,0.03824608589999995
重庆,湘西土家族苗族自治州,0.030549535559999952
重庆,恩施土家族苗族自治州,0.21827146949999998
恩施土家族苗族自治州,湘西土家族苗族自治州,0.04905886176
张家界,湘西土家族苗族自治州,0.13859025804
长沙,湘西土家族苗族自治州,0.07012035216000001
恩施土家族苗族自治州,湘西土家族苗族自治州,0.04926212639999995
重庆,湘西土家族苗族自治州,0.034667781300000006
