city_name,city_id_name,num
长沙,岳阳,0.43580496744
长沙,益阳,0.33296625936
长沙,株洲,0.20585494386
长沙,衡阳,0.16600020282
长沙,邵阳,0.14798480166
长沙,常德,0.14901809111999997
长沙,深圳,0.039339027
长沙,广州,0.03380096628
湘西土家族苗族自治州,长沙,0.02575652904
长沙,株洲,0.2082179682
株洲,衡阳,0.0359176194
长沙,衡阳,0.16776379800000002
衡阳,广州,0.10163232971999994
衡阳,深圳,0.04173553187999995
株洲,衡阳,0.035863138799999944
衡阳,邵阳,0.029577921119999948
长沙,邵阳,0.13472326295999995
邵阳,深圳,0.04435327205999995
邵阳,广州,0.03550179294
衡阳,邵阳,0.0286805431799999
长沙,岳阳,0.34939755
岳阳,益阳,0.05096811924
长沙,常德,0.14305024602
常德,益阳,0.04148290422
长沙,益阳,0.29046569706
岳阳,益阳,0.05167899953999995
常德,益阳,0.0398899728
广州,深圳,0.72723889152
衡阳,广州,0.06621213456
长沙,广州,0.03480785784
广州,重庆,0.0339360597
邵阳,广州,0.02954915964
广州,深圳,0.74370315888
邵阳,深圳,0.043751469599999954
长沙,深圳,0.04107104675999995
衡阳,深圳,0.041037318359999894
深圳,重庆,0.04524334703999995
重庆,恩施土家族苗族自治州,0.10160364437999994
深圳,重庆,0.05056590563999995
广州,重庆,0.0358446465
重庆,恩施土家族苗族自治州,0.0861977586599999
