city_name,city_id_name,num
长沙,岳阳,0.49695670637999995
长沙,益阳,0.4026705469199999
长沙,株洲,0.39114344502
长沙,常德,0.26375002595999997
长沙,衡阳,0.23661591695999995
长沙,邵阳,0.21998893355999993
长沙,张家界,0.10663972865999996
长沙,湘西土家族苗族自治州,0.08624862180000001
长沙,深圳,0.09813272795999994
长沙,广州,0.0987887258999999
长沙,重庆,0.038536871040000004
长沙,株洲,0.3776171254199999
株洲,衡阳,0.0526379828399999
长沙,衡阳,0.2363383818
衡阳,广州,0.08477508114
衡阳,邵阳,0.043686340739999996
株洲,衡阳,0.05242583735999995
衡阳,深圳,0.0440003016
长沙,邵阳,0.21296643767999995
邵阳,深圳,0.03842938727999995
衡阳,邵阳,0.0333782937
邵阳,广州,0.03263270652
长沙,岳阳,0.45137207879999997
岳阳,益阳,0.056815186860000005
长沙,常德,0.24094479347999995
常德,益阳,0.057370114619999996
常德,张家界,0.052792498439999905
长沙,张家界,0.10273490171999995
张家界,湘西土家族苗族自治州,0.09882729648
常德,张家界,0.0521862085799999
长沙,益阳,0.36591523523999997
岳阳,益阳,0.05886012744
常德,益阳,0.05764227624
广州,深圳,0.72530815446
长沙,广州,0.1153852711199999
衡阳,广州,0.09375815772
广州,重庆,0.050988383819999955
邵阳,广州,0.0344739483
广州,深圳,0.76665064356
长沙,深圳,0.11277130392
深圳,重庆,0.0542812671
衡阳,深圳,0.049044161880000006
邵阳,深圳,0.04301640917999995
重庆,恩施土家族苗族自治州,0.20897549316
深圳,重庆,0.05560156872
广州,重庆,0.04741226783999995
长沙,重庆,0.03651738876
重庆,恩施土家族苗族自治州,0.18132514523999999
恩施土家族苗族自治州,湘西土家族苗族自治州,0.0472095021599999
张家界,湘西土家族苗族自治州,0.13607009856000002
长沙,湘西土家族苗族自治州,0.08086384062
恩施土家族苗族自治州,湘西土家族苗族自治州,0.04809957551999995
重庆,湘西土家族苗族自治州,0.0285594012
