city_name,city_id_name,num
长沙,岳阳,0.35010861660000003
长沙,益阳,0.3093723882
长沙,株洲,0.2117766627
长沙,常德,0.1587701331
长沙,邵阳,0.1317134763
长沙,衡阳,0.1452306915
长沙,深圳,0.03116306519999995
长沙,广州,0.031198097699999948
长沙,湘西土家族苗族自治州,0.02928568769999995
长沙,株洲,0.21741926039999998
株洲,衡阳,0.0380885085
广州,株洲,0.02603139281999995
长沙,衡阳,0.16371576954
衡阳,广州,0.0803374815599999
深圳,衡阳,0.04028840531999995
株洲,衡阳,0.038061308700000004
衡阳,邵阳,0.02586308292
长沙,邵阳,0.13275810899999996
邵阳,深圳,0.02852369316
广州,邵阳,0.030315492539999947
衡阳,邵阳,0.02546478486
长沙,岳阳,0.3604027932
岳阳,益阳,0.053975662199999955
长沙,常德,0.1595841345
常德,益阳,0.045382134059999954
长沙,益阳,0.33259865868000005
岳阳,益阳,0.0520022235599999
常德,益阳,0.044257099140000006
广州,深圳,0.48349376604
衡阳,广州,0.04857836813999995
长沙,广州,0.031151752739999948
广州,深圳,0.47937299633999997
长沙,深圳,0.02968523639999995
深圳,重庆,0.03479022413999995
邵阳,深圳,0.0263760948
重庆,恩施土家族苗族自治州,0.08838028422
深圳,重庆,0.0400592935799999
广州,重庆,0.03287061647999995
重庆,恩施土家族苗族自治州,0.08589677886
长沙,湘西土家族苗族自治州,0.02814325721999995
