city_name,city_id_name,num
长沙,岳阳,0.38602871135999994
长沙,益阳,0.2919815343
长沙,邵阳,0.11691448955999995
长沙,株洲,0.13065959825999995
长沙,常德,0.1218355505999999
长沙,衡阳,0.12541707252
长沙,深圳,0.02766956436
广州,长沙,0.02531028383999995
长沙,株洲,0.13839049745999998
株洲,衡阳,0.02628193392
长沙,衡阳,0.1338799671
衡阳,广州,0.08519891040000001
衡阳,深圳,0.03559815863999995
衡阳,邵阳,0.028325129759999998
株洲,衡阳,0.027227126159999997
长沙,邵阳,0.11067027732
邵阳,深圳,0.03798276786
广州,邵阳,0.038187328500000006
衡阳,邵阳,0.0258129666
长沙,岳阳,0.38578607262
岳阳,益阳,0.04886179685999995
长沙,常德,0.12315610817999995
常德,益阳,0.03441127698
长沙,益阳,0.29527554347999996
岳阳,益阳,0.0488395364399999
常德,益阳,0.03303350423999995
广州,深圳,0.59107452516
衡阳,广州,0.05029220016
广州,深圳,0.5757665360399999
深圳,重庆,0.040363090559999995
邵阳,深圳,0.03085714926
衡阳,深圳,0.03025663632
长沙,深圳,0.0279283707
重庆,恩施土家族苗族自治州,0.1041112116
深圳,重庆,0.04732374456
广州,重庆,0.032867613000000004
重庆,恩施土家族苗族自治州,0.08006647338
