city_name,city_id_name,num
长沙,岳阳,0.41809272659999996
长沙,益阳,0.29829624569999996
长沙,株洲,0.14008055111999995
长沙,邵阳,0.12944029391999995
长沙,常德,0.12085984890000001
长沙,衡阳,0.13665371165999995
长沙,深圳,0.033898916339999946
长沙,广州,0.03006780588
长沙,株洲,0.13847253426
长沙,衡阳,0.16931703293999995
衡阳,广州,0.07826121665999994
衡阳,深圳,0.03566519424
株洲,衡阳,0.03067532855999995
衡阳,邵阳,0.02685616074
长沙,邵阳,0.1480836232799999
邵阳,深圳,0.03739908995999995
广州,邵阳,0.0412881867
衡阳,邵阳,0.02729712473999995
长沙,岳阳,0.5218936061399999
岳阳,益阳,0.0465152868
长沙,常德,0.13442918112000002
常德,益阳,0.03194644373999995
长沙,益阳,0.35756209403999994
岳阳,益阳,0.04714799238
常德,益阳,0.0319189247999999
广州,深圳,0.77668104366
衡阳,广州,0.04635212849999995
长沙,广州,0.02737562184
广州,深圳,0.73267859394
深圳,重庆,0.0427844997
邵阳,深圳,0.03187213434
长沙,深圳,0.03027239891999995
衡阳,深圳,0.02572355556
重庆,恩施土家族苗族自治州,0.09955008377999999
深圳,重庆,0.05021734158
广州,重庆,0.0367291422
重庆,恩施土家族苗族自治州,0.08511038064000001
