city_name,city_id_name,num
长沙,岳阳,0.522145926
长沙,益阳,0.43490468484
长沙,株洲,0.42850033884000005
长沙,衡阳,0.25741397916
长沙,常德,0.24832581480000002
长沙,邵阳,0.20421062280000002
长沙,湘西土家族苗族自治州,0.04412781503999995
长沙,深圳,0.048504737519999896
长沙,广州,0.04406161211999995
长沙,株洲,0.33659728524
株洲,衡阳,0.06228118512
长沙,衡阳,0.17527206707999998
衡阳,广州,0.10054026666
株洲,衡阳,0.05045115132
衡阳,邵阳,0.03761107506
衡阳,深圳,0.03863335499999995
长沙,邵阳,0.13557284928000002
衡阳,邵阳,0.0354189672
长沙,岳阳,0.4079890296
岳阳,益阳,0.057660715079999994
长沙,常德,0.20196560574
常德,益阳,0.0579915126
张家界,常德,0.03077399303999995
长沙,益阳,0.33464846411999993
常德,益阳,0.05986554479999995
岳阳,益阳,0.05898136499999995
广州,深圳,0.72544403358
衡阳,广州,0.1454118237
长沙,广州,0.04512141935999995
邵阳,广州,0.03091780854
广州,重庆,0.028364019479999898
广州,深圳,0.73646294472
长沙,深圳,0.05202861659999995
衡阳,深圳,0.05051920427999995
深圳,重庆,0.03687299171999995
邵阳,深圳,0.0298233576
重庆,恩施土家族苗族自治州,0.09667859004000001
深圳,重庆,0.04021697304
广州,重庆,0.02993868863999995
重庆,恩施土家族苗族自治州,0.0843486534
恩施土家族苗族自治州,湘西土家族苗族自治州,0.03824477694
长沙,湘西土家族苗族自治州,0.04122236124
恩施土家族苗族自治州,湘西土家族苗族自治州,0.03478513734
