city_name,city_id_name,num
长沙,岳阳,0.28960611857999996
长沙,益阳,0.1837715445
长沙,株洲,0.09266232167999999
长沙,邵阳,0.10497443508000001
长沙,衡阳,0.10103753052
长沙,常德,0.07703267507999995
长沙,株洲,0.09269448354
长沙,衡阳,0.12739032162
衡阳,广州,0.06446481875999995
衡阳,深圳,0.029807669519999948
衡阳,邵阳,0.02814587028
株洲,衡阳,0.026459145719999952
长沙,邵阳,0.1300567347
邵阳,深圳,0.03346865082
衡阳,邵阳,0.02899732608
邵阳,广州,0.02875578732
长沙,岳阳,0.33672567671999987
岳阳,益阳,0.04153228344
长沙,常德,0.08699334552
常德,益阳,0.03246991919999995
长沙,益阳,0.19939695804
岳阳,益阳,0.03914521505999995
常德,益阳,0.0309873988799999
广州,深圳,0.5389366152599999
衡阳,广州,0.061434801539999945
广州,重庆,0.030489985980000002
邵阳,广州,0.02904235235999995
长沙,广州,0.02636367749999995
广州,深圳,0.5100100750800001
深圳,重庆,0.03762981684
邵阳,深圳,0.03446939772
长沙,深圳,0.031975214939999996
衡阳,深圳,0.03165732072
重庆,恩施土家族苗族自治州,0.11350194336
深圳,重庆,0.04042007891999995
广州,重庆,0.03038919768
重庆,恩施土家族苗族自治州,0.11651768838
恩施土家族苗族自治州,湘西土家族苗族自治州,0.0358977857399999
恩施土家族苗族自治州,湘西土家族苗族自治州,0.03485025161999995
