city_name,city_id_name,num
长沙,岳阳,0.48932997479999996
长沙,益阳,0.39863194037999994
长沙,株洲,0.3764012992199999
长沙,常德,0.26799808068
长沙,衡阳,0.24920372195999996
长沙,邵阳,0.2253538988999999
长沙,广州,0.08741140109999995
长沙,张家界,0.1033107453
长沙,深圳,0.07910048034
长沙,湘西土家族苗族自治州,0.09677408417999996
长沙,重庆,0.04360281677999995
长沙,株洲,0.37417026761999994
株洲,衡阳,0.05851057679999995
长沙,衡阳,0.2382434694
衡阳,广州,0.0958829724
株洲,衡阳,0.05518461635999995
衡阳,深圳,0.044237281680000004
衡阳,邵阳,0.04506022224
长沙,邵阳,0.22680700973999995
衡阳,邵阳,0.04546094868
邵阳,深圳,0.0395740728
邵阳,广州,0.03344164379999995
长沙,岳阳,0.50806134792
岳阳,益阳,0.061875585719999945
长沙,常德,0.26605853081999997
常德,益阳,0.06550324199999999
常德,张家界,0.05668760538
长沙,张家界,0.10707296849999995
张家界,湘西土家族苗族自治州,0.11353877568
常德,张家界,0.05634835632
长沙,益阳,0.4129981975799999
常德,益阳,0.06551489952
岳阳,益阳,0.06190206299999995
广州,深圳,0.6126166728
衡阳,广州,0.09300978899999995
长沙,广州,0.07219424538
广州,重庆,0.049999550399999995
邵阳,广州,0.03252810959999995
广州,深圳,0.59255609616
长沙,深圳,0.06315634313999999
深圳,重庆,0.0541467309599999
衡阳,深圳,0.04101174666
邵阳,深圳,0.03812243939999995
重庆,恩施土家族苗族自治州,0.17958951936
深圳,重庆,0.0616078871999999
广州,重庆,0.05590875636
长沙,重庆,0.04425391583999995
重庆,湘西土家族苗族自治州,0.02978599878
重庆,恩施土家族苗族自治州,0.21647579508
恩施土家族苗族自治州,湘西土家族苗族自治州,0.050572654559999944
张家界,湘西土家族苗族自治州,0.159260256
长沙,湘西土家族苗族自治州,0.09927247410000001
恩施土家族苗族自治州,湘西土家族苗族自治州,0.04927844628
重庆,湘西土家族苗族自治州,0.03061240128
