city_name,city_id_name,num
长沙,岳阳,0.47079278946
长沙,益阳,0.39638971133999995
长沙,株洲,0.3054807189
长沙,常德,0.20746788551999995
长沙,衡阳,0.18663956009999993
长沙,邵阳,0.16435488384
长沙,湘西土家族苗族自治州,0.03507285095999995
长沙,深圳,0.03409953876
长沙,广州,0.03105172098
长沙,株洲,0.3079503279
株洲,衡阳,0.04626601092
长沙,衡阳,0.1490305635
衡阳,广州,0.06967004399999994
株洲,衡阳,0.0412219287
衡阳,邵阳,0.03150852696
衡阳,深圳,0.02788825949999995
长沙,邵阳,0.12770374140000001
衡阳,邵阳,0.02937079764
深圳,邵阳,0.02611873836
长沙,岳阳,0.46118208437999997
岳阳,益阳,0.055494259919999955
长沙,常德,0.1811620728
常德,益阳,0.0525696237
长沙,益阳,0.3510709695
岳阳,益阳,0.0545914323
常德,益阳,0.05240889378
广州,深圳,0.5513998698
衡阳,广州,0.07429998131999994
长沙,广州,0.02914892405999995
广州,深圳,0.525494709
长沙,深圳,0.03115706148
深圳,重庆,0.033134187239999946
衡阳,深圳,0.02875339781999995
重庆,恩施土家族苗族自治州,0.09961348734
深圳,重庆,0.036997271639999996
广州,重庆,0.028990410299999998
重庆,恩施土家族苗族自治州,0.09373489776
恩施土家族苗族自治州,湘西土家族苗族自治州,0.03821348664
恩施土家族苗族自治州,湘西土家族苗族自治州,0.03714841116
长沙,湘西土家族苗族自治州,0.03014700119999995
