city_name,city_id_name,num
长沙,岳阳,0.44798798628000003
长沙,株洲,0.37073348784000004
长沙,益阳,0.36525811787999996
长沙,常德,0.26581950144
长沙,邵阳,0.23362897716
长沙,衡阳,0.22107657726
长沙,张家界,0.0778861089
长沙,湘西土家族苗族自治州,0.07003614942
长沙,广州,0.04175448102
长沙,深圳,0.03612583152
长沙,重庆,0.03239997246
长沙,株洲,0.35869319748
株洲,衡阳,0.04923915155999995
长沙,衡阳,0.21575034773999996
衡阳,广州,0.053595827279999994
株洲,衡阳,0.048290892659999946
衡阳,邵阳,0.03652463016
长沙,邵阳,0.21798357767999998
衡阳,邵阳,0.03567141828
邵阳,广州,0.02827327355999995
长沙,岳阳,0.46260259272
岳阳,益阳,0.0541042902
长沙,常德,0.24645074904
常德,益阳,0.0563412267
常德,张家界,0.04768607376
长沙,张家界,0.07709096916
张家界,湘西土家族苗族自治州,0.07125984881999996
常德,张家界,0.049308247799999996
长沙,益阳,0.3670402086
常德,益阳,0.05816178431999995
岳阳,益阳,0.0547090686
广州,深圳,0.40151922264
衡阳,广州,0.04834991088
长沙,广州,0.0351566244
邵阳,广州,0.02854035648
广州,深圳,0.40975390943999995
长沙,深圳,0.032799696119999944
邵阳,深圳,0.02808260279999995
重庆,深圳,0.02529653976
重庆,恩施土家族苗族自治州,0.13350524975999994
广州,重庆,0.033711053039999994
长沙,重庆,0.0289385379
重庆,恩施土家族苗族自治州,0.1574630199
恩施土家族苗族自治州,湘西土家族苗族自治州,0.0440044731
张家界,湘西土家族苗族自治州,0.08973278495999995
长沙,湘西土家族苗族自治州,0.06836907222
恩施土家族苗族自治州,湘西土家族苗族自治州,0.040839759360000005
