city_name,city_id_name,num
长沙,岳阳,0.51908529402
长沙,益阳,0.40261227552
长沙,株洲,0.42605437211999997
长沙,常德,0.27737628012
长沙,邵阳,0.24261164225999998
长沙,衡阳,0.2464423785
长沙,张家界,0.08680654008
长沙,湘西土家族苗族自治州,0.0786225933
长沙,广州,0.05296587732
长沙,深圳,0.04427593488
长沙,重庆,0.033253393320000005
长沙,株洲,0.41573256966
株洲,衡阳,0.05144822892
长沙,衡阳,0.25130830445999996
衡阳,广州,0.0742115682
株洲,衡阳,0.051419276279999995
衡阳,邵阳,0.037170809279999995
长沙,邵阳,0.23613372882
衡阳,邵阳,0.03344446584
邵阳,广州,0.033116577839999994
长沙,岳阳,0.4622088938400001
岳阳,益阳,0.06054510078
长沙,常德,0.2498622066
常德,益阳,0.06012561312
常德,张家界,0.04781581308
长沙,张家界,0.0885955239
张家界,湘西土家族苗族自治州,0.07557876558
常德,张家界,0.04690506042
长沙,益阳,0.36393732864
常德,益阳,0.06147831311999995
岳阳,益阳,0.0585774828
广州,深圳,0.51496733016
衡阳,广州,0.07599543119999999
长沙,广州,0.057373701299999996
邵阳,广州,0.03964902534
广州,重庆,0.03174438762
广州,深圳,0.55171709658
长沙,深圳,0.049141544940000004
邵阳,深圳,0.0367076723399999
深圳,重庆,0.03087126594
衡阳,深圳,0.02694216167999995
重庆,恩施土家族苗族自治州,0.11757067541999999
长沙,重庆,0.03480364907999995
深圳,重庆,0.0342964854
广州,重庆,0.030720699900000002
重庆,恩施土家族苗族自治州,0.1292276511
恩施土家族苗族自治州,湘西土家族苗族自治州,0.0435370707
张家界,湘西土家族苗族自治州,0.09451473012
长沙,湘西土家族苗族自治州,0.07973882513999996
恩施土家族苗族自治州,湘西土家族苗族自治州,0.04387395618
重庆,湘西土家族苗族自治州,0.0292393475999999
