city_name,city_id_name,num
长沙,岳阳,0.41733099773999993
长沙,益阳,0.34812757854
长沙,株洲,0.3331365489
长沙,常德,0.22656929418
长沙,衡阳,0.20908299474
长沙,邵阳,0.19842443964
长沙,张家界,0.10034611614
长沙,广州,0.0877901004
长沙,深圳,0.07297892964
长沙,湘西土家族苗族自治州,0.08154075438
长沙,重庆,0.03986587854
长沙,株洲,0.32687714753999997
株洲,衡阳,0.04874805018
长沙,衡阳,0.20980439694
衡阳,广州,0.08861842746
株洲,衡阳,0.04901535018
衡阳,邵阳,0.03928806828
衡阳,深圳,0.03685072644
长沙,邵阳,0.1907415945
衡阳,邵阳,0.03902833691999995
邵阳,深圳,0.032852469239999946
邵阳,广州,0.0326965653
长沙,岳阳,0.41758854209999996
岳阳,益阳,0.0595812186
长沙,常德,0.21830767973999995
常德,益阳,0.05887975535999995
常德,张家界,0.05383932947999995
长沙,张家界,0.09881199071999999
张家界,湘西土家族苗族自治州,0.11290949963999991
常德,张家界,0.05513603256
长沙,益阳,0.3361093104599999
常德,益阳,0.05930190144
岳阳,益阳,0.05875758468
广州,深圳,0.5509060614
衡阳,广州,0.09258429437999999
长沙,广州,0.08300608973999996
广州,重庆,0.055411897499999946
邵阳,广州,0.03658597632
广州,深圳,0.5172050556000001
长沙,深圳,0.06030688788
深圳,重庆,0.05454191375999995
衡阳,深圳,0.03745782144
邵阳,深圳,0.03491853624
重庆,恩施土家族苗族自治州,0.17256854465999993
深圳,重庆,0.0590838251399999
广州,重庆,0.051749945820000004
长沙,重庆,0.04116533886
重庆,湘西土家族苗族自治州,0.02934632105999995
重庆,恩施土家族苗族自治州,0.20011461965999988
恩施土家族苗族自治州,湘西土家族苗族自治州,0.04816997423999995
张家界,湘西土家族苗族自治州,0.15583164749999995
长沙,湘西土家族苗族自治州,0.08191399914
恩施土家族苗族自治州,湘西土家族苗族自治州,0.04856829659999995
重庆,湘西土家族苗族自治州,0.03113514612
