city_name,city_id_name,num
长沙,岳阳,0.31977028044
长沙,益阳,0.21820772088
长沙,株洲,0.106794855
长沙,衡阳,0.11652089598
长沙,邵阳,0.12042033156
长沙,常德,0.08928950922000001
长沙,株洲,0.11413819674
长沙,衡阳,0.14815685699999998
衡阳,广州,0.07322269266
衡阳,深圳,0.03297688685999995
衡阳,邵阳,0.02822760252
株洲,衡阳,0.02519231219999995
长沙,邵阳,0.15657711317999995
邵阳,深圳,0.03494589803999995
邵阳,广州,0.030262107059999897
衡阳,邵阳,0.02720622005999995
长沙,岳阳,0.37914856164
岳阳,益阳,0.04613053518
长沙,常德,0.09971543555999995
常德,益阳,0.03259029168
长沙,益阳,0.2522647962
岳阳,益阳,0.04140347724
常德,益阳,0.033575478480000004
广州,深圳,0.57718357758
衡阳,广州,0.06992886168000001
长沙,广州,0.0351807138
广州,重庆,0.0318108141
邵阳,广州,0.02899732121999995
广州,深圳,0.53612526078
长沙,深圳,0.03786557868
深圳,重庆,0.039170265120000006
衡阳,深圳,0.034380198900000006
邵阳,深圳,0.034320544019999996
重庆,恩施土家族苗族自治州,0.12595795974000001
深圳,重庆,0.0423844974
广州,重庆,0.032576409900000006
重庆,恩施土家族苗族自治州,0.13413076253999995
恩施土家族苗族自治州,湘西土家族苗族自治州,0.03666757247999995
恩施土家族苗族自治州,湘西土家族苗族自治州,0.03322282877999995
长沙,湘西土家族苗族自治州,0.02648567807999995
