city_name,city_id_name,num
长沙,岳阳,0.4017582665999999
长沙,益阳,0.32815862424
长沙,株洲,0.3052859058
长沙,衡阳,0.18211509936
长沙,常德,0.19954193832
长沙,邵阳,0.17030575943999998
长沙,湘西土家族苗族自治州,0.04521035736
长沙,深圳,0.04142654604
长沙,广州,0.03773953944
长沙,株洲,0.26986664052
株洲,衡阳,0.04350629555999995
长沙,衡阳,0.15473567214
衡阳,广州,0.0920026026
株洲,衡阳,0.03879040752
衡阳,邵阳,0.030629817900000002
长沙,邵阳,0.13858331957999998
衡阳,邵阳,0.027854038619999952
长沙,岳阳,0.3836378052
岳阳,益阳,0.05431170528
长沙,常德,0.19274544215999995
常德,益阳,0.05003695295999995
张家界,常德,0.034167792599999997
长沙,益阳,0.30923069651999996
岳阳,益阳,0.05384832371999995
常德,益阳,0.05067871271999995
广州,深圳,0.52840339794
衡阳,广州,0.12606200748000002
长沙,广州,0.03711096648
邵阳,广州,0.03082185918
广州,重庆,0.02837854116
广州,深圳,0.5059465885800001
衡阳,深圳,0.04824992933999995
长沙,深圳,0.03934948248
邵阳,深圳,0.03538289141999995
深圳,重庆,0.03558819078
重庆,恩施土家族苗族自治州,0.09316419768
深圳,重庆,0.03821295527999995
广州,重庆,0.02902207805999995
重庆,恩施土家族苗族自治州,0.0862706781
恩施土家族苗族自治州,湘西土家族苗族自治州,0.0349877151
长沙,湘西土家族苗族自治州,0.044549773200000004
恩施土家族苗族自治州,湘西土家族苗族自治州,0.03494295612
