city_name,city_id_name,num
沈阳,铁岭,0.22919095152000002
沈阳,抚顺,0.21459321575999996
沈阳,本溪,0.10416826961999995
沈阳,大连,0.07508664197999995
沈阳,丹东,0.0567723265199999
沈阳,长春,0.0426767697
沈阳,大连,0.08160032339999995
大连,丹东,0.03997873584
沈阳,抚顺,0.25296445151999997
沈阳,本溪,0.13158676637999994
沈阳,丹东,0.06673440959999995
大连,丹东,0.04159341576
沈阳,铁岭,0.260380089
铁岭,四平,0.05046120504
长春,四平,0.43503380208000003
长春,吉林,0.34725481488
长春,延边朝鲜族自治州,0.10041605640000001
长春,通化,0.09905879447999999
长春,白山,0.07189578792000001
长春,辽源,0.05817433608
沈阳,长春,0.0430466886
长春,吉林,0.40730526648
吉林,延边朝鲜族自治州,0.05655602736
长春,四平,0.49178447892000005
铁岭,四平,0.054055840859999996
长春,辽源,0.06757272071999995
辽源,通化,0.04814246826
长春,通化,0.1201439628
通化,白山,0.05271420059999995
辽源,通化,0.0527677497
吉林,通化,0.04951824516
长春,白山,0.08547914124
通化,白山,0.04687035839999995
延边朝鲜族自治州,白山,0.03407297886
长春,延边朝鲜族自治州,0.11115816462
吉林,延边朝鲜族自治州,0.05568255576
