city_name,city_id_name,num
长沙,岳阳,0.32514623748
长沙,益阳,0.17997592824000003
长沙,衡阳,0.10657530288
长沙,邵阳,0.10085439113999994
长沙,常德,0.08534316491999999
长沙,株洲,0.06492384738
长沙,株洲,0.06864351155999995
长沙,衡阳,0.10784005308
衡阳,广州,0.05802917274
邵阳,衡阳,0.025800907319999948
长沙,邵阳,0.10501149905999996
邵阳,深圳,0.03429587303999995
广州,邵阳,0.0275623106399999
长沙,岳阳,0.28312525674
岳阳,益阳,0.03735278063999995
长沙,常德,0.0884576943
常德,益阳,0.02639429711999995
长沙,益阳,0.17023626792000002
岳阳,益阳,0.0333372672
常德,益阳,0.02739508289999995
广州,深圳,0.7020908085600001
衡阳,广州,0.051624216
广州,重庆,0.02639471832
长沙,广州,0.025289884799999947
广州,深圳,0.72730418076
邵阳,深圳,0.03703861241999995
深圳,重庆,0.0342209853
衡阳,深圳,0.03171830562
长沙,深圳,0.02607324552
重庆,恩施土家族苗族自治州,0.0854300763
深圳,重庆,0.034873940879999996
广州,重庆,0.026841457620000002
重庆,恩施土家族苗族自治州,0.07004816334
