city_name,city_id_name,num
天津,北京,0.47187785088
保定,北京,0.1146925332
廊坊,北京,0.1040907024
北京,天津,0.2602575359999999
沧州,天津,0.12113805312
廊坊,天津,0.07152012288
邯郸,天津,0.0456971673599999
天津,邯郸,0.0622001851199999
邢台,邯郸,0.06088145328
北京,邯郸,0.0587934611999999
邯郸,邢台,0.06060472488
北京,保定,0.13078334844
沧州,保定,0.07126759404
天津,沧州,0.15899542164
保定,沧州,0.0678924244799999
衡水,沧州,0.0551775887999999
北京,廊坊,0.17909435016
天津,廊坊,0.0745920252
沧州,衡水,0.05224266072
聊城,济南,0.1628758044
济南,聊城,0.1426190911199999
