city_name,city_id_name,num
运城,临汾,0.13565885184
临汾,运城,0.12797856144
西安,咸阳,0.08979804828
咸阳,西安,0.08439082848
