city_name,city_id_name,num
晋中,吕梁,0.1510881093
晋中,临汾,0.05943513996
忻州,榆林,0.06770539548
晋中,临汾,0.06109903548
临汾,吕梁,0.04667684615999999
晋中,吕梁,0.14620725666
吕梁,榆林,0.07485352397999995
临汾,吕梁,0.04511762856
包头,鄂尔多斯,0.18392453244
鄂尔多斯,榆林,0.20548744848
包头,鄂尔多斯,0.16666522253999994
延安,榆林,0.05094227375999995
鄂尔多斯,榆林,0.19058721011999996
吕梁,榆林,0.07387664129999995
忻州,榆林,0.06024785832
延安,榆林,0.04676582628
银川,吴忠,0.4217056084799998
鄂尔多斯,银川,0.0508258233
银川,吴忠,0.41757996257999985
