city_name,city_id_name,num
晋中,吕梁,0.10226230884
忻州,榆林,0.05221691244
晋中,吕梁,0.10651766003999999
吕梁,榆林,0.05066028036
包头,鄂尔多斯,0.13806023291999994
鄂尔多斯,榆林,0.17972084304
包头,鄂尔多斯,0.1389280993199999
延安,榆林,0.04794351768
鄂尔多斯,榆林,0.18753783714
吕梁,榆林,0.05304389328
忻州,榆林,0.04698250128
延安,榆林,0.04266484001999995
银川,吴忠,0.40569717347999995
鄂尔多斯,银川,0.04660622064
银川,吴忠,0.41263921206
