city_name,city_id_name,num
晋中,吕梁,0.1332669024
晋中,临汾,0.04951219931999995
榆林,忻州,0.06552499049999995
晋中,忻州,0.041087645279999904
晋中,临汾,0.05821920197999985
吕梁,临汾,0.04902598061999995
晋中,吕梁,0.14487597791999995
吕梁,榆林,0.057487342679999956
包头,鄂尔多斯,0.17596019447999994
鄂尔多斯,榆林,0.23016364002
包头,鄂尔多斯,0.13293237239999994
延安,榆林,0.13257933551999995
鄂尔多斯,榆林,0.27098486658
延安,榆林,0.1511845235999999
银川,榆林,0.060577620659999845
吕梁,榆林,0.050055741720000005
银川,吴忠,0.5227768106999999
银川,吴忠,0.6633573732
