city_name,city_id_name,num
北京,廊坊,0.76363391034
北京,天津,0.23991197868
北京,保定,0.15603121854000002
北京,张家口,0.07381648745999995
北京,唐山,0.05180077656
天津,唐山,0.22026568464000001
天津,廊坊,0.20991625146
天津,沧州,0.13538697534
天津,邯郸,0.06636734513999999
石家庄,保定,0.05868427319999995
石家庄,邢台,0.059123557259999945
唐山,秦皇岛,0.09933591978
唐山,承德,0.05161011875999995
邯郸,邢台,0.10331194085999995
保定,沧州,0.07850267118
保定,廊坊,0.0788291433
沧州,衡水,0.06647582682
沧州,廊坊,0.06370356132
