city_name,city_id_name,num
北京,廊坊,0.52863446988
北京,保定,0.29466686412
北京,天津,0.20289087359999994
北京,张家口,0.12386188061999995
天津,沧州,0.12187505105999999
天津,唐山,0.14275710377999995
天津,廊坊,0.14049401885999996
石家庄,邢台,0.15542702334
石家庄,保定,0.14507778455999995
唐山,秦皇岛,0.10277137764
邯郸,邢台,0.08036087759999999
保定,沧州,0.06009239826
保定,廊坊,0.07737819192
沧州,衡水,0.06680429964000001
