city_name,city_id_name,num
天津,北京,0.36606769343999995
保定,北京,0.12273794082
廊坊,北京,0.14159252628
张家口,北京,0.05544509453999995
唐山,天津,0.22445195255999995
沧州,天津,0.14006673738
廊坊,天津,0.07305607404
邯郸,天津,0.053948676239999896
秦皇岛,唐山,0.09785565288
承德,唐山,0.047924270459999904
邢台,邯郸,0.06074308908
沧州,保定,0.06958000925999995
衡水,沧州,0.05371012475999995
