city_name,city_id_name,num
廊坊,北京,0.54201224358
天津,北京,0.1746659052
保定,北京,0.11278867031999995
张家口,北京,0.05190619968
唐山,天津,0.19868827932
廊坊,天津,0.18527216021999998
沧州,天津,0.10931742989999996
秦皇岛,唐山,0.09076051296
承德,唐山,0.04341549942
邢台,邯郸,0.09459690947999995
廊坊,保定,0.06573914316
沧州,保定,0.06902847215999999
廊坊,沧州,0.0577357956
衡水,沧州,0.05923278252
