city_name,city_id_name,num
北京,天津,0.19002142674
北京,天津,0.21176939538
沈阳,大连,0.05044154634
北京,沈阳,0.02459852226
沈阳,大连,0.05143424507999995
长春,松原,0.0977623424999999
长春,松原,0.1061374994999999
哈尔滨,绥化,0.05752373598
哈尔滨,齐齐哈尔,0.02596481568
哈尔滨,大庆,0.0235646334
哈尔滨,齐齐哈尔,0.028042407359999952
大庆,绥化,0.03210150366
哈尔滨,大庆,0.0270356454
哈尔滨,绥化,0.07393134222
大庆,绥化,0.03566654208
