city_name,city_id_name,num
北京,廊坊,0.7469352144
北京,保定,0.3085464311999999
北京,天津,0.2371331376
北京,张家口,0.1185665688
北京,石家庄,0.058087368
天津,廊坊,0.26919309312
天津,北京,0.26316347904
天津,保定,0.07741246464
石家庄,保定,0.233232534
石家庄,北京,0.0742992264
石家庄,天津,0.0441326232
保定,北京,0.35347253364
保定,石家庄,0.21170855952
保定,廊坊,0.1312362323999999
保定,天津,0.08090497404
张家口,北京,0.1853819783999999
张家口,大同,0.0462614846399999
张家口,保定,0.04525336512
廊坊,北京,1.051898562
廊坊,天津,0.305408961
廊坊,保定,0.167965083
乌兰察布,大同,0.0469741355999999
