city_name,city_id_name,num
北京,廊坊,0.7122177719999999
北京,保定,0.4850652599999999
北京,天津,0.2934053279999999
北京,张家口,0.2490396029999999
北京,石家庄,0.0668443589999999
北京,大同,0.064478187
北京,济南,0.043774182
天津,廊坊,0.17623650816
天津,北京,0.1489035312
天津,保定,0.08118302112
石家庄,保定,0.1533733056
保定,北京,0.11330073612
保定,石家庄,0.0857138436
保定,廊坊,0.06713050608
张家口,北京,0.0538137432
廊坊,北京,0.47060246376
廊坊,天津,0.1891550232
廊坊,保定,0.10638383184
