city_name,city_id_name,num
北京,廊坊,0.52190861544
北京,天津,0.1919827331999999
北京,保定,0.1374691176
北京,张家口,0.06257215008
天津,廊坊,0.16818239952
天津,北京,0.1570785696
石家庄,保定,0.0526725179999999
保定,北京,0.08795135196
保定,廊坊,0.05707910268
张家口,北京,0.0411251742
廊坊,北京,0.56201852916
廊坊,天津,0.20239184556
廊坊,保定,0.0743694015599999
