city_name,city_id_name,num
北京,廊坊,2.50203478392
北京,保定,1.4812349504400002
北京,天津,1.3560067180800002
北京,张家口,0.56415951144
北京,石家庄,0.36556524396
北京,济南,0.158116455
北京,大同,0.08095562496
天津,北京,0.8035265059200001
天津,廊坊,0.494574984
天津,保定,0.19404175968
天津,石家庄,0.09007578432
天津,济南,0.05808625344
石家庄,保定,0.4535540568
石家庄,北京,0.1987798643999999
石家庄,天津,0.08371152036
石家庄,廊坊,0.0587940444
石家庄,张家口,0.04031591616
保定,北京,0.74357129088
保定,石家庄,0.4590210124799999
保定,廊坊,0.21561697152
保定,天津,0.1576381824
保定,张家口,0.04328370432
张家口,北京,0.30164740848
张家口,大同,0.0802515859199999
张家口,石家庄,0.05596492176
张家口,保定,0.0542930137199999
张家口,天津,0.0523571202
张家口,乌兰察布,0.04232567196
廊坊,北京,1.450436544
廊坊,天津,0.52123134528
廊坊,保定,0.28360663488
廊坊,石家庄,0.07653367296
大同,张家口,0.05648198688
大同,北京,0.05244240672
乌兰察布,大同,0.056055483
济南,北京,0.0976807998
济南,天津,0.0432860014799999
