city_name,city_id_name,num
北京,廊坊,0.7822547946
北京,保定,0.2864359098
北京,天津,0.20335274532
北京,张家口,0.10653405768
天津,北京,0.20240648064
天津,廊坊,0.18116028756
天津,保定,0.06033270096
石家庄,保定,0.07983545976
保定,北京,0.24935893092
保定,廊坊,0.10178687772
保定,天津,0.0649569294
保定,石家庄,0.06129916056
张家口,北京,0.1038772997999999
廊坊,北京,0.72821119932
廊坊,天津,0.210418884
廊坊,保定,0.1102271230799999
