city_name,city_id_name,num
北京,廊坊,0.46167276456
北京,天津,0.19999831824
北京,保定,0.13951978488
北京,张家口,0.0694604937599999
天津,廊坊,0.23295932748
天津,北京,0.2310513886799999
天津,保定,0.04273782912
保定,北京,0.14846883012
保定,廊坊,0.08240964948
保定,天津,0.04699732752
张家口,北京,0.06339784464
廊坊,北京,0.8152212340800001
廊坊,天津,0.27690412464
廊坊,保定,0.09963619488
