city_name,city_id_name,num
北京,廊坊,0.40273560288
北京,天津,0.21339921096
北京,保定,0.1469098425599999
北京,张家口,0.06743921652
天津,北京,0.20055380004
天津,廊坊,0.095631921
天津,保定,0.04062079692
保定,北京,0.1100597544
保定,天津,0.0444555086399999
张家口,北京,0.0514902906
廊坊,北京,0.24121052856
廊坊,天津,0.16759358136
廊坊,保定,0.06406974936
