city_name,city_id_name,num
北京,廊坊,0.9145332216000002
北京,保定,0.325989684
北京,天津,0.3052849338
北京,张家口,0.1374442992
北京,石家庄,0.0850216338
北京,济南,0.055065825
天津,廊坊,0.30638752848
天津,北京,0.28093237128
天津,保定,0.09117574488
天津,石家庄,0.04674492504
石家庄,保定,0.26251855704
石家庄,北京,0.0948128652
石家庄,天津,0.06315058728
石家庄,廊坊,0.04123054872
保定,北京,0.3966720822
保定,石家庄,0.2484870857999999
保定,廊坊,0.1540653534
保定,天津,0.1061824464
张家口,北京,0.171456912
廊坊,北京,0.949644162
廊坊,天津,0.33541040196
廊坊,保定,0.1574255476799999
济南,北京,0.04184786592
