city_name,city_id_name,num
北京,廊坊,0.45081124452
北京,天津,0.2132837406
北京,保定,0.13011842592
北京,张家口,0.06045596676
天津,北京,0.17001726984
天津,廊坊,0.16541332056
保定,北京,0.08602275168
保定,廊坊,0.04716495216
廊坊,北京,0.58071249648
廊坊,天津,0.18945317124
廊坊,保定,0.05589418932
