city_name,city_id_name,num
北京,廊坊,0.52418501352
北京,天津,0.1959570144
北京,保定,0.15956499744
北京,张家口,0.07943257548
天津,北京,0.1800195516
天津,廊坊,0.176128344
天津,保定,0.0522241019999999
保定,北京,0.103915224
保定,廊坊,0.05376774816
保定,天津,0.0419013
张家口,北京,0.04492396728
廊坊,北京,0.52381116288
廊坊,天津,0.20000483712
廊坊,保定,0.06473810304
