city_name,city_id_name,num
定西,兰州,0.12723012144
武威,兰州,0.05679103752
酒泉,嘉峪关,0.15288309036
武威,金昌,0.039295854
兰州,武威,0.06680054772
金昌,武威,0.0436700484
嘉峪关,酒泉,0.1078246403999999
哈密,酒泉,0.0475071803999999
兰州,定西,0.183050523
海北藏族自治州,西宁,0.1050308532
西宁,海北藏族自治州,0.0463644
