city_name,city_id_name,num
酒泉,嘉峪关,0.10937581632
嘉峪关,酒泉,0.0801250963199999
哈密,酒泉,0.03932360784
兰州,定西,0.079658964
