city_name,city_id_name,num
兰州,西安,0.03587959152
定西,兰州,0.1976531382
武威,兰州,0.1100097935999999
酒泉,兰州,0.0528510906
张掖,兰州,0.0525197357999999
西安,兰州,0.047218059
西宁,兰州,0.0465553494
酒泉,嘉峪关,0.115893504
武威,金昌,0.04130148528
兰州,武威,0.0857172455999999
金昌,武威,0.0396699897599999
酒泉,张掖,0.04898444544
兰州,张掖,0.0397373817599999
嘉峪关,酒泉,0.10579198428
哈密,酒泉,0.04461514992
兰州,酒泉,0.03747973032
兰州,定西,0.18388435968
海北藏族自治州,西宁,0.05616510516
兰州,西宁,0.0509950954799999
西宁,海北藏族自治州,0.0575035362
