city_name,city_id_name,num
定西,兰州,0.0627989112
兰州,武威,0.03919754916
哈密,酒泉,0.0441121949999999
兰州,定西,0.07906154364
海北藏族自治州,西宁,0.05788913508
西宁,海北藏族自治州,0.0616556124
