city_name,city_id_name,num
晋中,吕梁,0.12657485412
晋中,临汾,0.0553690565999999
忻州,榆林,0.0609668532
忻州,鄂尔多斯,0.0419378050799999
临汾,晋中,0.0464840791199999
临汾,吕梁,0.0417471796799999
吕梁,晋中,0.11872408464
吕梁,榆林,0.0635910004799999
吕梁,临汾,0.0420546394799999
包头,鄂尔多斯,0.1537127118
鄂尔多斯,榆林,0.17599533552
鄂尔多斯,包头,0.1597110696
鄂尔多斯,银川,0.04342470912
榆林,鄂尔多斯,0.1837496793599999
榆林,忻州,0.0723788524799999
榆林,吕梁,0.05525893872
银川,吴忠,0.38645268804
吴忠,银川,0.37459996128
