city_name,city_id_name,num
晋中,吕梁,0.1444488422399999
晋中,临汾,0.06532061616
忻州,榆林,0.0681178345199999
临汾,晋中,0.05163731856
临汾,吕梁,0.05127672276
吕梁,晋中,0.12024100728
吕梁,榆林,0.0808562088
吕梁,临汾,0.0418191789599999
包头,鄂尔多斯,0.15038122392
鄂尔多斯,榆林,0.24448293504
鄂尔多斯,包头,0.18983685528
鄂尔多斯,银川,0.04493409876
鄂尔多斯,忻州,0.04299170256
延安,榆林,0.0834381032399999
榆林,鄂尔多斯,0.221611302
榆林,延安,0.0817246421999999
榆林,忻州,0.0747171701999999
榆林,吕梁,0.0532567872
榆林,银川,0.0410813046
银川,吴忠,0.43232688576
吴忠,银川,0.41347755072
