city_name,city_id_name,num
上海,苏州,1.3046829408000002
上海,杭州,0.3281305593600001
苏州,上海,1.18968470712
杭州,金华,0.261494325
杭州,上海,0.25772880672
金华,杭州,0.3044144851199999
郑州,开封,0.4531778798399999
郑州,许昌,0.28992125232
郑州,周口,0.27705373488
开封,郑州,0.43531045272
许昌,郑州,0.28742173812
周口,郑州,0.3517253118
