city_name,city_id_name,num
上海,苏州,2.06698962888
上海,杭州,0.5524834392
上海,北京,0.25256385792
苏州,上海,1.80748666296
杭州,上海,0.4628493576
杭州,金华,0.4082906898
金华,杭州,0.43307007048
郑州,开封,0.61008348204
郑州,许昌,0.36800317872
郑州,周口,0.3032428428
开封,郑州,0.6289522668
许昌,郑州,0.43535519712
商丘,郑州,0.40890755016
周口,郑州,0.5517061048799999
驻马店,郑州,0.3341324746799999
