city_name,city_id_name,num
上海,苏州,1.69233899076
上海,杭州,0.4869504961199999
苏州,上海,1.70368130736
杭州,上海,0.598216671
杭州,金华,0.5590880334
金华,杭州,0.97595813952
郑州,开封,0.6629709383999999
郑州,周口,0.4840556371199999
郑州,许昌,0.3786751036799999
郑州,商丘,0.32308976736
郑州,驻马店,0.25939823616
开封,郑州,0.99969730848
许昌,郑州,0.66743609904
漯河,郑州,0.25260033708
商丘,郑州,0.7318523664
周口,郑州,1.1215412442
驻马店,郑州,0.59894686656
