city_name,city_id_name,num
北京,廊坊,0.5157915602400001
北京,天津,0.1916394163199999
北京,保定,0.1080495595799999
北京,天津,0.20249191538999994
天津,廊坊,0.17742547962
天津,邯郸,0.05130584226
邯郸,邢台,0.08032981572
北京,邯郸,0.0718312131
天津,邯郸,0.05667208172999995
邯郸,邢台,0.08002984436999999
北京,保定,0.11911433696999994
保定,廊坊,0.05153360778
北京,廊坊,0.48333135051000004
天津,廊坊,0.17141608556999993
保定,廊坊,0.04933640421
聊城,濮阳,0.0923641639199999
安阳,濮阳,0.0807487542
邯郸,安阳,0.04587241734
聊城,濮阳,0.09007390835999995
安阳,濮阳,0.0813995001
