city_name,city_id_name,num
北京,廊坊,0.52727857524
北京,天津,0.1845167202
北京,保定,0.1117609682399999
天津,廊坊,0.19182537936
北京,天津,0.18530467524
邯郸,邢台,0.0919769288399999
天津,邯郸,0.0609273689399999
北京,邯郸,0.0531671720399999
邯郸,安阳,0.0449483871599999
邯郸,邢台,0.0909369973799999
北京,保定,0.1307543860799999
保定,廊坊,0.0484000919999999
天津,保定,0.04178758896
北京,廊坊,0.4995987157799999
天津,廊坊,0.18892088379
保定,廊坊,0.04682326661999995
聊城,濮阳,0.08449013772
安阳,濮阳,0.07959331836
邯郸,安阳,0.0462522052799999
聊城,濮阳,0.08475780141
安阳,濮阳,0.08041476851999996
