city_name,city_id_name,num
运城,临汾,0.1135735603199999
运城,临汾,0.1218004063199999
郑州,三门峡,0.05592122064
郑州,三门峡,0.06198797565
西安,咸阳,0.12786469974
西安,咸阳,0.12480945668999996
