city_name,city_id_name,num
北京,廊坊,0.62714853774
北京,保定,0.33831052272
北京,天津,0.2532703949999999
北京,张家口,0.15857316053999995
北京,唐山,0.0920627127
天津,唐山,0.18293801399999995
天津,沧州,0.1511450782199999
天津,廊坊,0.17489826503999995
石家庄,邢台,0.1685989647
石家庄,保定,0.14707068426
唐山,秦皇岛,0.11945555189999996
唐山,承德,0.04830705702
邯郸,邢台,0.09603293417999995
保定,沧州,0.0799471944
保定,廊坊,0.0868766634
沧州,衡水,0.07570248335999995
沧州,廊坊,0.06642422172
