city_name,city_id_name,num
北京,廊坊,0.5553189738
北京,保定,0.14472873935999994
北京,天津,0.15935276448000002
北京,张家口,0.06868186992
天津,唐山,0.1920098196
天津,廊坊,0.18357049602
天津,沧州,0.10910046654
天津,邯郸,0.061765406280000004
石家庄,邢台,0.06524082792
石家庄,保定,0.060017865299999945
唐山,秦皇岛,0.08626779611999995
唐山,承德,0.0465147473399999
邯郸,邢台,0.0997158762
保定,沧州,0.07027187075999995
保定,廊坊,0.07165713761999995
沧州,衡水,0.06534434591999995
沧州,廊坊,0.06649978176
