city_name,city_id_name,num
北京,廊坊,0.40404671424
北京,天津,0.20917979298
北京,保定,0.10529927747999995
天津,唐山,0.19964136905999996
天津,廊坊,0.13504870151999995
天津,沧州,0.11608633097999996
天津,邯郸,0.05226561612
唐山,秦皇岛,0.08726945993999999
唐山,承德,0.0462106296
邯郸,邢台,0.06975077832
保定,沧州,0.06685787466
沧州,衡水,0.052799657220000004
