city_name,city_id_name,num
北京,天津,0.3446432226
北京,保定,0.12120167052
北京,廊坊,0.12866159879999994
北京,张家口,0.06408464687999994
天津,唐山,0.22584917178
天津,沧州,0.12971900196
天津,邯郸,0.05773971762
天津,廊坊,0.06707695536
唐山,秦皇岛,0.0973701648
唐山,承德,0.049947927479999946
邯郸,邢台,0.04563321138
保定,沧州,0.06900242418
沧州,衡水,0.0502439225399999
