city_name,city_id_name,num
北京,天津,0.24672748229999997
北京,廊坊,0.14242782744
北京,保定,0.11738532312
北京,张家口,0.05836005287999996
北京,唐山,0.04298363657999995
天津,唐山,0.22855388327999995
天津,沧州,0.14338171745999995
天津,廊坊,0.0732912462
天津,邯郸,0.05848503425999996
天津,保定,0.044158235399999954
唐山,秦皇岛,0.09958631345999999
唐山,承德,0.0489668976
保定,沧州,0.0739373022
沧州,衡水,0.054631989
