city_name,city_id_name,num
北京,廊坊,0.32197306572
北京,天津,0.20697650550000002
北京,保定,0.12848479847999994
北京,张家口,0.05946475356
天津,唐山,0.2233294658999999
天津,沧州,0.12882014982
天津,廊坊,0.13161275118
天津,邯郸,0.05671080053999995
天津,保定,0.04253815277999995
唐山,秦皇岛,0.09631571003999995
唐山,承德,0.0488733021
保定,沧州,0.07758763362
沧州,衡水,0.06428084183999999
