city_name,city_id_name,num
苏州,上海,1.50050382336
上海,苏州,1.70911021248
开封,郑州,0.5235245751600001
新乡,郑州,0.46170968436
许昌,郑州,0.3532958758799995
洛阳,郑州,0.33665340528
周口,郑州,0.30289296492
商丘,郑州,0.25106355648
郑州,开封,0.5129457192
郑州,洛阳,0.3515221670399999
郑州,新乡,0.4559538276
郑州,许昌,0.3269387934
郑州,周口,0.30052249344
