city_name,city_id_name,num
苏州,上海,1.6946423294400002
上海,苏州,1.89774675792
开封,郑州,0.48010050432
新乡,郑州,0.44806532832
许昌,郑州,0.3224874384
洛阳,郑州,0.31266331776
周口,郑州,0.30027638304
郑州,开封,0.55740913344
郑州,洛阳,0.3476038924799999
郑州,新乡,0.5053456900800001
郑州,许昌,0.3324027131999999
郑州,周口,0.33545960136
