city_name,city_id_name,num
苏州,上海,1.7254279638
上海,苏州,1.932855777
开封,郑州,0.4814798630399999
新乡,郑州,0.4270450377599999
许昌,郑州,0.32469223248
洛阳,郑州,0.2740908455999999
郑州,开封,0.476924517
郑州,洛阳,0.3045612052799999
郑州,新乡,0.43808954652
郑州,许昌,0.3177306
