city_name,city_id_name,num
长沙,岳阳,0.43165569708
长沙,益阳,0.36065682864
长沙,株洲,0.32668191
长沙,常德,0.23826000636
长沙,邵阳,0.23259751992
长沙,衡阳,0.22257927468
长沙,张家界,0.09321323832
长沙,湘西土家族苗族自治州,0.0827594172
长沙,广州,0.0496556503199999
长沙,深圳,0.04442873976
长沙,重庆,0.0370239498
株洲,长沙,0.33009409656
株洲,衡阳,0.05164163748
衡阳,长沙,0.23070433608
衡阳,广州,0.0930224282399999
衡阳,株洲,0.0546806311199999
衡阳,邵阳,0.04389700068
衡阳,深圳,0.03147948684
邵阳,长沙,0.2290532903999999
邵阳,衡阳,0.0394286389199999
邵阳,深圳,0.03899151432
邵阳,广州,0.0367184664
岳阳,长沙,0.4327489799999999
岳阳,益阳,0.0615421799999999
常德,长沙,0.22517121312
常德,张家界,0.0594428284799999
常德,益阳,0.05351336928
张家界,湘西土家族苗族自治州,0.11670207516
张家界,长沙,0.08452460808
张家界,常德,0.04674920184
益阳,长沙,0.3514064795999999
益阳,常德,0.0603499248
益阳,岳阳,0.059324562
广州,深圳,0.4272943104
广州,衡阳,0.0853244928
广州,长沙,0.0591224832
广州,重庆,0.0389670912
广州,邵阳,0.0295612416
深圳,广州,0.39734772912
深圳,长沙,0.05738264208
深圳,重庆,0.04222496304
深圳,衡阳,0.0308567037599999
深圳,邵阳,0.03031535808
重庆,恩施土家族苗族自治州,0.14030925948
重庆,长沙,0.03677621616
重庆,广州,0.03437776728
重庆,湘西土家族苗族自治州,0.0303803524799999
重庆,深圳,0.02958086952
恩施土家族苗族自治州,重庆,0.0939617495999999
恩施土家族苗族自治州,湘西土家族苗族自治州,0.0392225652
湘西土家族苗族自治州,长沙,0.08410331412
湘西土家族苗族自治州,张家界,0.059540103
湘西土家族苗族自治州,恩施土家族苗族自治州,0.05108774328
湘西土家族苗族自治州,重庆,0.02750519268
