city_name,city_id_name,num
长沙,岳阳,0.4586577955199999
长沙,益阳,0.36479744496
长沙,株洲,0.3454447953599999
长沙,常德,0.2520682610399999
长沙,衡阳,0.2467462823999999
长沙,邵阳,0.2448110174399999
长沙,湘西土家族苗族自治州,0.10450430784
长沙,张家界,0.10450430784
长沙,广州,0.07305625224
长沙,深圳,0.0677342735999999
长沙,重庆,0.04451109408
株洲,长沙,0.3278451250799999
株洲,衡阳,0.05347956636
衡阳,长沙,0.2148693220799999
衡阳,广州,0.09651826188
衡阳,株洲,0.05069100204
衡阳,深圳,0.03988268604
衡阳,邵阳,0.03934227024
邵阳,长沙,0.1988950528799999
邵阳,衡阳,0.04871883672
邵阳,深圳,0.0403578482399999
邵阳,广州,0.0353734128
岳阳,长沙,0.4188227471999999
岳阳,益阳,0.06176577888
常德,长沙,0.23854889124
常德,益阳,0.06751805544
常德,张家界,0.05015414052
常德,岳阳,0.02518885512
张家界,湘西土家族苗族自治州,0.1525550598
张家界,长沙,0.0988204698
张家界,常德,0.0493334712
益阳,长沙,0.36042783516
益阳,常德,0.0616573036799999
益阳,岳阳,0.05756778864
广州,深圳,0.5361485255999999
广州,衡阳,0.08562371976
广州,长沙,0.07842172464
广州,重庆,0.0520144091999999
广州,邵阳,0.03120864552
深圳,广州,0.55376637228
深圳,长沙,0.07650257868
深圳,重庆,0.06386912532
深圳,衡阳,0.04281336972
深圳,邵阳,0.03930407712
重庆,恩施土家族苗族自治州,0.17870152608
重庆,深圳,0.04695473772
重庆,广州,0.0433077678
重庆,长沙,0.03966079788
重庆,湘西土家族苗族自治州,0.03099924432
恩施土家族苗族自治州,重庆,0.12968643996
恩施土家族苗族自治州,湘西土家族苗族自治州,0.0489324726
湘西土家族苗族自治州,长沙,0.08239892832
湘西土家族苗族自治州,张家界,0.0656647041599999
湘西土家族苗族自治州,恩施土家族苗族自治州,0.0502516029599999
湘西土家族苗族自治州,重庆,0.0281839564799999
