city_name,city_id_name,num
长沙,岳阳,0.73723372452
长沙,益阳,0.55186517916
长沙,株洲,0.49795079832
长沙,常德,0.33741921492
长沙,衡阳,0.32166894636
长沙,邵阳,0.25624475388
长沙,张家界,0.11085765948
长沙,湘西土家族苗族自治州,0.10661720256
长沙,广州,0.07329932676
长沙,深圳,0.0636068538
长沙,重庆,0.0484623648
株洲,长沙,0.48749038704
株洲,衡阳,0.06481220832
株洲,岳阳,0.02960845488
衡阳,长沙,0.3025690621199999
衡阳,广州,0.09040708404
衡阳,株洲,0.07184918052
衡阳,邵阳,0.05429440692
衡阳,深圳,0.04225684788
衡阳,岳阳,0.0317239837199999
邵阳,长沙,0.2671802496
邵阳,衡阳,0.0594817344
邵阳,深圳,0.03471393024
邵阳,广州,0.03325126464
邵阳,株洲,0.02574291456
岳阳,长沙,0.54398283264
岳阳,益阳,0.06811006176
岳阳,常德,0.02816412768
常德,长沙,0.29380125924
常德,张家界,0.0694012114799999
常德,益阳,0.06864593832
常德,岳阳,0.02744159148
张家界,湘西土家族苗族自治州,0.16296470028
张家界,长沙,0.09923548788
张家界,常德,0.06437185992
益阳,长沙,0.44889859152
益阳,常德,0.07675186104
益阳,岳阳,0.07130846664
广州,深圳,0.8036959708800001
广州,长沙,0.13198526208
广州,衡阳,0.11313022464
广州,重庆,0.05067291312
广州,邵阳,0.03653163504
广州,株洲,0.02710411632
深圳,广州,1.01548492776
深圳,长沙,0.12928371768
深圳,衡阳,0.06187938624
深圳,重庆,0.05303947392
深圳,邵阳,0.04198958352
深圳,株洲,0.03204468216
深圳,岳阳,0.027624726
重庆,恩施土家族苗族自治州,0.2745726983999999
重庆,广州,0.0468388720799999
重庆,深圳,0.0430702272
重庆,长沙,0.04253184936
重庆,湘西土家族苗族自治州,0.0387632044799999
恩施土家族苗族自治州,重庆,0.14534443008
恩施土家族苗族自治州,湘西土家族苗族自治州,0.05597724672
湘西土家族苗族自治州,长沙,0.09209849688
湘西土家族苗族自治州,张家界,0.07653629412
湘西土家族苗族自治州,恩施土家族苗族自治州,0.0526353001199999
湘西土家族苗族自治州,重庆,0.03420497808
