city_name,city_id_name,num
长沙,岳阳,0.4397847048
长沙,益阳,0.3439809828
长沙,株洲,0.3385064844
长沙,常德,0.2312975574
长沙,衡阳,0.2221733934
长沙,邵阳,0.2016440244
长沙,张家界,0.095803722
长沙,广州,0.0939788892
长沙,湘西土家族苗族自治州,0.0834861006
长沙,深圳,0.0670626054
长沙,重庆,0.0433397789999999
株洲,长沙,0.3471223896
株洲,衡阳,0.0518846958
衡阳,长沙,0.2270573532
衡阳,广州,0.10717967952
衡阳,株洲,0.0500387058
衡阳,深圳,0.04584191112
衡阳,邵阳,0.045734301
邵阳,长沙,0.21809110356
邵阳,衡阳,0.04416281028
邵阳,深圳,0.03982311216
邵阳,广州,0.0374405328
岳阳,长沙,0.437836914
岳阳,益阳,0.060753888
常德,长沙,0.2424420233999999
常德,益阳,0.059616891
常德,张家界,0.0548925336
张家界,湘西土家族苗族自治州,0.14814949572
张家界,长沙,0.0972183222
张家界,常德,0.05108427324
益阳,长沙,0.38338602156
益阳,常德,0.0661010382
益阳,岳阳,0.06024298212
广州,深圳,0.55180962936
广州,长沙,0.07904710944
广州,衡阳,0.076006836
广州,重庆,0.0433238965199999
广州,邵阳,0.0304027344
深圳,广州,0.59594711904
深圳,长沙,0.079586955
深圳,重庆,0.05602921632
深圳,衡阳,0.03883843404
深圳,邵阳,0.02992469508
重庆,恩施土家族苗族自治州,0.1976195199599999
重庆,广州,0.06206987232
重庆,深圳,0.0515727615599999
重庆,长沙,0.0401628585599999
重庆,湘西土家族苗族自治州,0.02920935168
恩施土家族苗族自治州,重庆,0.14014500768
恩施土家族苗族自治州,湘西土家族苗族自治州,0.04986831744
湘西土家族苗族自治州,长沙,0.0805715423999999
湘西土家族苗族自治州,张家界,0.06633099072
湘西土家族苗族自治州,恩施土家族苗族自治州,0.04675023216
湘西土家族苗族自治州,重庆,0.02557678032
