city_name,city_id_name,num
长沙,岳阳,0.4512731778
长沙,株洲,0.3775387805999999
长沙,益阳,0.3658719456
长沙,常德,0.2408034744
长沙,衡阳,0.2361367404
长沙,邵阳,0.2128030703999999
长沙,广州,0.1157350031999999
长沙,深圳,0.1129349628
长沙,张家界,0.102668148
长沙,湘西土家族苗族自治州,0.0807344982
长沙,重庆,0.0364005252
株洲,长沙,0.4049972784
株洲,衡阳,0.0524292911999999
衡阳,长沙,0.23707936332
衡阳,广州,0.09381801348
衡阳,株洲,0.05288619924
衡阳,深圳,0.04934770128
衡阳,邵阳,0.03337664292
邵阳,长沙,0.2274973776
邵阳,衡阳,0.053968356
邵阳,深圳,0.0431746847999999
邵阳,广州,0.03462277608
岳阳,长沙,0.5430968740800001
岳阳,益阳,0.05886642276
常德,长沙,0.2869973985599999
常德,益阳,0.05767051608
常德,张家界,0.0521745008399999
张家界,湘西土家族苗族自治州,0.13607380512
张家界,长沙,0.11096619624
张家界,常德,0.05341263768
益阳,长沙,0.43987881384
益阳,常德,0.05707027044
益阳,岳阳,0.05475772692
广州,深圳,0.7668970164000001
广州,长沙,0.0818863344
广州,衡阳,0.0755873856
广州,重庆,0.047242116
广州,邵阳,0.0299200068
深圳,广州,0.6838424157599999
深圳,长沙,0.08271712224
深圳,重庆,0.05562013392
深圳,衡阳,0.03850624656
深圳,邵阳,0.0335146960799999
重庆,恩施土家族苗族自治州,0.181302138
重庆,广州,0.054520452
重庆,深圳,0.053222346
重庆,长沙,0.0411066899999999
重庆,湘西土家族苗族自治州,0.028558332
恩施土家族苗族自治州,重庆,0.2367961127999999
恩施土家族苗族自治州,湘西土家族苗族自治州,0.0480774527999999
湘西土家族苗族自治州,长沙,0.0919388750399999
湘西土家族苗族自治州,张家界,0.06162466392
湘西土家族苗族自治州,恩施土家族苗族自治州,0.04634895816
