city_name,city_id_name,num
长沙,岳阳,0.50770181808
长沙,株洲,0.43361657424
长沙,益阳,0.40528986336
长沙,衡阳,0.27019324224
长沙,常德,0.26365630896
长沙,邵阳,0.2347848536399999
长沙,广州,0.12202275456
长沙,深圳,0.10840414356
长沙,张家界,0.10295669916
长沙,湘西土家族苗族自治州,0.09369604368
长沙,重庆,0.04303481076
株洲,长沙,0.47065983444
株洲,衡阳,0.0591172181999999
株洲,广州,0.0264671582399999
株洲,深圳,0.02592479844
衡阳,长沙,0.28569259872
衡阳,广州,0.11935976616
衡阳,深圳,0.06154676136
衡阳,株洲,0.05949921744
衡阳,邵阳,0.04600951632
邵阳,长沙,0.273676482
邵阳,深圳,0.0513684504
邵阳,衡阳,0.0506950812
邵阳,广州,0.0398249783999999
岳阳,长沙,0.6211642626
岳阳,益阳,0.0647322353999999
岳阳,深圳,0.0278457102
常德,长沙,0.32619995352
常德,益阳,0.0665537796
常德,张家界,0.05410735848
张家界,湘西土家族苗族自治州,0.14780607192
张家界,长沙,0.11021179464
张家界,常德,0.0601622704799999
益阳,长沙,0.50868679104
益阳,常德,0.07098634584
益阳,岳阳,0.0662149728
广州,深圳,0.8401238805600001
广州,长沙,0.08914497768
广州,衡阳,0.0810408888
广州,重庆,0.04772407896
广州,邵阳,0.03061544688
深圳,广州,0.7879479897600001
深圳,长沙,0.08353373184
深圳,重庆,0.060240672
深圳,衡阳,0.04096365696
深圳,邵阳,0.03453798528
重庆,恩施土家族苗族自治州,0.189096768
重庆,深圳,0.053397792
重庆,广州,0.052907904
重庆,长沙,0.04408992
重庆,湘西土家族苗族自治州,0.0347820479999999
恩施土家族苗族自治州,重庆,0.1916215056
恩施土家族苗族自治州,湘西土家族苗族自治州,0.0475451855999999
湘西土家族苗族自治州,长沙,0.10503382428
湘西土家族苗族自治州,张家界,0.07104438396
湘西土家族苗族自治州,恩施土家族苗族自治州,0.05179087188
湘西土家族苗族自治州,重庆,0.02801977596
