city_name,city_id_name,num
长沙,岳阳,0.4985712
长沙,益阳,0.3923755344
长沙,株洲,0.3799112544
长沙,常德,0.2627470224
长沙,衡阳,0.2522770272
长沙,邵阳,0.2223627552
长沙,张家界,0.1141728048
长沙,湘西土家族苗族自治州,0.0962242416
长沙,广州,0.0623214
长沙,深圳,0.054842832
长沙,重庆,0.0468656928
株洲,长沙,0.4283297722799999
株洲,衡阳,0.0613889053199999
株洲,岳阳,0.0298240995599999
株洲,邵阳,0.0276192050399999
衡阳,长沙,0.29569806216
衡阳,广州,0.10924869168
衡阳,株洲,0.06591251232
衡阳,邵阳,0.04190893992
衡阳,深圳,0.04035195144
邵阳,长沙,0.25499994264
邵阳,衡阳,0.04993072632
邵阳,广州,0.0418157899199999
邵阳,深圳,0.0363740090399999
岳阳,长沙,0.5065493436
岳阳,益阳,0.0587939472
岳阳,常德,0.0264353382
常德,长沙,0.3064129884
常德,益阳,0.06329329632
常德,张家界,0.06145744104
常德,岳阳,0.0275378292
张家界,湘西土家族苗族自治州,0.15007625244
张家界,长沙,0.12742547076
张家界,常德,0.05923594476
益阳,长沙,0.46105745616
益阳,岳阳,0.0684691056
益阳,常德,0.0680833641599999
广州,深圳,0.5604991279200001
广州,衡阳,0.09480252312
广州,长沙,0.07983370368
广州,重庆,0.0498960648
广州,邵阳,0.0291060378
深圳,广州,0.5713613639999999
深圳,长沙,0.074078064
深圳,重庆,0.052129008
深圳,衡阳,0.04115448
深圳,邵阳,0.0349813079999999
重庆,恩施土家族苗族自治州,0.1726656912
重庆,广州,0.04268679588
重庆,长沙,0.04268679588
重庆,深圳,0.04268679588
重庆,湘西土家族苗族自治州,0.03453313824
恩施土家族苗族自治州,重庆,0.12759223356
恩施土家族苗族自治州,湘西土家族苗族自治州,0.04798177884
湘西土家族苗族自治州,长沙,0.11377516608
湘西土家族苗族自治州,张家界,0.06527790648
湘西土家族苗族自治州,恩施土家族苗族自治州,0.0514725516
湘西土家族苗族自治州,重庆,0.0288603323999999
