city_name,city_id_name,num
长沙,岳阳,0.4149771264
长沙,益阳,0.33083956224
长沙,株洲,0.32056031232
长沙,常德,0.2246206464
长沙,邵阳,0.19644788736
长沙,衡阳,0.19035648
长沙,张家界,0.06890904576
长沙,湘西土家族苗族自治州,0.06357906432
长沙,广州,0.03197988864
长沙,深圳,0.03121846272
长沙,重庆,0.028553472
株洲,长沙,0.33566742792
株洲,衡阳,0.0462730805999999
衡阳,长沙,0.1880577972
衡阳,广州,0.0455199264
衡阳,株洲,0.0423508176
衡阳,邵阳,0.0308988108
邵阳,长沙,0.22610486448
邵阳,衡阳,0.04113896688
邵阳,深圳,0.0287016048
邵阳,广州,0.0271070712
岳阳,长沙,0.3910182984
岳阳,益阳,0.0529928567999999
常德,长沙,0.24851301552
常德,益阳,0.0562338612
常德,张家界,0.04762940292
张家界,湘西土家族苗族自治州,0.0829368396
张家界,长沙,0.06789468276
张家界,常德,0.04339204992
益阳,长沙,0.3047483412
益阳,常德,0.0548606131199999
益阳,岳阳,0.0475892172
广州,深圳,0.3619231308
广州,衡阳,0.0689377392
广州,长沙,0.0427669308
广州,邵阳,0.0312773076
广州,重庆,0.0287240579999999
深圳,广州,0.32238347328
深圳,长沙,0.03214380672
重庆,恩施土家族苗族自治州,0.14376086712
重庆,长沙,0.03317558472
重庆,湘西土家族苗族自治州,0.0263116706399999
恩施土家族苗族自治州,重庆,0.1000412532
恩施土家族苗族自治州,湘西土家族苗族自治州,0.04219604928
湘西土家族苗族自治州,长沙,0.06291609228
湘西土家族苗族自治州,张家界,0.05169766356
湘西土家族苗族自治州,恩施土家族苗族自治州,0.0441234378
