city_name,city_id_name,num
长沙,岳阳,0.3602468519999999
长沙,益阳,0.3519806399999999
长沙,株洲,0.2250542879999999
长沙,常德,0.169590672
长沙,衡阳,0.16799076
长沙,邵阳,0.131726088
长沙,湘西土家族苗族自治州,0.0306649799999999
长沙,深圳,0.02933172
长沙,广州,0.0287984159999999
株洲,长沙,0.21962827296
株洲,衡阳,0.0409266237599999
衡阳,长沙,0.1420270848
衡阳,广州,0.050372928
衡阳,株洲,0.0370425312
衡阳,邵阳,0.0264150719999999
邵阳,长沙,0.12959080164
邵阳,衡阳,0.02901048696
岳阳,长沙,0.3626450352000001
岳阳,益阳,0.05916840048
常德,长沙,0.15458683788
常德,益阳,0.04897425564
益阳,长沙,0.3107066688
益阳,岳阳,0.06208259904
益阳,常德,0.0519802271999999
广州,深圳,0.45873692928
广州,衡阳,0.1007737459199999
广州,长沙,0.0315304358399999
广州,重庆,0.0309121919999999
广州,邵阳,0.0259662412799999
深圳,广州,0.4855384944000001
深圳,重庆,0.03861592704
深圳,衡阳,0.03748016448
深圳,长沙,0.03748016448
深圳,邵阳,0.02669042016
重庆,恩施土家族苗族自治州,0.09115172352
重庆,深圳,0.03095718912
重庆,广州,0.02601263808
恩施土家族苗族自治州,重庆,0.0902299662
湘西土家族苗族自治州,长沙,0.0361583125199999
