city_name,city_id_name,num
长沙,株洲,0.55468050912
长沙,岳阳,0.46518418584
长沙,益阳,0.4081425732
长沙,衡阳,0.26406332748
长沙,常德,0.26258811336
长沙,邵阳,0.22275733212
长沙,深圳,0.07769461032
长沙,湘西土家族苗族自治州,0.07425244404
长沙,张家界,0.073760706
长沙,重庆,0.03589687692
株洲,长沙,1.14565840452
株洲,衡阳,0.08535257388
株洲,岳阳,0.0306822977999999
衡阳,长沙,0.8141988909600001
衡阳,株洲,0.15199751736
衡阳,邵阳,0.0504370994399999
衡阳,深圳,0.03877137576
衡阳,广州,0.0339678424799999
邵阳,长沙,0.8055299826
邵阳,株洲,0.07279967016
邵阳,衡阳,0.07149384648
邵阳,深圳,0.032645592
岳阳,长沙,2.17650657312
岳阳,益阳,0.1042884849599999
岳阳,株洲,0.08042586552
岳阳,常德,0.03653042976
岳阳,衡阳,0.0282816230399999
常德,长沙,0.98959285656
常德,益阳,0.10818186984
常德,张家界,0.07148300544
常德,岳阳,0.04036875084
常德,株洲,0.03717754524
张家界,长沙,0.16985287872
张家界,常德,0.07616962332
张家界,湘西土家族苗族自治州,0.07445739672
益阳,长沙,1.7688238466399997
益阳,岳阳,0.11250301248
益阳,常德,0.1046373357599999
益阳,株洲,0.07794170568
广州,深圳,0.305327556
深圳,广州,0.28039110984
深圳,长沙,0.03284916768
深圳,重庆,0.03050279856
重庆,恩施土家族苗族自治州,0.130203288
重庆,长沙,0.03602290968
重庆,深圳,0.03385285488
重庆,湘西土家族苗族自治州,0.032550822
恩施土家族苗族自治州,重庆,0.1236652271999999
恩施土家族苗族自治州,湘西土家族苗族自治州,0.0460600570799999
湘西土家族苗族自治州,长沙,0.1170839124
湘西土家族苗族自治州,张家界,0.0568510488
湘西土家族苗族自治州,恩施土家族苗族自治州,0.0485793126
