city_name,city_id_name,num
长沙,岳阳,0.4296588786
长沙,益阳,0.3407639382
长沙,株洲,0.31621200228
长沙,常德,0.20911476456
长沙,衡阳,0.19810872432
长沙,邵阳,0.1930290134399999
长沙,张家界,0.1015942176
长沙,湘西土家族苗族自治州,0.08635508496
长沙,广州,0.07280918928
长沙,深圳,0.06307307676
长沙,重庆,0.03936775932
株洲,长沙,0.32079481056
株洲,衡阳,0.0503888364
衡阳,长沙,0.2036719079999999
衡阳,广州,0.084135348
衡阳,株洲,0.0495616967999999
衡阳,深圳,0.0341138951999999
衡阳,邵阳,0.0331943832
邵阳,长沙,0.2041460496
邵阳,衡阳,0.0387821519999999
邵阳,深圳,0.0343841759999999
邵阳,广州,0.0305459424
岳阳,长沙,0.42418057644
岳阳,益阳,0.0575067275999999
常德,长沙,0.2245295052
常德,益阳,0.05766566256
常德,张家界,0.0525194604
张家界,湘西土家族苗族自治州,0.16054132608
张家界,长沙,0.0998416044
张家界,常德,0.0492750604799999
益阳,长沙,0.34174923192
益阳,常德,0.06317315712
益阳,岳阳,0.06076029348
广州,深圳,0.54735969024
广州,长沙,0.09485494632
广州,衡阳,0.08008245468
广州,重庆,0.0552024687599999
广州,邵阳,0.03032248284
深圳,广州,0.6051220603199999
深圳,长沙,0.08751204684
深圳,重庆,0.06037652844
深圳,衡阳,0.0373113378
深圳,邵阳,0.0284922943199999
重庆,恩施土家族苗族自治州,0.1980838314
重庆,深圳,0.0531125877599999
重庆,广州,0.0500651442
重庆,长沙,0.0413581626
重庆,湘西土家族苗族自治州,0.03134513376
恩施土家族苗族自治州,重庆,0.1488082428
恩施土家族苗族自治州,湘西土家族苗族自治州,0.0483703812
湘西土家族苗族自治州,长沙,0.0795388960799999
湘西土家族苗族自治州,张家界,0.07080845688
湘西土家族苗族自治州,恩施土家族苗族自治州,0.04902830856
湘西土家族苗族自治州,重庆,0.02632916664
