city_name,city_id_name,num
长沙,岳阳,0.3603912588
长沙,益阳,0.332549874
长沙,株洲,0.2173174758
长沙,衡阳,0.163697031
长沙,常德,0.1595723814
长沙,邵阳,0.132762159
长沙,广州,0.0311926625999999
长沙,深圳,0.0299037095999999
长沙,湘西土家族苗族自治州,0.0280991754
株洲,长沙,0.2062723968
株洲,衡阳,0.038054772
衡阳,长沙,0.12697481916
衡阳,广州,0.0486956156399999
衡阳,株洲,0.0381668338799999
衡阳,邵阳,0.0254636298
邵阳,长沙,0.130893408
邵阳,深圳,0.0264425796
邵阳,衡阳,0.0262314612
岳阳,长沙,0.3399076223999999
岳阳,益阳,0.0519950015999999
常德,长沙,0.1581145434
常德,益阳,0.04425587604
益阳,长沙,0.2862648864
益阳,岳阳,0.0559894031999999
益阳,常德,0.0465125976
广州,深圳,0.47938489848
广州,衡阳,0.11198229912
广州,重庆,0.03271393008
广州,长沙,0.03082658796
广州,邵阳,0.03019747392
广州,株洲,0.0257936756399999
深圳,广州,0.48757901724
深圳,衡阳,0.0401136850799999
深圳,重庆,0.0401136850799999
深圳,长沙,0.0322039443599999
深圳,邵阳,0.03050899992
重庆,恩施土家族苗族自治州,0.0858191922
重庆,深圳,0.02987779284
恩施土家族苗族自治州,重庆,0.09111331008
湘西土家族苗族自治州,长沙,0.03050804736
