city_name,city_id_name,num
长沙,岳阳,0.4068262065599999
长沙,益阳,0.3316288391999999
长沙,株洲,0.32444706816
长沙,常德,0.2365759871999999
长沙,衡阳,0.2179878739199999
长沙,邵阳,0.21460821696
长沙,张家界,0.08998336656
长沙,湘西土家族苗族自治州,0.08280159552
长沙,广州,0.0519622257599999
长沙,深圳,0.0439355404799999
长沙,重庆,0.03506394096
株洲,长沙,0.3235048502399999
株洲,衡阳,0.04685790384
衡阳,长沙,0.2198488716
衡阳,广州,0.0781154992799999
衡阳,株洲,0.0468311479199999
衡阳,邵阳,0.0395823348
衡阳,深圳,0.026229258
邵阳,长沙,0.2196255675599999
邵阳,广州,0.0394526764799999
邵阳,衡阳,0.03749704812
邵阳,深圳,0.03588152904
岳阳,长沙,0.45649385136
岳阳,益阳,0.06092490168
常德,长沙,0.24199082424
常德,益阳,0.05601774348
常德,张家界,0.04319703756
张家界,湘西土家族苗族自治州,0.10431812124
张家界,长沙,0.07681353444
张家界,常德,0.04332968964
益阳,长沙,0.3401023626
益阳,岳阳,0.05585697144
益阳,常德,0.0540222534
广州,深圳,0.42130869552
广州,衡阳,0.07442279352
广州,长沙,0.05424034104
广州,重庆,0.03216578364
广州,邵阳,0.0258587672399999
深圳,广州,0.3811031532
深圳,长沙,0.04503946356
深圳,重庆,0.0346457411999999
深圳,邵阳,0.02821153212
深圳,衡阳,0.02672671464
重庆,恩施土家族苗族自治州,0.1175780123999999
重庆,广州,0.03430964952
重庆,长沙,0.03353864616
重庆,深圳,0.03238214112
重庆,湘西土家族苗族自治州,0.0269851175999999
恩施土家族苗族自治州,重庆,0.09432370944
恩施土家族苗族自治州,湘西土家族苗族自治州,0.03839571072
湘西土家族苗族自治州,长沙,0.07108074
湘西土家族苗族自治州,张家界,0.053937738
湘西土家族苗族自治州,恩施土家族苗族自治州,0.0408087072
