city_name,city_id_name,num
长沙,岳阳,0.48642496812
长沙,益阳,0.364090545
长沙,株洲,0.27546050376
长沙,邵阳,0.20971615392
长沙,衡阳,0.20763563652
长沙,常德,0.17559566856
长沙,广州,0.07656304032
长沙,深圳,0.07323421248
长沙,湘西土家族苗族自治州,0.04826800368
长沙,重庆,0.03578489928
长沙,张家界,0.03037555404
株洲,长沙,0.2462025456
株洲,衡阳,0.0458471016
衡阳,长沙,0.15149194452
衡阳,广州,0.07168312404
衡阳,株洲,0.03926079072
衡阳,深圳,0.0358013358
衡阳,邵阳,0.03185916624
邵阳,长沙,0.1608160975199999
邵阳,衡阳,0.04469471136
邵阳,深圳,0.03267239976
邵阳,广州,0.028287792
岳阳,长沙,0.3446898915600001
岳阳,益阳,0.05149450908
常德,长沙,0.1713438846
常德,益阳,0.0519787692
常德,张家界,0.0286639074
张家界,长沙,0.0850759912799999
张家界,常德,0.03613042584
张家界,湘西土家族苗族自治州,0.0283173246
益阳,长沙,0.28738486368
益阳,岳阳,0.0610980732
益阳,常德,0.04535972136
广州,深圳,0.58830808356
广州,衡阳,0.07601288832
广州,长沙,0.05305066164
广州,重庆,0.0435490506
广州,邵阳,0.0316720368
深圳,广州,0.6650199468
深圳,长沙,0.05761135368
深圳,重庆,0.0497875895999999
深圳,衡阳,0.0391188204
深圳,邵阳,0.0320063076
重庆,恩施土家族苗族自治州,0.19361716416
重庆,深圳,0.05266689984
重庆,广州,0.05001460992
重庆,长沙,0.03144858048
恩施土家族苗族自治州,重庆,0.173234052
恩施土家族苗族自治州,湘西土家族苗族自治州,0.04049976672
湘西土家族苗族自治州,长沙,0.04820500512
湘西土家族苗族自治州,恩施土家族苗族自治州,0.04574457504
