city_name,city_id_name,num
长沙,岳阳,0.32744822832
长沙,益阳,0.1808269596
长沙,衡阳,0.11615682528
长沙,邵阳,0.10885248504
长沙,常德,0.084623454
长沙,株洲,0.0632448972
株洲,长沙,0.06288057216
衡阳,长沙,0.07630168896
衡阳,广州,0.05545423296
衡阳,邵阳,0.02564237088
邵阳,长沙,0.0762048
邵阳,深圳,0.03143448
邵阳,广州,0.0251952119999999
岳阳,长沙,0.2289148646399999
岳阳,益阳,0.0383543424
常德,长沙,0.063589212
常德,益阳,0.0265897112399999
益阳,长沙,0.14470712208
益阳,岳阳,0.03938190192
益阳,常德,0.02830368744
广州,深圳,0.542439018
广州,衡阳,0.05997483
广州,重庆,0.029987415
深圳,广州,0.55552611996
深圳,重庆,0.03151921248
深圳,邵阳,0.02701646784
重庆,恩施土家族苗族自治州,0.097360218
重庆,深圳,0.02890061208
重庆,广州,0.02521117224
恩施土家族苗族自治州,重庆,0.1031749488
