city_name,city_id_name,num
长沙,岳阳,0.3835253448
长沙,益阳,0.3091920012
长沙,株洲,0.2698560684
长沙,常德,0.1926303768
长沙,衡阳,0.154740618
长沙,邵阳,0.1385434692
长沙,湘西土家族苗族自治州,0.0445421592
长沙,深圳,0.0393359328
长沙,广州,0.0370220544
株洲,长沙,0.3407085989999999
株洲,衡阳,0.038775996
衡阳,长沙,0.20970333
衡阳,广州,0.12621673368
衡阳,深圳,0.04845380472
衡阳,株洲,0.0482564368799999
衡阳,邵阳,0.02782886544
邵阳,长沙,0.20203623936
邵阳,深圳,0.0354548275199999
邵阳,衡阳,0.033414768
邵阳,广州,0.03088228032
岳阳,长沙,0.42024515904
岳阳,益阳,0.05384584512
常德,长沙,0.20657470176
常德,益阳,0.05066730144
张家界,常德,0.034179894
益阳,长沙,0.34720071012
益阳,岳阳,0.0548510292
益阳,常德,0.04936592628
广州,深圳,0.50596244028
广州,衡阳,0.0577143468
广州,长沙,0.03783496068
广州,重庆,0.0288571734
深圳,广州,0.5510586427199999
深圳,长沙,0.04330967616
深圳,重庆,0.03818089872
重庆,恩施土家族苗族自治州,0.0861868512
重庆,深圳,0.0334910862
重庆,广州,0.0278702046
恩施土家族苗族自治州,重庆,0.1003154544
恩施土家族苗族自治州,湘西土家族苗族自治州,0.0349409052
湘西土家族苗族自治州,长沙,0.04613697792
湘西土家族苗族自治州,恩施土家族苗族自治州,0.03505379328
