city_name,city_id_name,num
长沙,岳阳,0.18184862232
长沙,株洲,0.14868215496
长沙,益阳,0.14485525488
长沙,衡阳,0.0746954200799999
长沙,常德,0.07214415336
长沙,邵阳,0.0592460827199999
株洲,长沙,0.11911377564
衡阳,长沙,0.0423855374399999
岳阳,长沙,0.1408852764
常德,长沙,0.0442668045599999
益阳,长沙,0.11613737232
广州,深圳,0.267172911
深圳,广州,0.33573575952
重庆,恩施土家族苗族自治州,0.0695878387199999
恩施土家族苗族自治州,重庆,0.06189535296
恩施土家族苗族自治州,湘西土家族苗族自治州,0.0505987430399999
湘西土家族苗族自治州,恩施土家族苗族自治州,0.0497653502399999
