city_name,city_id_name,num
天津,北京,0.2192283970199999
廊坊,北京,0.16756579268999988
保定,北京,0.11859051725999994
张家口,北京,0.06289330859999995
唐山,天津,0.22956655661999995
沧州,天津,0.13374775808999995
廊坊,天津,0.0904362731999999
邯郸,天津,0.06010264638
保定,天津,0.04422859442999995
秦皇岛,唐山,0.09265143284999999
承德,唐山,0.04990155092999995
沧州,保定,0.07839233945999995
衡水,沧州,0.06480916272000001
