city_name,city_id_name,num
兰州,定西,0.18214321608
兰州,武威,0.08259030864
兰州,西宁,0.04410275688
嘉峪关,酒泉,0.10633143456
金昌,武威,0.04069435464
武威,兰州,0.09076282632
武威,金昌,0.04604782608
张掖,兰州,0.04457731968
张掖,酒泉,0.04029657984
酒泉,嘉峪关,0.1149240247199999
酒泉,张掖,0.03806897292
定西,兰州,0.18871776576
西宁,海北藏族自治州,0.0857925432
西宁,兰州,0.03969083592
海北藏族自治州,西宁,0.07596897336
