city_name,city_id_name,num
兰州,定西,0.1830470464799999
兰州,武威,0.06679249956
嘉峪关,酒泉,0.107814888
金昌,武威,0.0436684608
武威,兰州,0.0568611252
武威,金昌,0.0392908546799999
酒泉,嘉峪关,0.1528816032
定西,兰州,0.12725684496
西宁,海北藏族自治州,0.046362456
海北藏族自治州,西宁,0.10507038444
