city_name,city_id_name,num
兰州,定西,0.0427715769599999
西宁,海北藏族自治州,0.08277155424
海北藏族自治州,西宁,0.04107917268
