city_name,city_id_name,num
北京,天津,0.2132837406
天津,北京,0.17001726984
赤峰,通辽,0.04467484044
通辽,赤峰,0.04094544168
哈尔滨,绥化,0.04238199936
