city_name,city_id_name,num
北京,天津,0.1919827331999999
天津,北京,0.1570785696
通辽,赤峰,0.04240122552
哈尔滨,绥化,0.04297687308
