city_name,city_id_name,num
北京,天津,0.3142911456
天津,北京,0.2687169589199999
呼和浩特,赤峰,0.06075443556
赤峰,通辽,0.05388893712
通辽,赤峰,0.060077619
呼伦贝尔,齐齐哈尔,0.052474878
哈尔滨,绥化,0.2560460479199999
哈尔滨,大庆,0.0912472516799999
哈尔滨,齐齐哈尔,0.0782463239999999
齐齐哈尔,哈尔滨,0.0851148
齐齐哈尔,大庆,0.0446472
齐齐哈尔,呼伦贝尔,0.0415044
大庆,绥化,0.1495432368
大庆,哈尔滨,0.1024257636
大庆,齐齐哈尔,0.0461848554
绥化,哈尔滨,0.27393965424
绥化,大庆,0.13530352752
