city_name,city_id_name,num
北京,天津,0.2717331624
天津,北京,0.2217218021999999
赤峰,通辽,0.0411229094399999
哈尔滨,绥化,0.09439308756
哈尔滨,齐齐哈尔,0.05666953428
哈尔滨,大庆,0.05422760784
大庆,哈尔滨,0.0483298876799999
绥化,哈尔滨,0.05400292032
