city_name,city_id_name,num
北京,天津,0.1916551756799999
天津,北京,0.1829611475999999
赤峰,通辽,0.04353233544
哈尔滨,绥化,0.1839736767599999
哈尔滨,大庆,0.0716906376
哈尔滨,齐齐哈尔,0.0670404340799999
齐齐哈尔,哈尔滨,0.07910500176
大庆,绥化,0.09636442992
大庆,哈尔滨,0.08266177656
绥化,哈尔滨,0.1967556096
绥化,大庆,0.087375024
