city_name,city_id_name,num
北京,天津,0.19999831824
天津,北京,0.2310513886799999
呼和浩特,赤峰,0.0407455952399999
赤峰,通辽,0.0450465462
通辽,赤峰,0.04369583232
呼伦贝尔,齐齐哈尔,0.0472590612
哈尔滨,绥化,0.2297103137999999
哈尔滨,大庆,0.0998217593999999
哈尔滨,齐齐哈尔,0.0837496908
齐齐哈尔,哈尔滨,0.08159935464
齐齐哈尔,大庆,0.04556324844
齐齐哈尔,呼伦贝尔,0.04410943128
大庆,绥化,0.1175939855999999
大庆,哈尔滨,0.09348373944
大庆,齐齐哈尔,0.0480117455999999
绥化,哈尔滨,0.20412493776
绥化,大庆,0.09031943232
