city_name,city_id_name,num
北京,天津,0.22214580156
天津,北京,0.41189867928
赤峰,通辽,0.0439229174399999
通辽,赤峰,0.0409079808
