city_name,city_id_name,num
北京,天津,0.27815033232
天津,北京,0.6984479404799999
呼和浩特,北京,0.042829398
哈尔滨,绥化,0.1780364934
哈尔滨,大庆,0.07417306728
哈尔滨,齐齐哈尔,0.06012033516
齐齐哈尔,哈尔滨,0.0900671821199999
大庆,绥化,0.1183791509999999
大庆,哈尔滨,0.1140451488
大庆,齐齐哈尔,0.0408685662
绥化,哈尔滨,0.26296613064
绥化,大庆,0.1090405540799999
