city_name,city_id_name,num
北京,天津,0.20239326144
天津,北京,0.20213684784
通辽,赤峰,0.04198577328
哈尔滨,绥化,0.06164008308
