city_name,city_id_name,num
北京,天津,0.3631704336
天津,北京,0.23349976272
赤峰,通辽,0.05089868604
通辽,赤峰,0.04998046032
呼伦贝尔,齐齐哈尔,0.051312528
哈尔滨,绥化,0.3231404960399999
哈尔滨,大庆,0.12078911808
哈尔滨,齐齐哈尔,0.08896355388
齐齐哈尔,哈尔滨,0.0802653299999999
齐齐哈尔,大庆,0.0574589051999999
齐齐哈尔,呼伦贝尔,0.0416641643999999
大庆,绥化,0.16762084596
大庆,哈尔滨,0.1181442898799999
大庆,齐齐哈尔,0.0554710032
绥化,哈尔滨,0.30049288632
绥化,大庆,0.15845342796
