city_name,city_id_name,num
北京,天津,0.4099654943999999
天津,北京,0.1937443406399999
赤峰,通辽,0.0403049098799999
通辽,赤峰,0.04470142464
