city_name,city_id_name,num
北京,天津,0.264249864
天津,北京,0.40618235376
赤峰,通辽,0.0541686528
通辽,赤峰,0.05393455632
呼伦贝尔,齐齐哈尔,0.05021823744
哈尔滨,绥化,0.24971964984
哈尔滨,大庆,0.10778889024
哈尔滨,齐齐哈尔,0.07534757376
齐齐哈尔,哈尔滨,0.1030732970399999
齐齐哈尔,大庆,0.0626282733599999
齐齐哈尔,呼伦贝尔,0.04217508648
大庆,绥化,0.149976684
大庆,哈尔滨,0.14761341504
大庆,齐齐哈尔,0.0512193099599999
绥化,哈尔滨,0.37259673408
绥化,大庆,0.17373582432
