city_name,city_id_name,num
北京,廊坊,1.2458383523999994
北京,保定,0.4715981708399994
北京,天津,0.25770080988
北京,张家口,0.1649740283999994
北京,邯郸,0.13994348616
北京,承德,0.1188950756399999
北京,石家庄,0.11832619968
北京,唐山,0.11775732372
北京,沧州,0.08191813824
北京,衡水,0.05802534792
北京,邢台,0.05745647196
天津,廊坊,0.4059741254399999
天津,北京,0.33871214016
天津,唐山,0.32309775072
天津,沧州,0.21559868496
天津,邯郸,0.1186093044
天津,保定,0.10900044936
天津,石家庄,0.06065589744
天津,衡水,0.04233901752
天津,秦皇岛,0.04083763392
石家庄,邢台,0.2939894999999999
石家庄,保定,0.2923095599999999
石家庄,衡水,0.131203314
石家庄,邯郸,0.13019535
石家庄,北京,0.117091818
石家庄,沧州,0.0750933179999999
唐山,天津,0.27009666432
唐山,秦皇岛,0.14443268112
唐山,北京,0.1175740272
唐山,承德,0.0697893537599999
唐山,廊坊,0.05199145056
秦皇岛,唐山,0.1502659512
邯郸,邢台,0.22608682416
邯郸,石家庄,0.1161228020399999
邯郸,北京,0.07321001292
邯郸,天津,0.06317716176
邢台,石家庄,0.28960450344
邢台,邯郸,0.2255038379999999
邢台,衡水,0.0565198981199999
保定,北京,0.5393635743599999
保定,石家庄,0.3031925417999997
保定,廊坊,0.17140234716
保定,沧州,0.15319202112
保定,衡水,0.07340451012
保定,天津,0.0563205959999999
张家口,北京,0.1942767828
承德,北京,0.1301759424
承德,唐山,0.0650078135999999
沧州,天津,0.15766361316
沧州,保定,0.15553471608
沧州,廊坊,0.1352475792
沧州,衡水,0.11370814992
沧州,北京,0.08615771712
沧州,石家庄,0.0841540492799999
廊坊,北京,1.2767651568
廊坊,天津,0.30760674048
廊坊,保定,0.18559925928
廊坊,沧州,0.1328525906399997
廊坊,石家庄,0.0443663567999999
廊坊,唐山,0.0416550794399999
衡水,石家庄,0.14972159556
衡水,沧州,0.11820531528
衡水,保定,0.0636490159199999
衡水,邢台,0.0574074053999999
衡水,北京,0.05309221788
