city_name,city_id_name,num
北京,廊坊,0.63793228644
北京,保定,0.3582367722
北京,天津,0.2757561407999997
北京,承德,0.0935601192
北京,张家口,0.092329065
北京,石家庄,0.0834654747599999
天津,北京,0.29369549592
天津,唐山,0.15165544464
天津,廊坊,0.0718111656
天津,沧州,0.06000492312
天津,保定,0.0534323757599998
天津,邯郸,0.04965924672
石家庄,邢台,0.22008154248
石家庄,衡水,0.120584943
石家庄,保定,0.10286176068
石家庄,北京,0.09960877152
石家庄,沧州,0.044868816
石家庄,天津,0.04341057948
唐山,天津,0.15099349968
邯郸,天津,0.05922295236
邢台,石家庄,0.24976051272
邢台,衡水,0.0490966758
保定,北京,0.3996319485599999
保定,石家庄,0.1115508801599999
保定,沧州,0.0613897995599999
保定,天津,0.0509894287199999
张家口,北京,0.0990715536
承德,北京,0.10036730088
沧州,衡水,0.0845913034799999
沧州,天津,0.0710856356399999
沧州,保定,0.05812260624
沧州,石家庄,0.0542035508399999
沧州,廊坊,0.04666690584
沧州,北京,0.04208462568
廊坊,北京,0.7222551948
廊坊,天津,0.07372117152
廊坊,沧州,0.04757138424
衡水,石家庄,0.1210863394799999
衡水,沧州,0.08869976604
衡水,邢台,0.04442773536
