city_name,city_id_name,num
北京,廊坊,0.2958816923999999
北京,天津,0.1560036834
北京,保定,0.1413439793999999
北京,承德,0.0492321726
天津,唐山,0.33067184364
天津,北京,0.26931878244
天津,廊坊,0.2617025403599998
天津,沧州,0.19231011252
天津,保定,0.10345395492
天津,石家庄,0.06283399716
天津,邯郸,0.0516211963199997
石家庄,保定,0.28114499304
石家庄,邢台,0.23221600992
石家庄,天津,0.1367179624799998
石家庄,衡水,0.12617699184
石家庄,沧州,0.0835411255199998
石家庄,廊坊,0.04845699936
石家庄,北京,0.04310785008
唐山,天津,0.3695564800799999
唐山,秦皇岛,0.04038754284
秦皇岛,天津,0.1452202991999999
邯郸,邢台,0.08694109728
邯郸,天津,0.06026357232
邯郸,石家庄,0.04495853808
邢台,石家庄,0.3368721312
邢台,邯郸,0.0860488595999999
保定,石家庄,0.32147750448
保定,北京,0.2705413154399998
保定,廊坊,0.1631788092
保定,天津,0.15646865256
保定,沧州,0.14472587844
保定,衡水,0.057188835
张家口,北京,0.06205513032
承德,北京,0.0828447426
承德,天津,0.06332860584
沧州,天津,0.31529346228
沧州,保定,0.14056983324
沧州,廊坊,0.1279868558399998
沧州,石家庄,0.1003043055599999
沧州,衡水,0.0991059267599999
廊坊,天津,0.3318061546799999
廊坊,北京,0.32729758776
廊坊,保定,0.158409108
廊坊,沧州,0.1319669722799999
衡水,石家庄,0.15842644524
衡水,沧州,0.09603138384
衡水,保定,0.04915590624
