city_name,city_id_name,num
北京,廊坊,0.8550235260000001
北京,保定,0.670825071
北京,邯郸,0.417230919
北京,张家口,0.346978485
北京,承德,0.3307004819999991
北京,天津,0.251880678
北京,唐山,0.187625403
北京,石家庄,0.1756310849999991
北京,沧州,0.1722041369999991
北京,衡水,0.143075079
北京,邢台,0.1405048679999991
北京,秦皇岛,0.07710633
天津,沧州,0.32527191708
天津,唐山,0.2746819803599999
天津,邯郸,0.2069912199599999
天津,廊坊,0.1745709084
天津,北京,0.1161430941599999
天津,保定,0.1143617583599999
天津,衡水,0.09583586604
天津,石家庄,0.06626569176
天津,邢台,0.0555776769599999
天津,秦皇岛,0.04880860092
天津,承德,0.04560219648
天津,张家口,0.0406144562399996
石家庄,邢台,0.86573082204
石家庄,保定,0.5415408381599996
石家庄,邯郸,0.408993543
石家庄,衡水,0.38028052692
石家庄,沧州,0.21568149288
石家庄,张家口,0.08346807
石家庄,唐山,0.07545513528
石家庄,承德,0.05775990444
石家庄,廊坊,0.0434033964
石家庄,北京,0.04106629044
唐山,秦皇岛,0.22718546928
唐山,天津,0.16000925976
唐山,承德,0.10337258232
唐山,北京,0.07516070352
唐山,石家庄,0.0414129088799999
秦皇岛,唐山,0.1845832665599999
邯郸,邢台,0.19859122512
邯郸,石家庄,0.08586896832
邯郸,天津,0.0443194675199999
邢台,石家庄,0.21021840252
邢台,邯郸,0.19629292788
邢台,衡水,0.06168000636
保定,石家庄,0.27649659744
保定,沧州,0.13929266736
保定,北京,0.13563737712
保定,廊坊,0.08785751184
保定,衡水,0.08211348432
保定,邯郸,0.05757082128
保定,邢台,0.04999914864
张家口,北京,0.05613087132
承德,唐山,0.07128529416
承德,北京,0.04679821332
沧州,衡水,0.14595997176
沧州,保定,0.09248860908
沧州,廊坊,0.08716807548
沧州,天津,0.0732460125599999
沧州,石家庄,0.06925561236
廊坊,北京,0.65360190168
廊坊,保定,0.16218794592
廊坊,天津,0.15209970048
廊坊,沧州,0.14666756832
廊坊,承德,0.06712563312
廊坊,邯郸,0.05548534992
廊坊,石家庄,0.05218726968
廊坊,唐山,0.0494712036
廊坊,张家口,0.0426810383999999
廊坊,衡水,0.04054698648
衡水,沧州,0.1331189478
衡水,石家庄,0.1142414441999999
衡水,邢台,0.0708231859199999
衡水,保定,0.0625561412399999
