city_name,city_id_name,num
北京,廊坊,0.4973589378
北京,保定,0.19085643792
北京,天津,0.10432406988
北京,张家口,0.0827583706799997
北京,邯郸,0.06685366752
北京,承德,0.06496666884
北京,唐山,0.04016611476
北京,石家庄,0.03720083112
北京,邢台,0.0328876912799997
北京,沧州,0.0320789775599997
天津,唐山,0.23748539688
天津,廊坊,0.16689525768
天津,沧州,0.11244000744
天津,北京,0.1028599171199999
天津,邯郸,0.0589931877599999
天津,保定,0.05731247016
天津,石家庄,0.03042098856
石家庄,保定,0.13123446336
石家庄,邢台,0.1225015228799999
石家庄,衡水,0.06802079328
石家庄,邯郸,0.06105046464
石家庄,沧州,0.0382166294399999
唐山,天津,0.2593389992399999
唐山,秦皇岛,0.08660928564
唐山,承德,0.0521448192
唐山,保定,0.03307936968
唐山,廊坊,0.03193870176
唐山,北京,0.03120541524
唐山,沧州,0.0309609864
秦皇岛,唐山,0.0956854944
邯郸,邢台,0.11655098424
邯郸,天津,0.05282173944
邯郸,石家庄,0.04791948984
邢台,石家庄,0.1133342668799999
邢台,邯郸,0.11125838592
保定,北京,0.1288182528
保定,石家庄,0.12149502336
保定,廊坊,0.09652545792
保定,沧州,0.07649686656
保定,衡水,0.04623340032
保定,天津,0.04490992512
张家口,北京,0.0676674648
承德,唐山,0.0383085612
承德,北京,0.0359843148
沧州,天津,0.11340283176
沧州,保定,0.0781397603999999
沧州,廊坊,0.06124287204
沧州,衡水,0.05823749664
沧州,石家庄,0.04000488588
廊坊,北京,0.5395580845200001
廊坊,天津,0.17025302196
廊坊,保定,0.1073307963599999
廊坊,沧州,0.06679436256
廊坊,唐山,0.03533324976
衡水,石家庄,0.0666648791999999
衡水,沧州,0.0554758631999999
衡水,保定,0.04150764
