city_name,city_id_name,num
北京,廊坊,0.40397868234
北京,天津,0.20917195704
北京,保定,0.10524596327999995
天津,唐山,0.19962262403999995
北京,天津,0.20131368047999995
天津,廊坊,0.13502959523999994
天津,唐山,0.18666175571999988
唐山,秦皇岛,0.08725198662
唐山,承德,0.0461964546
唐山,秦皇岛,0.08626816872
北京,保定,0.12490398450000001
廊坊,保定,0.04742423964
北京,张家口,0.059934329999999994
唐山,承德,0.05213393279999995
北京,承德,0.04076366471999995
北京,廊坊,0.28319587578
天津,廊坊,0.12409941797999996
赤峰,朝阳,0.05760977579999995
赤峰,朝阳,0.05836682772
