city_name,city_id_name,num
北京,廊坊,0.5157915602400001
北京,天津,0.19163941631999998
北京,保定,0.10804955957999995
天津,唐山,0.20382072444
北京,天津,0.21334441446
天津,廊坊,0.17742547962
天津,唐山,0.19371114683999996
唐山,秦皇岛,0.08654301953999995
唐山,秦皇岛,0.09073217429999994
北京,保定,0.13017911436000001
保定,廊坊,0.051533607780000004
北京,张家口,0.06058248876
唐山,承德,0.04996581066
北京,承德,0.043051584239999996
北京,廊坊,0.45087114078
天津,廊坊,0.16540669151999998
保定,廊坊,0.047139200640000004
赤峰,朝阳,0.06316372224
赤峰,朝阳,0.0630998667
