city_name,city_id_name,num
北京,廊坊,1.20033564498
北京,保定,0.56313891792
北京,天津,0.4962274990200001
北京,张家口,0.24351167213999997
北京,石家庄,0.15435602352
北京,承德,0.14580056862
北京,唐山,0.1446151158
北京,秦皇岛,0.05514632604
赤峰,北京,0.050471038440000004
北京,天津,0.48162988476
天津,廊坊,0.3541922235
天津,唐山,0.33011146134
天津,保定,0.10257238007999996
天津,石家庄,0.056933780579999996
石家庄,保定,0.28607426424
北京,石家庄,0.13272707304
天津,石家庄,0.05498427096
石家庄,唐山,0.0444562182
石家庄,廊坊,0.04986646092
天津,唐山,0.31390586424
唐山,秦皇岛,0.13431230136
北京,唐山,0.1304076672
唐山,承德,0.06296583924
唐山,廊坊,0.052044388920000004
石家庄,唐山,0.04737788172
唐山,秦皇岛,0.13093499015999993
北京,秦皇岛,0.05019292655999995
北京,保定,0.49357603691999996
石家庄,保定,0.29449377198
保定,廊坊,0.16697842038
天津,保定,0.1009451127599999
北京,张家口,0.21252210407999994
石家庄,张家口,0.04231907208
北京,承德,0.12354853698
唐山,承德,0.06717782627999999
北京,廊坊,1.0705050736200001
天津,廊坊,0.3408330506399999
保定,廊坊,0.17755210043999994
石家庄,廊坊,0.059412932999999946
唐山,廊坊,0.056610825479999946
赤峰,朝阳,0.07558216109999996
赤峰,朝阳,0.07382352474000001
