city_name,city_id_name,num
呼伦贝尔,齐齐哈尔,0.03720750876
沈阳,营口,0.06335151911999985
沈阳,营口,0.05631711623999995
哈尔滨,绥化,0.16807790466
哈尔滨,佳木斯,0.05251996907999995
哈尔滨,大庆,0.05043606911999995
哈尔滨,齐齐哈尔,0.04173982325999995
呼伦贝尔,齐齐哈尔,0.04013468838
哈尔滨,齐齐哈尔,0.03869630334
齐齐哈尔,大庆,0.03227240231999989
大庆,绥化,0.1133907417
哈尔滨,大庆,0.04835805461999995
齐齐哈尔,大庆,0.03202080011999995
哈尔滨,佳木斯,0.0459935204399999
哈尔滨,绥化,0.16942786686
大庆,绥化,0.11121266304
