city_name,city_id_name,num
沈阳,营口,0.09764250299999999
沈阳,大连,0.0849892986
大连,营口,0.08481191508
沈阳,大连,0.07253894412
大连,营口,0.08800435512
沈阳,营口,0.08412018966
哈尔滨,绥化,0.04854428982
大庆,绥化,0.08026053318
大庆,绥化,0.0817971696
哈尔滨,绥化,0.05353130105999995
