city_name,city_id_name,num
运城,临汾,0.17903887325999995
运城,临汾,0.18317692511999994
西安,咸阳,0.35875266767999997
西安,渭南,0.09160346375999985
西安,宝鸡,0.14275599084
宝鸡,咸阳,0.06416618958
西安,咸阳,0.41978389805999994
宝鸡,咸阳,0.0423480312
西安,渭南,0.13137489791999984
咸阳,渭南,0.04851187847999995
西安,延安,0.10461221928
延安,榆林,0.06945407693999994
西安,榆林,0.10402745759999996
延安,榆林,0.0676138104
