city_name,city_id_name,num
北京,廊坊,0.50251308282
北京,天津,0.19554370704
北京,保定,0.1099073448
北京,张家口,0.0495129445199999
天津,唐山,0.2013400508399999
北京,天津,0.20213812196999995
天津,廊坊,0.1687547374199999
天津,唐山,0.19461695849999988
唐山,秦皇岛,0.0860855768999999
唐山,秦皇岛,0.08622687653999996
北京,保定,0.12335500773
保定,廊坊,0.05424460488
北京,张家口,0.0541439494199999
唐山,承德,0.05139845118
北京,承德,0.0437033264399999
北京,廊坊,0.4500180374399999
天津,廊坊,0.16461348281999996
保定,廊坊,0.051242479199999996
赤峰,朝阳,0.0615620979
赤峰,朝阳,0.061407477
