city_name,city_id_name,num
北京,廊坊,0.40397868234
北京,天津,0.20917195704
北京,保定,0.1052459632799999
天津,唐山,0.1996226240399999
北京,天津,0.20524281875999995
天津,廊坊,0.1350295952399999
天津,唐山,0.19314218987999984
唐山,秦皇岛,0.08725198662
唐山,承德,0.0461964546
唐山,秦皇岛,0.08676007766999999
北京,保定,0.11507497388999995
廊坊,保定,0.04742423964
北京,张家口,0.0599343299999999
唐山,承德,0.04916519369999995
北京,承德,0.0407636647199999
北京,廊坊,0.34358727906
天津,廊坊,0.1295645066099999
赤峰,朝阳,0.0576097757999999
赤峰,朝阳,0.05798830175999995
