city_name,city_id_name,num
上海,苏州,1.9149283807199997
上海,苏州,1.5504263881199998
