city_name,city_id_name,num
西安,咸阳,0.1081443684599999
西安,咸阳,0.1104468177599999
