city_name,city_id_name,num
西安,咸阳,0.08125964388
西安,渭南,0.03015835901999995
西安,宝鸡,0.0567775089
宝鸡,咸阳,0.023773370399999952
西安,咸阳,0.0876572118
宝鸡,咸阳,0.0207927615599999
西安,渭南,0.03673368791999995
延安,榆林,0.0309559595399999
延安,榆林,0.03098734541999995
平凉,庆阳,0.02566800252
平凉,庆阳,0.022087834919999952
