city_name,city_id_name,num
上海,苏州,2.26339856172
上海,杭州,0.57331373292
上海,苏州,2.0635855731
上海,杭州,0.5654291621399999
杭州,金华,0.4613301297
杭州,金华,0.44227974537
郑州,开封,0.7483527662399999
郑州,许昌,0.4678892229599999
郑州,周口,0.42519798504
郑州,商丘,0.3152226456
驻马店,郑州,0.2610973423799999
郑州,开封,0.6886037707199999
郑州,许昌,0.42591764735999993
郑州,商丘,0.28519904304
郑州,周口,0.38896921224000003
