city_name,city_id_name,num
北京,上海,0.2888910117
上海,苏州,2.29627543626
上海,杭州,0.5997233536200001
北京,上海,0.29090403747
上海,苏州,2.10005257743
上海,杭州,0.59886122121
杭州,金华,0.4556016185399999
杭州,金华,0.43241959106999994
郑州,开封,0.7678015191
郑州,许昌,0.4783093497
郑州,周口,0.4340021958
郑州,商丘,0.3288657024
驻马店,郑州,0.29253510612
郑州,开封,0.7100216514000001
郑州,许昌,0.42574383594
郑州,商丘,0.29740271445
郑州,周口,0.3986516169
