city_name,city_id_name,num
上海,苏州,1.95489054072
上海,杭州,0.50576954688
上海,苏州,1.91534571216
杭州,金华,0.69213475836
上海,杭州,0.4695097737599999
杭州,金华,0.5943052603800001
郑州,开封,0.98815153608
郑州,周口,0.6122210687999999
郑州,许昌,0.56241863028
郑州,商丘,0.39717238356
驻马店,郑州,0.3145758443999999
郑州,开封,1.0299813811199998
郑州,许昌,0.539545779
郑州,商丘,0.3700921023
郑州,周口,0.58802132898
