city_name,city_id_name,num
上海,苏州,1.7079136173
上海,杭州,0.4014597734999999
上海,苏州,1.67811682365
上海,杭州,0.41458328009999995
杭州,金华,0.35070700734
杭州,金华,0.33691617413999997
郑州,开封,0.4379382352799998
郑州,周口,0.3142394465399999
郑州,许昌,0.29310794298
商丘,郑州,0.2511019310399999
郑州,开封,0.43731099152999986
郑州,许昌,0.28258268390999997
郑州,周口,0.3001732335899999
