city_name,city_id_name,num
沈阳,铁岭,0.0741078072
沈阳,抚顺,0.0600573851999999
沈阳,大连,0.0262710215999999
大连,沈阳,0.03232056816
抚顺,沈阳,0.0513202392
铁岭,沈阳,0.0706888619999999
铁岭,四平,0.0294377911199999
长春,四平,0.1211192352
长春,吉林,0.0998529508799999
长春,通化,0.0201395937599999
吉林,长春,0.08669407968
四平,长春,0.09207290736
四平,铁岭,0.03060389304
辽源,通化,0.0223849332
通化,辽源,0.02481212088
