city_name,city_id_name,num
沈阳,铁岭,0.2052440856
沈阳,抚顺,0.15679089324
沈阳,本溪,0.06313204152
沈阳,大连,0.05144092272
沈阳,丹东,0.042217929
大连,沈阳,0.0495229464
大连,丹东,0.0346839408
抚顺,沈阳,0.13917311136
本溪,沈阳,0.05221897632
丹东,沈阳,0.02964165192
丹东,大连,0.02549347992
铁岭,沈阳,0.15340062528
铁岭,四平,0.0377127576
长春,四平,0.1280895443999999
长春,吉林,0.1205893331999999
长春,辽源,0.0203326038
吉林,长春,0.1058723136
四平,长春,0.0912661344
四平,铁岭,0.03348314496
辽源,通化,0.02157269436
通化,长春,0.02766881592
通化,辽源,0.0219001514399999
