city_name,city_id_name,num
长沙,岳阳,0.4155279507
长沙,益阳,0.32558699898
长沙,株洲,0.2608360833599999
长沙,常德,0.17346510612
长沙,邵阳,0.18513027252
长沙,衡阳,0.17951237334
长沙,张家界,0.05769443862
长沙,深圳,0.06571782072
长沙,广州,0.0649299272399999
长沙,湘西土家族苗族自治州,0.04816661436
长沙,重庆,0.033587217
长沙,株洲,0.26822656871999995
株洲,衡阳,0.04258874376
长沙,衡阳,0.19363737203999995
衡阳,广州,0.07407564696
株洲,衡阳,0.04421240172
衡阳,邵阳,0.03828325032
衡阳,深圳,0.0375532669799999
长沙,邵阳,0.19748377854
邵阳,深圳,0.03263000598
衡阳,邵阳,0.035063415269999995
邵阳,广州,0.0299819313
长沙,岳阳,0.45098255142
岳阳,益阳,0.0563036103
长沙,常德,0.17458040888999998
常德,益阳,0.04866156162
常德,张家界,0.0324059049
长沙,张家界,0.0441179379
常德,张家界,0.03053693033999995
长沙,益阳,0.34490744784
常德,益阳,0.05032346211
岳阳,益阳,0.053900467470000005
广州,深圳,0.62653059846
长沙,广州,0.07064218169999995
衡阳,广州,0.07285287500999996
广州,重庆,0.04690264986
邵阳,广州,0.029106403109999998
广州,深圳,0.6074988174
长沙,深圳,0.06956202564
深圳,重庆,0.0510826629599999
衡阳,深圳,0.0366124762799999
邵阳,深圳,0.03258918117
重庆,恩施土家族苗族自治州,0.1833770987999999
深圳,重庆,0.0506014613999999
广州,重庆,0.04522770918
长沙,重庆,0.03463261596
重庆,恩施土家族苗族自治州,0.1885028265899999
恩施土家族苗族自治州,湘西土家族苗族自治州,0.04311165708
长沙,湘西土家族苗族自治州,0.04825623195
恩施土家族苗族自治州,湘西土家族苗族自治州,0.04180559606999995
张家界,湘西土家族苗族自治州,0.028323513
