city_name,city_id_name,num
长沙,岳阳,0.4173309977399999
长沙,益阳,0.34812757854
长沙,株洲,0.3331365489
长沙,常德,0.22656929418
长沙,衡阳,0.20908299474
长沙,邵阳,0.19842443964
长沙,张家界,0.10034611614
长沙,广州,0.0877901004
长沙,深圳,0.07297892964
长沙,湘西土家族苗族自治州,0.08154075438
长沙,重庆,0.03986587854
长沙,株洲,0.3300068482199999
株洲,衡阳,0.04874805018
长沙,衡阳,0.20944369584
衡阳,广州,0.08861842746
株洲,衡阳,0.04888170018
衡阳,邵阳,0.03928806828
衡阳,深圳,0.03685072644
长沙,邵阳,0.19458301707
衡阳,邵阳,0.03915820259999995
邵阳,深圳,0.0328524692399999
邵阳,广州,0.0326965653
长沙,岳阳,0.4174597699199999
岳阳,益阳,0.0595812186
长沙,常德,0.22243848695999996
常德,益阳,0.0588797553599999
常德,张家界,0.0538393294799999
长沙,张家界,0.09957905342999995
张家界,湘西土家族苗族自治州,0.1129094996399999
常德,张家界,0.05448768101999995
长沙,益阳,0.34211844449999995
常德,益阳,0.05909082839999995
岳阳,益阳,0.05916940164
广州,深圳,0.5509060614
衡阳,广州,0.09060136091999996
长沙,广州,0.08539809506999996
广州,重庆,0.0554118974999999
邵阳,广州,0.03464127081
广州,深圳,0.5340555585
长沙,深圳,0.06664290876
深圳,重庆,0.0545419137599999
衡阳,深圳,0.037154273939999996
邵阳,深圳,0.03388550273999995
重庆,恩施土家族苗族自治州,0.1725685446599999
深圳,重庆,0.0568128694499999
广州,重庆,0.05358092165999995
长沙,重庆,0.0405156087
重庆,湘西土家族苗族自治州,0.0293463210599999
重庆,恩施土家族苗族自治州,0.18634158215999985
恩施土家族苗族自治州,湘西土家族苗族自治州,0.0481699742399999
张家界,湘西土家族苗族自治州,0.1343705735699999
长沙,湘西土家族苗族自治州,0.08172737676
恩施土家族苗族自治州,湘西土家族苗族自治州,0.048369135419999904
重庆,湘西土家族苗族自治州,0.03024073358999995
