city_name,city_id_name,num
长沙,岳阳,0.43862085792
长沙,益阳,0.36366941628
长沙,株洲,0.34274365596
长沙,常德,0.23667233346
长沙,衡阳,0.2246482981799999
长沙,邵阳,0.20971989288
长沙,张家界,0.09640455732
长沙,湘西土家族苗族自治州,0.08185104918
长沙,深圳,0.0734061155399999
长沙,广州,0.0866310713999999
长沙,重庆,0.0419570749799999
长沙,株洲,0.3406378779
株洲,衡阳,0.0509634099
长沙,衡阳,0.22351041503999997
衡阳,广州,0.09155505168
株洲,衡阳,0.05142801942
衡阳,邵阳,0.04492735146
衡阳,深圳,0.04261756356
长沙,邵阳,0.20575491128999995
衡阳,邵阳,0.04532645223
邵阳,广州,0.0341187713999999
邵阳,深圳,0.0351504910799999
长沙,岳阳,0.43925924969999997
岳阳,益阳,0.06051870288
长沙,常德,0.23408905878
常德,益阳,0.0628794333
常德,张家界,0.0529912529999999
长沙,张家界,0.09615397248
张家界,湘西土家族苗族自治州,0.10722972294
常德,张家界,0.05393846051999995
长沙,益阳,0.35388958239
岳阳,益阳,0.06065544383999995
常德,益阳,0.06123781034999995
广州,深圳,0.57379447116
衡阳,广州,0.09932259447
长沙,广州,0.09035038889999994
广州,重庆,0.0524781196199999
邵阳,广州,0.03562157006999995
广州,深圳,0.56289969252
长沙,深圳,0.07014589631999996
深圳,重庆,0.05364806256
衡阳,深圳,0.04419622116
邵阳,深圳,0.0374138011799999
重庆,恩施土家族苗族自治州,0.1687196158199999
深圳,重庆,0.0548748108
广州,重庆,0.0479357886599999
长沙,重庆,0.0425767298399999
重庆,湘西土家族苗族自治州,0.0273155587199999
重庆,恩施土家族苗族自治州,0.1831681268999999
恩施土家族苗族自治州,湘西土家族苗族自治州,0.0482977177199999
张家界,湘西土家族苗族自治州,0.12768500123999993
长沙,湘西土家族苗族自治州,0.0827665209
恩施土家族苗族自治州,湘西土家族苗族自治州,0.0490882663799999
重庆,湘西土家族苗族自治州,0.02836371491999995
