city_name,city_id_name,num
长沙,岳阳,0.2857828392
长沙,益阳,0.1617606530999999
长沙,衡阳,0.0855774088199999
长沙,邵阳,0.0836111403
长沙,常德,0.07260032592
长沙,株洲,0.05507216406
长沙,株洲,0.05563380833999995
长沙,衡阳,0.0905841030599999
衡阳,广州,0.05933724174
衡阳,深圳,0.02827969362
长沙,邵阳,0.08940964518
邵阳,深圳,0.03446031924
广州,邵阳,0.02760024456
长沙,岳阳,0.30247632198
岳阳,益阳,0.0374900756399999
长沙,常德,0.07671497525999996
长沙,益阳,0.17019702179999996
岳阳,益阳,0.03736427696999995
常德,益阳,0.02674118448
广州,深圳,0.57726609228
衡阳,广州,0.05522365512
广州,深圳,0.5775660466200001
邵阳,深圳,0.034538447789999954
深圳,重庆,0.0318592601999999
衡阳,深圳,0.029445353280000003
重庆,恩施土家族苗族自治州,0.08885187756
深圳,重庆,0.032360242769999895
广州,重庆,0.031288518
重庆,恩施土家族苗族自治州,0.08116863714
