city_name,city_id_name,num
长沙,岳阳,0.4029778738799999
长沙,株洲,0.3281058851399999
长沙,益阳,0.3176719381799999
长沙,常德,0.2364890677199999
长沙,邵阳,0.2111323400999999
长沙,衡阳,0.1892344177799999
长沙,张家界,0.0682655671799999
长沙,湘西土家族苗族自治州,0.0631415914199999
长沙,广州,0.0373011479999999
长沙,重庆,0.0308748850199999
长沙,深圳,0.0315926341199999
长沙,株洲,0.3243712594499999
株洲,衡阳,0.0443032658999999
长沙,衡阳,0.18985499360999997
衡阳,广州,0.05744415024
株洲,衡阳,0.045274283369999904
衡阳,邵阳,0.0360326183399999
长沙,邵阳,0.20385595052999994
邵阳,广州,0.0291908901599999
衡阳,邵阳,0.03346683074999995
长沙,岳阳,0.4090384931399999
岳阳,益阳,0.0502869934799999
长沙,常德,0.23058014120999995
常德,益阳,0.0555605324999999
常德,张家界,0.0455142936599999
长沙,张家界,0.06858631502999996
张家界,湘西土家族苗族自治州,0.0673078248
常德,张家界,0.04657933430999995
长沙,益阳,0.32429663090999994
常德,益阳,0.05588951480999995
岳阳,益阳,0.0516409943399999
广州,深圳,0.34229562228
衡阳,广州,0.05143761953999995
长沙,广州,0.0346858872299999
邵阳,广州,0.028094465249999902
广州,深圳,0.35219694564
长沙,深圳,0.0314142413399999
邵阳,深圳,0.0286568603999999
重庆,恩施土家族苗族自治州,0.12190473756
广州,重庆,0.0287326472399999
长沙,重庆,0.02967016634999995
重庆,恩施土家族苗族自治州,0.13283901180000002
恩施土家族苗族自治州,湘西土家族苗族自治州,0.0431387856
张家界,湘西土家族苗族自治州,0.07511478299999999
长沙,湘西土家族苗族自治州,0.06343734428999995
恩施土家族苗族自治州,湘西土家族苗族自治州,0.04266501822
重庆,湘西土家族苗族自治州,0.0263521933199999
