city_name,city_id_name,num
长沙,株洲,0.5083421101200001
长沙,岳阳,0.5921357012999999
长沙,益阳,0.4589690671799999
长沙,常德,0.3361698919799999
长沙,衡阳,0.2922373841399999
长沙,邵阳,0.27368011242
长沙,张家界,0.0919556047799999
长沙,湘西土家族苗族自治州,0.08104062798
长沙,广州,0.0545703560999999
长沙,深圳,0.04556653218
长沙,重庆,0.03438042894
长沙,株洲,0.49987734606
株洲,衡阳,0.06213002616
株洲,邵阳,0.02610802206
长沙,衡阳,0.2927501724599999
衡阳,广州,0.06529074984
株洲,衡阳,0.06190926551999995
衡阳,邵阳,0.04349609928
深圳,衡阳,0.0306495089999999
长沙,邵阳,0.26765879112
衡阳,邵阳,0.044671145219999944
邵阳,深圳,0.03207628674
邵阳,广州,0.0337121384399999
株洲,邵阳,0.02615253479999995
长沙,岳阳,0.64683534636
岳阳,益阳,0.0604602694799999
株洲,岳阳,0.02941492644
常德,岳阳,0.02793423996
长沙,常德,0.3403239842699999
常德,益阳,0.0627123465
常德,张家界,0.05438034306
长沙,张家界,0.0932763308399999
张家界,湘西土家族苗族自治州,0.0816975898199999
常德,张家界,0.05459533812
长沙,益阳,0.49022109792
常德,益阳,0.06309722367000001
岳阳,益阳,0.0597769016399999
广州,深圳,0.5920216387199999
衡阳,广州,0.058700745359999945
长沙,广州,0.0481667723099999
邵阳,广州,0.0345623103899999
广州,重庆,0.0312605065799999
广州,深圳,0.5858055569699999
长沙,深圳,0.04107387770999995
邵阳,深圳,0.03205525751999995
重庆,恩施土家族苗族自治州,0.15670688004
广州,重庆,0.034219304549999954
长沙,重庆,0.0332647479
深圳,重庆,0.0301011778799999
重庆,恩施土家族苗族自治州,0.17452105938
恩施土家族苗族自治州,湘西土家族苗族自治州,0.04720992984
张家界,湘西土家族苗族自治州,0.09210655070999996
长沙,湘西土家族苗族自治州,0.08130278285999995
恩施土家族苗族自治州,湘西土家族苗族自治州,0.047559238289999944
重庆,湘西土家族苗族自治州,0.02730742632
