city_name,city_id_name,num
长沙,岳阳,0.3926761723799999
长沙,益阳,0.3225897932399999
长沙,株洲,0.2934638099999999
长沙,常德,0.2101019228999999
长沙,邵阳,0.1934393821199999
长沙,衡阳,0.1909982672999999
长沙,张家界,0.0936090561599999
长沙,湘西土家族苗族自治州,0.0729144682199999
长沙,广州,0.0729095498999999
长沙,深圳,0.07009867494
长沙,重庆,0.04017415158
长沙,株洲,0.2929653327599999
株洲,衡阳,0.0449871245999999
长沙,衡阳,0.19469663009999996
衡阳,广州,0.0719272872
衡阳,邵阳,0.03784646592
株洲,衡阳,0.04431851576999995
衡阳,深圳,0.03636331056
长沙,邵阳,0.1921247002799999
衡阳,邵阳,0.034842794760000004
邵阳,深圳,0.0318952533599999
邵阳,广州,0.02858763618
长沙,岳阳,0.39439026521999987
岳阳,益阳,0.0505094680799999
长沙,常德,0.21018083147999989
常德,益阳,0.0533024323199999
常德,张家界,0.04806001512
长沙,张家界,0.0925171680599999
张家界,湘西土家族苗族自治州,0.0933227001
常德,张家界,0.04838539697999995
长沙,益阳,0.3219157274399999
常德,益阳,0.0533683298699999
岳阳,益阳,0.0500133617099999
广州,深圳,0.4984350681599999
衡阳,广州,0.07341157979999999
长沙,广州,0.07348758209999989
广州,重庆,0.04549749264
邵阳,广州,0.02936984831999995
广州,深圳,0.4882743196199999
长沙,深圳,0.07043364396
深圳,重庆,0.0456927042599999
衡阳,深圳,0.03763434393
邵阳,深圳,0.0330498913499999
重庆,恩施土家族苗族自治州,0.16859226114
深圳,重庆,0.048078908369999895
广州,重庆,0.045893465999999994
长沙,重庆,0.03983989212
重庆,恩施土家族苗族自治州,0.17656302078
恩施土家族苗族自治州,湘西土家族苗族自治州,0.04576810392
张家界,湘西土家族苗族自治州,0.11307808818000001
长沙,湘西土家族苗族自治州,0.0727781994899999
恩施土家族苗族自治州,湘西土家族苗族自治州,0.04637641472999995
重庆,湘西土家族苗族自治州,0.02764769922
