city_name,city_id_name,num
长沙,岳阳,0.57413222172
长沙,株洲,0.46148348214
长沙,益阳,0.46794871098
长沙,常德,0.28074692988
长沙,衡阳,0.27982248498
长沙,邵阳,0.2359783691999999
长沙,张家界,0.1049819729399999
长沙,湘西土家族苗族自治州,0.0953428968
长沙,深圳,0.0776215386
长沙,广州,0.07346298726
长沙,重庆,0.0423625836599999
长沙,株洲,0.45995432930999997
株洲,衡阳,0.0646828496999999
深圳,株洲,0.02974686768
长沙,衡阳,0.28436609817
衡阳,广州,0.10264193478
株洲,衡阳,0.0652620515399999
衡阳,深圳,0.0544571553599999
衡阳,邵阳,0.0534956772599999
长沙,邵阳,0.2427274358099999
邵阳,深圳,0.0449144432999999
衡阳,邵阳,0.05002286624999995
邵阳,广州,0.0336729587399999
株洲,邵阳,0.0256737146399999
长沙,岳阳,0.58938392232
岳阳,益阳,0.06732469548
深圳,岳阳,0.03376681344
岳阳,常德,0.0262777089599999
株洲,岳阳,0.0263695289399999
广州,岳阳,0.0255510271799999
长沙,常德,0.28079184033
常德,益阳,0.06517929546
常德,张家界,0.06248428776
深圳,常德,0.0269513859599999
岳阳,常德,0.026110861109999897
长沙,张家界,0.10215382634999995
张家界,湘西土家族苗族自治州,0.11381057604
常德,张家界,0.061112108879999946
长沙,益阳,0.47434821966
岳阳,益阳,0.06651046242
常德,益阳,0.06389706222
广州,深圳,0.66669303582
衡阳,广州,0.10415906963999995
长沙,广州,0.07062549650999994
广州,重庆,0.0451141163999999
邵阳,广州,0.0338070890699999
广州,深圳,0.65512526382
长沙,深圳,0.07028738064000001
衡阳,深圳,0.05004815525999995
深圳,重庆,0.04974373134
邵阳,深圳,0.0412028361899999
重庆,恩施土家族苗族自治州,0.1638565329599999
深圳,重庆,0.05246503406999995
广州,重庆,0.0461339047799999
长沙,重庆,0.0442682714699999
重庆,湘西土家族苗族自治州,0.0312131847599999
重庆,恩施土家族苗族自治州,0.16779935537999996
恩施土家族苗族自治州,湘西土家族苗族自治州,0.0509320224
张家界,湘西土家族苗族自治州,0.13178753945999994
长沙,湘西土家族苗族自治州,0.09433209699
恩施土家族苗族自治州,湘西土家族苗族自治州,0.05065729794
重庆,湘西土家族苗族自治州,0.032409174869999904
