city_name,city_id_name,num
长沙,岳阳,0.664578675
长沙,株洲,0.51740061876
长沙,益阳,0.5146467759
长沙,衡阳,0.34428427272
长沙,常德,0.3430884373199999
长沙,邵阳,0.2683786624199999
长沙,深圳,0.09375350832
长沙,张家界,0.12130179624
长沙,广州,0.08981623602
长沙,湘西土家族苗族自治州,0.1108526747399999
长沙,重庆,0.0445297937399999
长沙,株洲,0.51595723602
株洲,衡阳,0.07160892318
深圳,株洲,0.03663878994
广州,株洲,0.0274836807
长沙,衡阳,0.34842960809999995
衡阳,广州,0.11324378664
株洲,衡阳,0.07165986975
衡阳,深圳,0.05660146188
衡阳,邵阳,0.05750458596
长沙,邵阳,0.26815284576
邵阳,深圳,0.04202281944
衡阳,邵阳,0.0519694461
邵阳,广州,0.0337798188
株洲,邵阳,0.02880963612
长沙,岳阳,0.71634026862
岳阳,益阳,0.07250038164
株洲,岳阳,0.0357274103399999
岳阳,常德,0.03089802834
深圳,岳阳,0.02988400392
长沙,常德,0.3496875591599999
常德,益阳,0.07068533688
常德,张家界,0.0686013996599999
岳阳,常德,0.02991615849
长沙,张家界,0.12196984131
张家界,湘西土家族苗族自治州,0.1142268479999999
常德,张家界,0.07026584678999989
长沙,益阳,0.53712910836
岳阳,益阳,0.07187701535999999
常德,益阳,0.06947751023999996
株洲,益阳,0.0261616278599998
广州,深圳,0.8717363661599999
衡阳,广州,0.11195636616
长沙,广州,0.07802491373999995
广州,重庆,0.0447129541799999
邵阳,广州,0.03251222387999995
广州,深圳,0.8355524479199999
长沙,深圳,0.07779417876
深圳,重庆,0.0491840748
衡阳,深圳,0.04917774545999995
邵阳,深圳,0.0394166088
重庆,恩施土家族苗族自治州,0.1777515337799999
深圳,重庆,0.05196457151999995
广州,重庆,0.0468387262799999
长沙,重庆,0.0448480265399999
重庆,湘西土家族苗族自治州,0.0341943849
重庆,恩施土家族苗族自治州,0.19937649581999994
恩施土家族苗族自治州,湘西土家族苗族自治州,0.0519914781
张家界,湘西土家族苗族自治州,0.1319783284799999
长沙,湘西土家族苗族自治州,0.11085134552999995
恩施土家族苗族自治州,湘西土家族苗族自治州,0.05090977089
重庆,湘西土家族苗族自治州,0.0341453961
常德,湘西土家族苗族自治州,0.02780242866
