city_name,city_id_name,num
长沙,岳阳,0.51908529402
长沙,益阳,0.40261227552
长沙,株洲,0.4260543721199999
长沙,常德,0.27737628012
长沙,邵阳,0.2426116422599999
长沙,衡阳,0.2464423785
长沙,张家界,0.08680654008
长沙,湘西土家族苗族自治州,0.0786225933
长沙,广州,0.05296587732
长沙,深圳,0.04427593488
长沙,重庆,0.03325339332
长沙,株洲,0.42089347088999995
株洲,衡阳,0.05144822892
长沙,衡阳,0.24887534147999996
衡阳,广州,0.0742115682
株洲,衡阳,0.05143375259999995
衡阳,邵阳,0.0371708092799999
长沙,邵阳,0.23937268553999996
衡阳,邵阳,0.03530763755999995
邵阳,广州,0.0331165778399999
长沙,岳阳,0.49064709393000006
岳阳,益阳,0.06054510078
长沙,常德,0.26361924336
常德,益阳,0.06012561312
常德,张家界,0.04781581308
长沙,张家界,0.08770103199
张家界,湘西土家族苗族自治州,0.07557876558
常德,张家界,0.04736043675
长沙,益阳,0.38327480208
常德,益阳,0.06080196311999995
岳阳,益阳,0.05956129179
广州,深圳,0.51496733016
衡阳,广州,0.07510349969999994
长沙,广州,0.05516978930999995
邵阳,广州,0.036382801589999944
广州,重庆,0.03174438762
广州,深圳,0.53334221337
长沙,深圳,0.04670873991
邵阳,深圳,0.0367076723399999
深圳,重庆,0.03087126594
衡阳,深圳,0.0269421616799999
重庆,恩施土家族苗族自治州,0.1175706754199999
长沙,重庆,0.03402852119999995
深圳,重庆,0.03258387567
广州,重庆,0.031232543760000002
重庆,恩施土家族苗族自治州,0.12339916325999994
恩施土家族苗族自治州,湘西土家族苗族自治州,0.0435370707
张家界,湘西土家族苗族自治州,0.08504674784999999
长沙,湘西土家族苗族自治州,0.07918070921999995
恩施土家族苗族自治州,湘西土家族苗族自治州,0.043705513439999996
重庆,湘西土家族苗族自治州,0.0292393475999999
