city_name,city_id_name,num
长沙,岳阳,0.4320203736599999
长沙,益阳,0.3559706028
长沙,株洲,0.32827603212
长沙,衡阳,0.2265619426199999
长沙,邵阳,0.23065982172
长沙,常德,0.2316685779
长沙,张家界,0.08875163196
长沙,湘西土家族苗族自治州,0.08329691052
长沙,广州,0.0542154286799999
长沙,深圳,0.05091854076
长沙,重庆,0.03696465618
长沙,株洲,0.32752403298
株洲,衡阳,0.0531746515799999
长沙,衡阳,0.22461438347999996
衡阳,广州,0.0893869441199999
株洲,衡阳,0.052410309659999946
衡阳,邵阳,0.04164142284
衡阳,深圳,0.03139437042
长沙,邵阳,0.23165630396999995
衡阳,邵阳,0.04276740222
邵阳,深圳,0.03485297808
邵阳,广州,0.03321293868
长沙,岳阳,0.4318290791999999
岳阳,益阳,0.0604602662399999
长沙,常德,0.23498318214
常德,益阳,0.05690130768
常德,张家界,0.0531094838399999
长沙,张家界,0.09098637336
张家界,湘西土家族苗族自治州,0.0881228143799999
常德,张家界,0.056278041839999904
长沙,益阳,0.35837765873999994
岳阳,益阳,0.0610150976099999
常德,益阳,0.055200591179999994
广州,深圳,0.4123735272
衡阳,广州,0.0911847779999999
长沙,广州,0.0519038085599999
邵阳,广州,0.03495807234
广州,重庆,0.03660458688
广州,深圳,0.41987573019
长沙,深圳,0.04766449455
邵阳,深圳,0.036900739079999995
衡阳,深圳,0.03142297233
深圳,重庆,0.03582673578
重庆,恩施土家族苗族自治州,0.11711708028
深圳,重庆,0.03899231541
广州,重庆,0.03788474571
长沙,重庆,0.03699440019
重庆,湘西土家族苗族自治州,0.0288307220399999
重庆,恩施土家族苗族自治州,0.12878927990999994
恩施土家族苗族自治州,湘西土家族苗族自治州,0.0451493027999999
张家界,湘西土家族苗族自治州,0.10241916371999996
长沙,湘西土家族苗族自治州,0.08306417079
恩施土家族苗族自治州,湘西土家族苗族自治州,0.0421874381699999
重庆,湘西土家族苗族自治州,0.0296507360699999
