city_name,city_id_name,num
长沙,岳阳,0.3613446320399999
长沙,益阳,0.3313227823199999
长沙,株洲,0.2222645054399999
长沙,常德,0.1620751679999999
长沙,衡阳,0.15496402572
长沙,邵阳,0.13064930316
长沙,深圳,0.0333418194
长沙,湘西土家族苗族自治州,0.0333644507999999
长沙,广州,0.0302415735599999
长沙,株洲,0.22367533751999985
株洲,衡阳,0.0389703214799999
长沙,衡阳,0.16152150221999995
衡阳,广州,0.07562000592
株洲,衡阳,0.03993646355999985
深圳,衡阳,0.0375176448
衡阳,邵阳,0.0277061407199999
长沙,邵阳,0.13122961875
深圳,邵阳,0.0268891115399999
衡阳,邵阳,0.0270626062499999
广州,邵阳,0.0261392621399999
长沙,岳阳,0.3608292436199999
岳阳,益阳,0.0606345588
长沙,常德,0.1658466251999999
常德,益阳,0.0504873891
长沙,益阳,0.3416716436399999
岳阳,益阳,0.0599110506
常德,益阳,0.04972924206
广州,深圳,0.47203678584
衡阳,广州,0.06290248266
长沙,广州,0.0294845937299999
广州,重庆,0.0282602033999999
广州,深圳,0.46534549896
深圳,重庆,0.0346630816799999
长沙,深圳,0.03129101441999995
重庆,恩施土家族苗族自治州,0.090605952
深圳,重庆,0.036626725799999954
广州,重庆,0.0296845381799999
重庆,恩施土家族苗族自治州,0.09091075986
长沙,湘西土家族苗族自治州,0.0320342444999999
