city_name,city_id_name,num
长沙,岳阳,0.4517524304999999
长沙,益阳,0.3707748334799999
长沙,株洲,0.3520371018599999
长沙,常德,0.2416691343599999
长沙,衡阳,0.2201525130599999
长沙,邵阳,0.199291752
长沙,张家界,0.10463173542
长沙,广州,0.0868784794199999
长沙,深圳,0.07765414758
长沙,湘西土家族苗族自治州,0.08808878628
长沙,重庆,0.0413981927999999
长沙,株洲,0.3494189323799999
株洲,衡阳,0.05299142958
长沙,衡阳,0.2141580335399999
衡阳,广州,0.07639932474
株洲,衡阳,0.0513369495
衡阳,邵阳,0.0394605189
衡阳,深圳,0.03621606714
长沙,邵阳,0.19380481118999998
衡阳,邵阳,0.03734169498
邵阳,深圳,0.0327169756799999
邵阳,广州,0.03033130212
长沙,岳阳,0.4542483272399999
岳阳,益阳,0.0606198589199999
长沙,常德,0.2393769534299999
常德,益阳,0.06055571826
常德,张家界,0.05683510962
长沙,张家界,0.1045559421
张家界,湘西土家族苗族自治州,0.11761931592
常德,张家界,0.05899848921
长沙,益阳,0.3722448465899999
常德,益阳,0.06079571883
岳阳,益阳,0.0603011287799999
广州,深圳,0.62252686566
衡阳,广州,0.07663354596
长沙,广州,0.0777139709399999
广州,重庆,0.0525920866199999
邵阳,广州,0.0304789716
广州,深圳,0.60794074206
长沙,深圳,0.06958229994
深圳,重庆,0.05294536002
邵阳,深圳,0.03294219293999995
衡阳,深圳,0.03437698563
重庆,恩施土家族苗族自治州,0.19781772372
广州,重庆,0.0561116386799999
深圳,重庆,0.055435008419999945
长沙,重庆,0.04195367459999995
重庆,湘西土家族苗族自治州,0.0301906407599999
重庆,恩施土家族苗族自治州,0.22214379437999995
恩施土家族苗族自治州,湘西土家族苗族自治州,0.04917152952
张家界,湘西土家族苗族自治州,0.14280220457999995
长沙,湘西土家族苗族自治州,0.08890844471999995
恩施土家族苗族自治州,湘西土家族苗族自治州,0.04892336252999995
重庆,湘西土家族苗族自治州,0.03156841673999995
