city_name,city_id_name,num
长沙,岳阳,0.44798798628
长沙,株洲,0.37073348784
长沙,益阳,0.3652581178799999
长沙,常德,0.26581950144
长沙,邵阳,0.23362897716
长沙,衡阳,0.22107657726
长沙,张家界,0.0778861089
长沙,湘西土家族苗族自治州,0.07003614942
长沙,广州,0.04175448102
长沙,深圳,0.03612583152
长沙,重庆,0.03239997246
长沙,株洲,0.36471334266
株洲,衡阳,0.0492391515599999
长沙,衡阳,0.21841346249999993
衡阳,广州,0.0535958272799999
株洲,衡阳,0.0487650221099999
衡阳,邵阳,0.03652463016
长沙,邵阳,0.22580627741999995
衡阳,邵阳,0.03609802422
邵阳,广州,0.0282732735599999
长沙,岳阳,0.4552952895
岳阳,益阳,0.0541042902
长沙,常德,0.25613512524
常德,益阳,0.0563412267
常德,张家界,0.04768607376
长沙,张家界,0.07748853903
张家界,湘西土家族苗族自治州,0.0712598488199999
常德,张家界,0.04849716077999995
长沙,益阳,0.3661491632399999
常德,益阳,0.05725150550999995
岳阳,益阳,0.054406679400000005
广州,深圳,0.40151922264
衡阳,广州,0.05097286907999995
长沙,广州,0.03845555271
邵阳,广州,0.028406815019999948
广州,深圳,0.40563656604
长沙,深圳,0.03446276381999995
邵阳,深圳,0.0280826027999999
重庆,深圳,0.02529653976
重庆,恩施土家族苗族自治州,0.1335052497599999
广州,重庆,0.0337110530399999
长沙,重庆,0.03066925518
重庆,恩施土家族苗族自治州,0.14548413482999994
恩施土家族苗族自治州,湘西土家族苗族自治州,0.0440044731
张家界,湘西土家族苗族自治州,0.08049631688999989
长沙,湘西土家族苗族自治州,0.06920261082
恩施土家族苗族自治州,湘西土家族苗族自治州,0.04242211623
