city_name,city_id_name,num
长沙,岳阳,0.2896061185799999
长沙,益阳,0.1837715445
长沙,株洲,0.0926623216799999
长沙,邵阳,0.10497443508
长沙,衡阳,0.10103753052
长沙,常德,0.0770326750799999
长沙,株洲,0.09267840260999995
长沙,衡阳,0.11421392607
衡阳,广州,0.0644648187599999
衡阳,深圳,0.0298076695199999
衡阳,邵阳,0.02814587028
株洲,衡阳,0.0264591457199999
长沙,邵阳,0.11751558489
邵阳,深圳,0.03346865082
衡阳,邵阳,0.028571598179999998
邵阳,广州,0.02875578732
长沙,岳阳,0.31316589764999986
岳阳,益阳,0.04153228344
长沙,常德,0.08201301029999995
常德,益阳,0.0324699191999999
长沙,益阳,0.19158425127
岳阳,益阳,0.040338749249999944
常德,益阳,0.0317286590399999
广州,深圳,0.5389366152599999
衡阳,广州,0.0629498101499999
广州,重庆,0.03048998598
邵阳,广州,0.02889906983999995
长沙,广州,0.0263636774999999
广州,深圳,0.52447334517
深圳,重庆,0.03762981684
邵阳,深圳,0.03396902427
长沙,深圳,0.0319752149399999
衡阳,深圳,0.03073249511999995
重庆,恩施土家族苗族自治州,0.11350194336
深圳,重庆,0.03902494787999995
广州,重庆,0.03043959183
重庆,恩施土家族苗族自治州,0.11500981587
恩施土家族苗族自治州,湘西土家族苗族自治州,0.0358977857399999
恩施土家族苗族自治州,湘西土家族苗族自治州,0.0353740186799999
