city_name,city_id_name,num
长沙,岳阳,0.4386690043199999
长沙,益阳,0.36244016028
长沙,株洲,0.33666075036
长沙,常德,0.2452416911999999
长沙,衡阳,0.2307270419999999
长沙,邵阳,0.2217078669599999
长沙,张家界,0.10145602512
长沙,湘西土家族苗族自治州,0.09340448256
长沙,广州,0.0758912230799999
长沙,深圳,0.0723356179199999
长沙,重庆,0.0421607494799999
长沙,株洲,0.3411219889799999
株洲,衡阳,0.05208903774
长沙,衡阳,0.2387724074999999
衡阳,广州,0.0911549489399999
株洲,衡阳,0.052786254959999945
衡阳,邵阳,0.0440317231199999
衡阳,深圳,0.0413362942199999
长沙,邵阳,0.2332992609899999
邵阳,深圳,0.0398926636199999
衡阳,邵阳,0.041686635419999896
邵阳,广州,0.0334143710999999
长沙,岳阳,0.44872735265999986
岳阳,益阳,0.05967101196
常德,岳阳,0.0251674030799999
长沙,常德,0.2487444794999999
常德,益阳,0.06458801652
常德,张家界,0.0497402612999999
长沙,张家界,0.10302437223
张家界,湘西土家族苗族自治州,0.1091278445399999
常德,张家界,0.049938112709999954
长沙,益阳,0.36372811455
常德,益阳,0.06604473024
岳阳,益阳,0.06072296544
广州,深圳,0.5447559290399999
衡阳,广州,0.0936935553599999
长沙,广州,0.0744319886399999
广州,重庆,0.0475764742799999
邵阳,广州,0.034289811809999904
广州,深圳,0.5404609137599999
长沙,深圳,0.0699336147599999
深圳,重庆,0.05549969502
邵阳,深圳,0.0401351363099999
衡阳,深圳,0.040585140719999954
重庆,恩施土家族苗族自治州,0.15413173452
深圳,重庆,0.05965366175999995
广州,重庆,0.0498308209199999
长沙,重庆,0.04328093411999995
重庆,湘西土家族苗族自治州,0.02957344344
重庆,恩施土家族苗族自治州,0.16643843793000002
恩施土家族苗族自治州,湘西土家族苗族自治州,0.04958588502
张家界,湘西土家族苗族自治州,0.13083855074999995
长沙,湘西土家族苗族自治州,0.09906541461
恩施土家族苗族自治州,湘西土家族苗族自治州,0.04927108823999995
重庆,湘西土家族苗族自治州,0.030343131359999997
