city_name,city_id_name,num
长沙,岳阳,0.5641686207000001
长沙,益阳,0.45677698524
长沙,株洲,0.4519236564
长沙,常德,0.2949106287599999
长沙,衡阳,0.27772175322
长沙,邵阳,0.25425492732
长沙,张家界,0.1065114813599999
长沙,湘西土家族苗族自治州,0.0992879694
长沙,广州,0.10595990376
长沙,深圳,0.09598115088
长沙,重庆,0.0434154054599999
长沙,株洲,0.442795896
株洲,衡阳,0.0593452380599999
长沙,衡阳,0.27400305132
衡阳,广州,0.10059121728
株洲,衡阳,0.059244244829999904
衡阳,邵阳,0.04830667146
衡阳,深圳,0.05156715798
长沙,邵阳,0.24461235278999993
衡阳,邵阳,0.04716121400999995
邵阳,深圳,0.04325223744
邵阳,广州,0.0352679054399999
长沙,岳阳,0.53592903909
岳阳,益阳,0.0654446919599999
长沙,常德,0.2793846378599999
常德,益阳,0.06876554292
常德,张家界,0.05714361108
长沙,张家界,0.10472941898999995
张家界,湘西土家族苗族自治州,0.10940555628
常德,张家界,0.05561709803999999
长沙,益阳,0.43105989186
常德,益阳,0.06765903756
岳阳,益阳,0.06510538862999984
广州,深圳,0.8137613581200001
长沙,广州,0.11391783786000001
衡阳,广州,0.1097452557
广州,重庆,0.0501817777199999
邵阳,广州,0.0374600991599999
株洲,广州,0.0263934482399999
广州,深圳,0.826778502
长沙,深圳,0.10227890817
衡阳,深圳,0.05643331317
深圳,重庆,0.05683066272
邵阳,深圳,0.0471079395
岳阳,深圳,0.02775498858
株洲,深圳,0.02584059246
重庆,恩施土家族苗族自治州,0.19025561232
深圳,重庆,0.05863704048
广州,重庆,0.048985312139999945
长沙,重庆,0.0432453135599999
重庆,湘西土家族苗族自治州,0.0313680697199999
重庆,恩施土家族苗族自治州,0.18968762655
恩施土家族苗族自治州,湘西土家族苗族自治州,0.0496461992399999
张家界,湘西土家族苗族自治州,0.12859750998
长沙,湘西土家族苗族自治州,0.09659012669999995
恩施土家族苗族自治州,湘西土家族苗族自治州,0.0485957458799999
重庆,湘西土家族苗族自治州,0.0331807703399999
