city_name,city_id_name,num
长沙,岳阳,0.3501086166
长沙,益阳,0.3093723882
长沙,株洲,0.2117766627
长沙,常德,0.1587701331
长沙,邵阳,0.1317134763
长沙,衡阳,0.1452306915
长沙,深圳,0.0311630651999999
长沙,广州,0.0311980976999999
长沙,湘西土家族苗族自治州,0.0292856876999999
长沙,株洲,0.21459796154999994
株洲,衡阳,0.0380885085
广州,株洲,0.0260313928199999
长沙,衡阳,0.15447323052
衡阳,广州,0.0803374815599999
深圳,衡阳,0.0402884053199999
株洲,衡阳,0.0380749086
衡阳,邵阳,0.02586308292
长沙,邵阳,0.13223579264999996
邵阳,深圳,0.02852369316
广州,邵阳,0.0303154925399999
衡阳,邵阳,0.025663933889999997
长沙,岳阳,0.3552557049
岳阳,益阳,0.0539756621999999
长沙,常德,0.15917713379999998
常德,益阳,0.0453821340599999
长沙,益阳,0.32098552344
岳阳,益阳,0.052988942879999903
常德,益阳,0.044819616599999945
广州,深圳,0.48349376604
衡阳,广州,0.0644579248499999
长沙,广州,0.0311749252199999
广州,深圳,0.48143338118999995
长沙,深圳,0.0304241507999999
深圳,重庆,0.0347902241399999
邵阳,深圳,0.02744989398
重庆,恩施土家族苗族自治州,0.08838028422
深圳,重庆,0.0374247588599999
广州,重庆,0.0328706164799999
重庆,恩施土家族苗族自治州,0.08713853154
长沙,湘西土家族苗族自治州,0.0287144724599999
