city_name,city_id_name,num
长沙,岳阳,0.4662444904199999
长沙,益阳,0.38674386198
长沙,株洲,0.3548382227999999
长沙,常德,0.26281247526
长沙,衡阳,0.2573706085199999
长沙,邵阳,0.2369915852399999
长沙,张家界,0.1042011588599999
长沙,湘西土家族苗族自治州,0.0944713853999999
长沙,深圳,0.0777920419799999
长沙,广州,0.0811663853399999
长沙,重庆,0.0444735878399999
长沙,株洲,0.3600107604899999
株洲,衡阳,0.0552652615799999
长沙,衡阳,0.2671666124399999
衡阳,广州,0.0932014949399999
株洲,衡阳,0.05466479237999995
衡阳,深圳,0.045028467
衡阳,邵阳,0.042432822
长沙,邵阳,0.24981776432999991
衡阳,邵阳,0.04346681292
邵阳,深圳,0.04159935306
邵阳,广州,0.03201661242
长沙,岳阳,0.47568417533999996
岳阳,益阳,0.06260315688
长沙,常德,0.27048251673
常德,益阳,0.0618498374399999
常德,张家界,0.05261609664
长沙,张家界,0.1104454601999999
张家界,湘西土家族苗族自治州,0.1000729079999999
常德,张家界,0.05292013337999995
长沙,益阳,0.39357467054999995
常德,益阳,0.0629137424699999
岳阳,益阳,0.06144608808
广州,深圳,0.5637870540000001
衡阳,广州,0.09927924650999995
长沙,广州,0.08331567659999989
广州,重庆,0.0457330017599999
邵阳,广州,0.03305766087
广州,深圳,0.56129800176
长沙,深圳,0.07565591807999991
衡阳,深圳,0.04655099403
深圳,重庆,0.0528996241799999
邵阳,深圳,0.0407002806
重庆,恩施土家族苗族自治州,0.1454803172999999
深圳,重庆,0.0567610067699999
长沙,重庆,0.04635802610999995
广州,重庆,0.0455172331499999
重庆,湘西土家族苗族自治州,0.0324107616599999
重庆,恩施土家族苗族自治州,0.1563405129899999
恩施土家族苗族自治州,湘西土家族苗族自治州,0.0493206456599999
张家界,湘西土家族苗族自治州,0.11868677765999991
长沙,湘西土家族苗族自治州,0.09929768696999991
恩施土家族苗族自治州,湘西土家族苗族自治州,0.04943909519999995
重庆,湘西土家族苗族自治州,0.03473346014999995
