city_name,city_id_name,num
长沙,岳阳,0.42686976186
长沙,益阳,0.3412409067
长沙,株洲,0.31845054258
长沙,常德,0.21671094132
长沙,邵阳,0.1985917694399999
长沙,衡阳,0.20069352504
长沙,张家界,0.1005214406399999
长沙,广州,0.08393842728
长沙,深圳,0.07512747246
长沙,湘西土家族苗族自治州,0.082825578
长沙,重庆,0.04027457214
长沙,株洲,0.31743138681
株洲,衡阳,0.04994461458
长沙,衡阳,0.19949211198
衡阳,广州,0.08230751496
株洲,衡阳,0.050167971269999945
衡阳,邵阳,0.03596496552
衡阳,深圳,0.0356725749599999
长沙,邵阳,0.1958406959699999
衡阳,邵阳,0.03459757779
邵阳,广州,0.0307205443799999
邵阳,深圳,0.0317505922199999
长沙,岳阳,0.42828197336999996
岳阳,益阳,0.0591425080199999
长沙,常德,0.21296994660000002
常德,益阳,0.06043559364
常德,张家界,0.0508843879199999
长沙,张家界,0.10114219871999995
张家界,湘西土家族苗族自治州,0.11566361304
常德,张家界,0.05169104585999995
长沙,益阳,0.34103720223
常德,益阳,0.0590480442
岳阳,益阳,0.0583263528299999
广州,深圳,0.57598848252
衡阳,广州,0.08319215564999999
长沙,广州,0.07842781179
广州,重庆,0.0527281860599999
邵阳,广州,0.03045632156999995
广州,深圳,0.56163005397
长沙,深圳,0.06907499613
深圳,重庆,0.0567832194
邵阳,深圳,0.0330306360299999
衡阳,深圳,0.034771212629999895
重庆,恩施土家族苗族自治州,0.1734121304999999
深圳,重庆,0.05872061061
广州,重庆,0.0538961380199999
长沙,重庆,0.0399019365
重庆,湘西土家族苗族自治州,0.02870238888
重庆,恩施土家族苗族自治州,0.1858308107399999
恩施土家族苗族自治州,湘西土家族苗族自治州,0.04870921716
张家界,湘西土家族苗族自治州,0.13810755959999998
长沙,湘西土家族苗族自治州,0.0846261837
恩施土家族苗族自治州,湘西土家族苗族自治州,0.0485320005
重庆,湘西土家族苗族自治州,0.03011193468
