city_name,city_id_name,num
长沙,岳阳,0.4251159693
长沙,益阳,0.36617579928
长沙,株洲,0.2836760097599999
长沙,常德,0.2142016293599999
长沙,衡阳,0.18760402062
长沙,邵阳,0.1539333590399999
长沙,深圳,0.0363200516999999
长沙,广州,0.03497974308
长沙,湘西土家族苗族自治州,0.0354613804199999
长沙,株洲,0.29270258171999997
株洲,衡阳,0.0470384658
长沙,衡阳,0.19699614072
衡阳,广州,0.0772094154599999
株洲,衡阳,0.04905911609999995
深圳,衡阳,0.0364346796599999
衡阳,邵阳,0.0299515789799999
长沙,邵阳,0.15937272935999985
衡阳,邵阳,0.02996727839999995
深圳,邵阳,0.02708975016
长沙,岳阳,0.42828063605999994
岳阳,益阳,0.0601474426199999
长沙,常德,0.21011869799999988
常德,益阳,0.0547633467
长沙,益阳,0.37277151831
岳阳,益阳,0.0594430965899999
常德,益阳,0.05594552144999995
广州,深圳,0.5372728153199999
衡阳,广州,0.06533384021999995
长沙,广州,0.03217554899999995
广州,重庆,0.0274778519399999
广州,深圳,0.5279477105699999
深圳,重庆,0.03310978518
长沙,深圳,0.0327400153199999
重庆,恩施土家族苗族自治州,0.0934966540799999
深圳,重庆,0.034357029659999996
广州,重庆,0.0275809325399999
重庆,恩施土家族苗族自治州,0.09291489182999996
恩施土家族苗族自治州,湘西土家族苗族自治州,0.02736876276
长沙,湘西土家族苗族自治州,0.0336724152299999
恩施土家族苗族自治州,湘西土家族苗族自治州,0.02691718209
